"Customer ID","Order ID","Order Date",Customer_Order_Sequence
AA-10315,CA-2015-121391,10/4/2015,1
AA-10315,CA-2016-103982,3/3/2016,2
AA-10315,CA-2016-103982,3/3/2016,3
AA-10315,CA-2016-103982,3/3/2016,4
AA-10315,CA-2016-103982,3/3/2016,5
AA-10315,CA-2014-128055,3/31/2014,6
AA-10315,CA-2014-128055,3/31/2014,7
AA-10315,CA-2017-147039,6/29/2017,8
AA-10315,CA-2017-147039,6/29/2017,9
AA-10315,CA-2014-138100,9/15/2014,10
AA-10315,CA-2014-138100,9/15/2014,11
AA-10375,CA-2014-130729,10/24/2014,1
AA-10375,CA-2015-114503,11/13/2015,2
AA-10375,CA-2016-131065,11/14/2016,3
AA-10375,CA-2016-131065,11/14/2016,4
AA-10375,CA-2016-131065,11/14/2016,5
AA-10375,CA-2017-100230,12/11/2017,6
AA-10375,CA-2017-100230,12/11/2017,7
AA-10375,CA-2017-100230,12/11/2017,8
AA-10375,CA-2015-140921,2/3/2015,9
AA-10375,CA-2015-140921,2/3/2015,10
AA-10375,CA-2014-158064,4/21/2014,11
AA-10375,CA-2015-109939,5/8/2015,12
AA-10375,CA-2016-126613,7/10/2016,13
AA-10375,US-2017-169488,9/7/2017,14
AA-10375,US-2017-169488,9/7/2017,15
AA-10480,CA-2017-114412,4/15/2017,1
AA-10480,CA-2014-155271,5/4/2014,2
AA-10480,CA-2016-121671,7/17/2016,3
AA-10480,CA-2016-121671,7/17/2016,4
AA-10480,CA-2016-121671,7/17/2016,5
AA-10480,CA-2016-121671,7/17/2016,6
AA-10480,CA-2016-114601,8/26/2016,7
AA-10480,CA-2016-114601,8/26/2016,8
AA-10480,CA-2016-114601,8/26/2016,9
AA-10480,CA-2016-114601,8/26/2016,10
AA-10480,CA-2016-114601,8/26/2016,11
AA-10645,CA-2015-110863,11/17/2015,1
AA-10645,CA-2015-110863,11/17/2015,2
AA-10645,CA-2017-157196,11/5/2017,3
AA-10645,CA-2014-143210,12/1/2014,4
AA-10645,CA-2014-143210,12/1/2014,5
AA-10645,CA-2014-154963,6/22/2014,6
AA-10645,CA-2014-154963,6/22/2014,7
AA-10645,CA-2014-154963,6/22/2014,8
AA-10645,CA-2016-147137,7/4/2016,9
AA-10645,CA-2016-147137,7/4/2016,10
AA-10645,CA-2016-147137,7/4/2016,11
AA-10645,CA-2016-131205,9/4/2016,12
AA-10645,CA-2016-131205,9/4/2016,13
AA-10645,CA-2016-131205,9/4/2016,14
AA-10645,CA-2016-131205,9/4/2016,15
AB-10015,CA-2016-140935,11/10/2016,1
AB-10015,CA-2016-140935,11/10/2016,2
AB-10015,CA-2014-152905,2/18/2014,3
AB-10015,CA-2014-156587,3/7/2014,4
AB-10015,CA-2014-156587,3/7/2014,5
AB-10015,CA-2014-156587,3/7/2014,6
AB-10060,CA-2017-118213,11/5/2017,1
AB-10060,CA-2017-118213,11/5/2017,2
AB-10060,CA-2017-107174,11/6/2017,3
AB-10060,CA-2017-107174,11/6/2017,4
AB-10060,CA-2017-107174,11/6/2017,5
AB-10060,US-2016-108637,3/13/2016,6
AB-10060,US-2016-108637,3/13/2016,7
AB-10060,US-2016-108637,3/13/2016,8
AB-10060,CA-2017-159688,5/7/2017,9
AB-10060,CA-2016-161207,8/29/2016,10
AB-10060,CA-2016-129714,9/1/2016,11
AB-10060,CA-2016-129714,9/1/2016,12
AB-10060,CA-2016-129714,9/1/2016,13
AB-10060,CA-2016-129714,9/1/2016,14
AB-10060,CA-2016-129714,9/1/2016,15
AB-10060,CA-2017-134173,9/16/2017,16
AB-10105,CA-2017-101042,11/19/2017,1
AB-10105,CA-2017-101042,11/19/2017,2
AB-10105,CA-2015-163181,11/7/2015,3
AB-10105,CA-2015-163181,11/7/2015,4
AB-10105,CA-2015-163181,11/7/2015,5
AB-10105,CA-2015-163181,11/7/2015,6
AB-10105,CA-2015-163181,11/7/2015,7
AB-10105,CA-2015-163181,11/7/2015,8
AB-10105,CA-2016-117121,12/17/2016,9
AB-10105,CA-2014-103100,12/20/2014,10
AB-10105,CA-2014-103100,12/20/2014,11
AB-10105,CA-2017-121643,5/18/2017,12
AB-10105,CA-2017-126788,6/5/2017,13
AB-10105,CA-2017-140781,8/3/2017,14
AB-10105,CA-2017-153822,9/19/2017,15
AB-10105,CA-2017-153822,9/19/2017,16
AB-10105,CA-2017-153822,9/19/2017,17
AB-10105,CA-2017-153822,9/19/2017,18
AB-10105,US-2016-122245,9/25/2016,19
AB-10150,CA-2016-147970,1/31/2016,1
AB-10150,CA-2017-158876,11/19/2017,2
AB-10150,CA-2017-158876,11/19/2017,3
AB-10150,CA-2017-158876,11/19/2017,4
AB-10150,CA-2017-158876,11/19/2017,5
AB-10150,CA-2014-169061,3/5/2014,6
AB-10150,CA-2014-169061,3/5/2014,7
AB-10150,CA-2014-169061,3/5/2014,8
AB-10150,CA-2014-169061,3/5/2014,9
AB-10150,CA-2014-169061,3/5/2014,10
AB-10150,CA-2015-168186,9/10/2015,11
AB-10150,CA-2017-120761,9/4/2017,12
AB-10165,US-2014-139500,11/16/2014,1
AB-10165,CA-2017-131212,12/5/2017,2
AB-10165,CA-2017-131212,12/5/2017,3
AB-10165,CA-2015-131534,3/28/2015,4
AB-10165,CA-2015-131534,3/28/2015,5
AB-10165,CA-2017-126634,3/30/2017,6
AB-10165,CA-2017-144932,4/14/2017,7
AB-10165,CA-2017-144932,4/14/2017,8
AB-10165,CA-2017-144932,4/14/2017,9
AB-10165,CA-2015-144043,5/10/2015,10
AB-10165,CA-2015-115945,6/25/2015,11
AB-10165,CA-2015-115945,6/25/2015,12
AB-10165,CA-2015-115945,6/25/2015,13
AB-10165,CA-2017-145737,9/15/2017,14
AB-10255,CA-2016-151323,10/23/2016,1
AB-10255,CA-2016-151155,12/20/2016,2
AB-10255,CA-2016-151155,12/20/2016,3
AB-10255,CA-2015-110093,12/3/2015,4
AB-10255,CA-2015-142055,5/8/2015,5
AB-10255,CA-2017-155873,6/16/2017,6
AB-10255,CA-2017-155873,6/16/2017,7
AB-10255,CA-2017-155873,6/16/2017,8
AB-10255,CA-2017-127705,6/2/2017,9
AB-10255,CA-2017-127705,6/2/2017,10
AB-10255,US-2016-158708,6/26/2016,11
AB-10255,CA-2017-126662,7/17/2017,12
AB-10255,CA-2014-122679,7/22/2014,13
AB-10600,US-2017-155425,11/10/2017,1
AB-10600,US-2017-155425,11/10/2017,2
AB-10600,US-2017-155425,11/10/2017,3
AB-10600,US-2017-155425,11/10/2017,4
AB-10600,US-2017-155425,11/10/2017,5
AB-10600,CA-2014-115336,11/18/2014,6
AB-10600,CA-2015-158323,11/30/2015,7
AB-10600,CA-2015-111234,2/18/2015,8
AC-10420,CA-2016-144400,2/23/2016,1
AC-10420,US-2017-158218,5/12/2017,2
AC-10420,CA-2014-129924,7/12/2014,3
AC-10420,CA-2014-129924,7/12/2014,4
AC-10450,CA-2017-141789,10/3/2017,1
AC-10450,US-2014-167262,10/31/2014,2
AC-10450,CA-2016-163573,11/24/2016,3
AC-10450,CA-2015-164441,11/8/2015,4
AC-10450,CA-2015-164441,11/8/2015,5
AC-10450,CA-2017-158729,12/19/2017,6
AC-10450,US-2015-106495,6/15/2015,7
AC-10450,CA-2016-116232,9/22/2016,8
AC-10450,CA-2016-116232,9/22/2016,9
AC-10615,CA-2017-136007,2/23/2017,1
AC-10615,CA-2017-136007,2/23/2017,2
AC-10615,CA-2017-101637,3/24/2017,3
AC-10615,CA-2015-100734,9/15/2015,4
AC-10615,CA-2015-100734,9/15/2015,5
AC-10615,CA-2017-157987,9/2/2017,6
AC-10615,CA-2017-157987,9/2/2017,7
AC-10615,CA-2017-157987,9/2/2017,8
AC-10615,CA-2017-157987,9/2/2017,9
AC-10615,CA-2017-157987,9/2/2017,10
AC-10615,CA-2017-157987,9/2/2017,11
AC-10615,CA-2017-157987,9/2/2017,12
AC-10615,CA-2017-157987,9/2/2017,13
AC-10615,CA-2017-157987,9/2/2017,14
AC-10615,CA-2017-157987,9/2/2017,15
AC-10615,CA-2017-157987,9/2/2017,16
AC-10615,CA-2017-157987,9/2/2017,17
AC-10660,US-2014-122021,10/15/2014,1
AC-10660,US-2014-122021,10/15/2014,2
AC-10660,CA-2016-134544,3/17/2016,3
AC-10660,CA-2017-135650,3/23/2017,4
AC-10660,CA-2016-161928,6/27/2016,5
AC-10660,CA-2016-158617,9/22/2016,6
AD-10180,CA-2017-127432,1/22/2017,1
AD-10180,CA-2017-127432,1/22/2017,2
AD-10180,CA-2017-127432,1/22/2017,3
AD-10180,CA-2017-127432,1/22/2017,4
AD-10180,CA-2017-160416,11/13/2017,5
AD-10180,CA-2017-143245,12/1/2017,6
AD-10180,CA-2017-143245,12/1/2017,7
AD-10180,US-2014-152030,12/26/2014,8
AD-10180,US-2017-136784,4/30/2017,9
AD-10180,CA-2015-120439,6/14/2015,10
AD-10180,CA-2015-124268,7/4/2015,11
AF-10870,CA-2017-167871,11/18/2017,1
AF-10870,CA-2017-167871,11/18/2017,2
AF-10870,US-2017-139969,11/19/2017,3
AF-10870,CA-2015-168634,12/6/2015,4
AF-10870,CA-2016-126270,4/23/2016,5
AF-10870,CA-2016-126270,4/23/2016,6
AF-10870,CA-2017-125269,4/24/2017,7
AF-10870,CA-2017-125269,4/24/2017,8
AF-10870,CA-2016-146934,5/22/2016,9
AF-10870,CA-2016-146934,5/22/2016,10
AF-10870,CA-2016-146934,5/22/2016,11
AF-10870,CA-2016-146934,5/22/2016,12
AF-10870,CA-2016-146934,5/22/2016,13
AF-10870,CA-2016-146934,5/22/2016,14
AF-10870,CA-2016-139234,5/6/2016,15
AF-10870,CA-2016-139234,5/6/2016,16
AF-10885,CA-2015-114300,10/13/2015,1
AF-10885,CA-2015-114300,10/13/2015,2
AF-10885,CA-2016-115588,11/10/2016,3
AF-10885,CA-2016-115588,11/10/2016,4
AF-10885,CA-2014-114181,5/10/2014,5
AF-10885,CA-2014-114181,5/10/2014,6
AF-10885,CA-2014-103702,9/12/2014,7
AG-10270,CA-2017-139416,3/27/2017,1
AG-10270,CA-2014-167164,5/13/2014,2
AG-10270,CA-2014-103058,7/23/2014,3
AG-10270,CA-2016-105732,9/13/2016,4
AG-10270,CA-2016-105732,9/13/2016,5
AG-10270,CA-2016-105732,9/13/2016,6
AG-10270,CA-2016-105732,9/13/2016,7
AG-10270,CA-2016-105732,9/13/2016,8
AG-10270,CA-2016-105732,9/13/2016,9
AG-10270,CA-2016-105732,9/13/2016,10
AG-10270,CA-2016-105732,9/13/2016,11
AG-10270,CA-2016-105732,9/13/2016,12
AG-10270,CA-2015-153738,9/20/2015,13
AG-10300,CA-2015-166800,11/19/2015,1
AG-10300,CA-2016-143749,12/5/2016,2
AG-10300,CA-2014-147298,4/26/2014,3
AG-10300,CA-2017-161823,9/3/2017,4
AG-10330,CA-2017-107748,12/10/2017,1
AG-10330,CA-2017-107748,12/10/2017,2
AG-10330,CA-2017-108287,12/18/2017,3
AG-10330,CA-2017-142909,12/22/2017,4
AG-10330,CA-2017-104927,12/22/2017,5
AG-10330,CA-2017-104927,12/22/2017,6
AG-10330,CA-2017-104927,12/22/2017,7
AG-10330,CA-2016-104150,8/3/2016,8
AG-10330,CA-2016-104150,8/3/2016,9
AG-10390,CA-2016-109820,11/20/2016,1
AG-10390,CA-2016-109820,11/20/2016,2
AG-10390,CA-2016-109820,11/20/2016,3
AG-10390,CA-2016-136483,12/1/2016,4
AG-10390,CA-2014-158470,4/19/2014,5
AG-10390,CA-2014-158470,4/19/2014,6
AG-10390,CA-2014-125171,9/3/2014,7
AG-10390,CA-2017-107244,9/7/2017,8
AG-10495,CA-2015-104241,1/4/2015,1
AG-10495,CA-2017-132976,10/13/2017,2
AG-10495,CA-2017-132976,10/13/2017,3
AG-10495,CA-2017-132976,10/13/2017,4
AG-10495,CA-2016-168921,10/20/2016,5
AG-10495,CA-2015-142692,10/23/2015,6
AG-10495,CA-2015-118738,10/24/2015,7
AG-10495,CA-2015-118738,10/24/2015,8
AG-10495,CA-2015-118738,10/24/2015,9
AG-10495,CA-2015-156146,10/26/2015,10
AG-10495,CA-2015-156146,10/26/2015,11
AG-10495,CA-2015-111948,11/11/2015,12
AG-10495,CA-2015-111948,11/11/2015,13
AG-10495,CA-2015-162201,6/8/2015,14
AG-10495,CA-2015-162201,6/8/2015,15
AG-10495,CA-2015-162201,6/8/2015,16
AG-10495,CA-2015-162201,6/8/2015,17
AG-10495,CA-2015-162201,6/8/2015,18
AG-10495,CA-2015-162201,6/8/2015,19
AG-10495,CA-2015-162201,6/8/2015,20
AG-10525,CA-2014-167850,8/9/2014,1
AG-10525,CA-2014-167850,8/9/2014,2
AG-10525,CA-2014-158281,9/2/2014,3
AG-10525,CA-2015-169572,9/6/2015,4
AG-10525,CA-2015-164084,9/7/2015,5
AG-10525,CA-2015-164084,9/7/2015,6
AG-10525,CA-2015-164084,9/7/2015,7
AG-10525,CA-2015-164084,9/7/2015,8
AG-10675,CA-2016-133368,1/14/2016,1
AG-10675,CA-2016-133368,1/14/2016,2
AG-10675,CA-2015-137512,5/7/2015,3
AG-10675,CA-2015-137512,5/7/2015,4
AG-10675,US-2017-146822,6/9/2017,5
AG-10675,CA-2017-101483,7/29/2017,6
AG-10675,CA-2017-101483,7/29/2017,7
AG-10675,CA-2017-101483,7/29/2017,8
AG-10675,CA-2017-163335,9/24/2017,9
AG-10675,CA-2017-163335,9/24/2017,10
AG-10675,US-2017-104094,9/7/2017,11
AG-10675,CA-2016-108987,9/8/2016,12
AG-10675,CA-2016-108987,9/8/2016,13
AG-10675,CA-2016-108987,9/8/2016,14
AG-10675,CA-2016-108987,9/8/2016,15
AG-10765,CA-2017-126123,10/14/2017,1
AG-10765,CA-2015-113222,11/9/2015,2
AG-10765,CA-2015-110947,6/9/2015,3
AG-10900,CA-2015-115399,12/19/2015,1
AG-10900,CA-2015-148376,12/27/2015,2
AG-10900,CA-2015-148376,12/27/2015,3
AG-10900,CA-2016-160108,12/8/2016,4
AG-10900,CA-2016-160108,12/8/2016,5
AG-10900,CA-2017-110198,5/1/2017,6
AG-10900,CA-2017-110198,5/1/2017,7
AG-10900,CA-2016-158435,5/17/2016,8
AG-10900,CA-2016-158435,5/17/2016,9
AG-10900,CA-2016-158435,5/17/2016,10
AG-10900,US-2014-119137,7/23/2014,11
AG-10900,US-2014-119137,7/23/2014,12
AG-10900,US-2014-119137,7/23/2014,13
AG-10900,US-2014-119137,7/23/2014,14
AG-10900,CA-2015-136728,9/13/2015,15
AG-10900,CA-2015-136728,9/13/2015,16
AG-10900,CA-2017-116939,9/25/2017,17
AG-10900,CA-2017-161557,9/3/2017,18
AG-10900,CA-2015-130785,9/5/2015,19
AG-10900,CA-2015-130785,9/5/2015,20
AG-10900,CA-2015-130785,9/5/2015,21
AH-10030,US-2014-158400,10/25/2014,1
AH-10030,CA-2017-164000,12/18/2017,2
AH-10030,CA-2015-130113,12/27/2015,3
AH-10030,CA-2015-130113,12/27/2015,4
AH-10030,CA-2014-157644,12/31/2014,5
AH-10030,CA-2014-157644,12/31/2014,6
AH-10030,CA-2016-162747,3/20/2016,7
AH-10030,CA-2014-122070,4/22/2014,8
AH-10030,CA-2014-122070,4/22/2014,9
AH-10030,CA-2014-113768,5/13/2014,10
AH-10030,CA-2014-113768,5/13/2014,11
AH-10075,CA-2017-125451,10/23/2017,1
AH-10075,CA-2017-125451,10/23/2017,2
AH-10075,CA-2017-125451,10/23/2017,3
AH-10075,CA-2017-125451,10/23/2017,4
AH-10075,CA-2017-125451,10/23/2017,5
AH-10075,CA-2017-125451,10/23/2017,6
AH-10075,CA-2014-160066,11/16/2014,7
AH-10075,CA-2017-165029,11/26/2017,8
AH-10075,CA-2016-147109,12/17/2016,9
AH-10075,CA-2016-147109,12/17/2016,10
AH-10075,CA-2015-161795,12/21/2015,11
AH-10075,CA-2017-118857,4/15/2017,12
AH-10075,CA-2017-145702,5/19/2017,13
AH-10075,CA-2017-145702,5/19/2017,14
AH-10075,CA-2016-144015,6/26/2016,15
AH-10075,CA-2016-144015,6/26/2016,16
AH-10075,CA-2016-144015,6/26/2016,17
AH-10075,CA-2016-149797,9/15/2016,18
AH-10075,CA-2017-112004,9/25/2017,19
AH-10075,CA-2017-112004,9/25/2017,20
AH-10120,CA-2017-131632,10/31/2017,1
AH-10120,CA-2016-145261,12/18/2016,2
AH-10120,CA-2016-145261,12/18/2016,3
AH-10120,CA-2016-145261,12/18/2016,4
AH-10120,CA-2016-145261,12/18/2016,5
AH-10120,CA-2016-145261,12/18/2016,6
AH-10120,CA-2016-145261,12/18/2016,7
AH-10120,CA-2016-145261,12/18/2016,8
AH-10120,CA-2017-150987,4/8/2017,9
AH-10120,CA-2017-150987,4/8/2017,10
AH-10120,CA-2016-135594,6/30/2016,11
AH-10120,CA-2014-123295,7/18/2014,12
AH-10120,CA-2017-107958,7/2/2017,13
AH-10120,CA-2017-107958,7/2/2017,14
AH-10120,CA-2017-151211,8/17/2017,15
AH-10120,CA-2017-151211,8/17/2017,16
AH-10195,CA-2017-154732,11/5/2017,1
AH-10195,CA-2016-112697,12/18/2016,2
AH-10195,CA-2016-112697,12/18/2016,3
AH-10195,CA-2016-112697,12/18/2016,4
AH-10195,CA-2015-125185,3/5/2015,5
AH-10195,CA-2015-125185,3/5/2015,6
AH-10195,CA-2017-123043,8/24/2017,7
AH-10195,CA-2017-123043,8/24/2017,8
AH-10210,US-2017-148831,10/13/2017,1
AH-10210,CA-2015-155040,11/10/2015,2
AH-10210,CA-2017-166919,11/23/2017,3
AH-10210,CA-2014-153983,11/29/2014,4
AH-10210,CA-2014-153983,11/29/2014,5
AH-10210,CA-2017-147956,12/24/2017,6
AH-10210,CA-2015-165050,12/7/2015,7
AH-10210,CA-2015-165050,12/7/2015,8
AH-10210,CA-2015-165050,12/7/2015,9
AH-10210,CA-2016-166485,2/20/2016,10
AH-10210,CA-2017-104080,3/8/2017,11
AH-10210,CA-2017-104080,3/8/2017,12
AH-10210,CA-2017-146983,9/2/2017,13
AH-10465,CA-2015-141243,1/3/2015,1
AH-10465,CA-2015-141243,1/3/2015,2
AH-10465,CA-2015-141243,1/3/2015,3
AH-10465,CA-2017-145275,4/2/2017,4
AH-10465,CA-2017-115546,5/14/2017,5
AH-10465,CA-2017-115546,5/14/2017,6
AH-10465,CA-2016-126165,5/5/2016,7
AH-10585,CA-2014-162278,10/26/2014,1
AH-10585,CA-2014-162278,10/26/2014,2
AH-10585,CA-2017-109715,12/9/2017,3
AH-10585,US-2017-152492,7/6/2017,4
AH-10585,CA-2016-160479,9/15/2016,5
AH-10690,CA-2016-145709,10/4/2016,1
AH-10690,CA-2016-145709,10/4/2016,2
AH-10690,CA-2015-113628,11/12/2015,3
AH-10690,CA-2015-113628,11/12/2015,4
AH-10690,CA-2015-113628,11/12/2015,5
AH-10690,CA-2015-113628,11/12/2015,6
AH-10690,CA-2015-113628,11/12/2015,7
AH-10690,CA-2015-113628,11/12/2015,8
AH-10690,CA-2016-148740,11/15/2016,9
AH-10690,CA-2015-139780,12/31/2015,10
AH-10690,CA-2014-160276,4/2/2014,11
AH-10690,CA-2015-166604,5/15/2015,12
AH-10690,CA-2016-138282,5/19/2016,13
AH-10690,CA-2016-113831,5/30/2016,14
AH-10690,CA-2016-113831,5/30/2016,15
AH-10690,CA-2016-113831,5/30/2016,16
AH-10690,CA-2015-110548,5/4/2015,17
AH-10690,CA-2016-144148,7/31/2016,18
AH-10690,CA-2015-112214,8/5/2015,19
AH-10690,CA-2015-112214,8/5/2015,20
AH-10690,CA-2015-112214,8/5/2015,21
AH-10690,CA-2015-112214,8/5/2015,22
AH-10690,CA-2016-158869,8/6/2016,23
AI-10855,CA-2016-158694,11/10/2016,1
AI-10855,CA-2016-158694,11/10/2016,2
AI-10855,CA-2016-158694,11/10/2016,3
AI-10855,CA-2016-158694,11/10/2016,4
AI-10855,CA-2016-158694,11/10/2016,5
AI-10855,CA-2016-158694,11/10/2016,6
AI-10855,CA-2016-158694,11/10/2016,7
AI-10855,US-2017-160759,12/11/2017,8
AI-10855,CA-2017-116855,12/17/2017,9
AI-10855,CA-2015-158918,12/20/2015,10
AI-10855,CA-2014-102330,12/29/2014,11
AI-10855,CA-2014-102330,12/29/2014,12
AI-10855,CA-2015-167479,3/14/2015,13
AI-10855,CA-2014-131387,4/28/2014,14
AI-10855,CA-2014-159709,5/10/2014,15
AI-10855,CA-2014-159709,5/10/2014,16
AI-10855,CA-2017-107552,5/5/2017,17
AI-10855,CA-2017-155929,9/9/2017,18
AJ-10780,CA-2014-149020,1/10/2014,1
AJ-10780,CA-2014-149020,1/10/2014,2
AJ-10780,CA-2017-111577,10/16/2017,3
AJ-10780,CA-2014-108609,10/31/2014,4
AJ-10780,CA-2016-123617,11/28/2016,5
AJ-10780,CA-2014-141313,12/28/2014,6
AJ-10780,CA-2014-141313,12/28/2014,7
AJ-10780,CA-2014-141313,12/28/2014,8
AJ-10780,US-2017-133361,5/14/2017,9
AJ-10780,US-2017-133361,5/14/2017,10
AJ-10780,US-2017-133361,5/14/2017,11
AJ-10780,US-2017-133361,5/14/2017,12
AJ-10780,US-2017-133361,5/14/2017,13
AJ-10780,US-2017-133361,5/14/2017,14
AJ-10780,CA-2015-165554,5/18/2015,15
AJ-10795,CA-2016-134474,1/5/2016,1
AJ-10795,CA-2016-134474,1/5/2016,2
AJ-10795,CA-2016-134474,1/5/2016,3
AJ-10795,CA-2016-123015,12/26/2016,4
AJ-10795,CA-2014-110786,12/29/2014,5
AJ-10795,CA-2014-110786,12/29/2014,6
AJ-10795,CA-2014-110786,12/29/2014,7
AJ-10795,CA-2014-110786,12/29/2014,8
AJ-10795,CA-2014-110786,12/29/2014,9
AJ-10795,CA-2014-110786,12/29/2014,10
AJ-10795,CA-2014-110786,12/29/2014,11
AJ-10795,CA-2014-106810,5/14/2014,12
AJ-10795,CA-2017-142342,7/17/2017,13
AJ-10795,CA-2017-142342,7/17/2017,14
AJ-10795,CA-2017-142342,7/17/2017,15
AJ-10795,CA-2017-142342,7/17/2017,16
AJ-10795,CA-2016-123946,9/12/2016,17
AJ-10795,CA-2016-123946,9/12/2016,18
AJ-10795,CA-2016-123946,9/12/2016,19
AJ-10795,CA-2016-123946,9/12/2016,20
AJ-10945,CA-2017-137421,10/6/2017,1
AJ-10945,CA-2016-115378,11/18/2016,2
AJ-10945,CA-2015-164497,11/28/2015,3
AJ-10945,CA-2015-126347,12/14/2015,4
AJ-10945,CA-2014-155852,3/3/2014,5
AJ-10945,US-2015-132836,6/1/2015,6
AJ-10945,US-2015-132836,6/1/2015,7
AJ-10945,US-2015-132836,6/1/2015,8
AJ-10945,US-2015-132836,6/1/2015,9
AJ-10945,CA-2017-133004,8/31/2017,10
AJ-10960,CA-2017-123246,10/17/2017,1
AJ-10960,CA-2014-131800,12/30/2014,2
AJ-10960,CA-2014-131800,12/30/2014,3
AJ-10960,CA-2014-113362,9/14/2014,4
AJ-10960,CA-2014-113362,9/14/2014,5
AM-10360,CA-2014-132542,10/6/2014,1
AM-10360,CA-2017-109701,12/2/2017,2
AM-10360,CA-2017-109701,12/2/2017,3
AM-10360,CA-2017-109701,12/2/2017,4
AM-10360,CA-2017-109701,12/2/2017,5
AM-10360,CA-2017-109701,12/2/2017,6
AM-10360,US-2015-107944,3/23/2015,7
AM-10360,US-2015-107944,3/23/2015,8
AM-10360,CA-2017-161340,5/28/2017,9
AM-10360,CA-2017-161340,5/28/2017,10
AM-10360,CA-2016-157000,7/16/2016,11
AM-10360,CA-2016-157000,7/16/2016,12
AM-10705,CA-2014-145387,10/31/2014,1
AM-10705,CA-2014-145387,10/31/2014,2
AM-10705,CA-2014-145387,10/31/2014,3
AM-10705,CA-2014-145387,10/31/2014,4
AM-10705,CA-2014-145387,10/31/2014,5
AM-10705,CA-2014-145387,10/31/2014,6
AM-10705,CA-2017-157903,4/4/2017,7
AM-10705,US-2017-124821,6/25/2017,8
AM-10705,CA-2017-104731,7/21/2017,9
AM-10705,CA-2017-104731,7/21/2017,10
AM-10705,CA-2017-104731,7/21/2017,11
AM-10705,CA-2017-104731,7/21/2017,12
AM-10705,CA-2017-104731,7/21/2017,13
AM-10705,CA-2017-104731,7/21/2017,14
AM-10705,CA-2017-104731,7/21/2017,15
AM-10705,CA-2015-138457,9/13/2015,16
AM-10705,CA-2016-145905,9/18/2016,17
AM-10705,CA-2016-145905,9/18/2016,18
AM-10705,CA-2016-145905,9/18/2016,19
AM-10705,CA-2015-151470,9/20/2015,20
AM-10705,CA-2015-100573,9/25/2015,21
AO-10810,CA-2016-148096,8/16/2016,1
AP-10720,CA-2016-136322,10/21/2016,1
AP-10720,CA-2016-136322,10/21/2016,2
AP-10720,CA-2017-143021,11/19/2017,3
AP-10720,CA-2017-143021,11/19/2017,4
AP-10720,US-2015-165449,11/22/2015,5
AP-10720,US-2016-103674,12/6/2016,6
AP-10720,US-2016-103674,12/6/2016,7
AP-10720,US-2016-103674,12/6/2016,8
AP-10720,US-2016-103674,12/6/2016,9
AP-10720,US-2016-103674,12/6/2016,10
AP-10720,US-2016-103674,12/6/2016,11
AP-10720,US-2016-103674,12/6/2016,12
AP-10720,CA-2014-127964,3/3/2014,13
AP-10720,CA-2014-127964,3/3/2014,14
AP-10720,CA-2014-127964,3/3/2014,15
AP-10720,CA-2016-154403,5/23/2016,16
AP-10720,CA-2016-120250,9/19/2016,17
AP-10720,US-2016-114174,9/8/2016,18
AP-10720,US-2016-114174,9/8/2016,19
AP-10915,CA-2014-113047,10/24/2014,1
AP-10915,CA-2014-105270,11/11/2014,2
AP-10915,CA-2014-105270,11/11/2014,3
AP-10915,CA-2016-168893,11/3/2016,4
AP-10915,CA-2016-168893,11/3/2016,5
AP-10915,CA-2016-168893,11/3/2016,6
AP-10915,CA-2016-168893,11/3/2016,7
AP-10915,CA-2016-168893,11/3/2016,8
AP-10915,CA-2016-128412,12/10/2016,9
AP-10915,CA-2016-128412,12/10/2016,10
AP-10915,CA-2016-128412,12/10/2016,11
AP-10915,CA-2016-128412,12/10/2016,12
AP-10915,CA-2016-128412,12/10/2016,13
AP-10915,US-2016-164588,4/16/2016,14
AP-10915,CA-2017-168228,4/27/2017,15
AP-10915,CA-2017-168228,4/27/2017,16
AP-10915,CA-2017-168228,4/27/2017,17
AP-10915,CA-2014-124737,8/23/2014,18
AP-10915,CA-2014-124737,8/23/2014,19
AP-10915,CA-2014-124737,8/23/2014,20
AP-10915,CA-2014-124737,8/23/2014,21
AP-10915,CA-2014-124737,8/23/2014,22
AP-10915,CA-2014-124737,8/23/2014,23
AP-10915,US-2017-132059,9/23/2017,24
AP-10915,US-2017-132059,9/23/2017,25
AP-10915,CA-2014-146969,9/29/2014,26
AP-10915,CA-2014-146969,9/29/2014,27
AP-10915,CA-2014-146969,9/29/2014,28
AP-10915,CA-2014-146969,9/29/2014,29
AP-10915,CA-2014-146969,9/29/2014,30
AP-10915,CA-2017-146136,9/3/2017,31
AR-10345,US-2014-115189,12/30/2014,1
AR-10345,US-2014-115189,12/30/2014,2
AR-10345,CA-2015-139374,9/10/2015,3
AR-10345,CA-2017-126438,9/10/2017,4
AR-10345,CA-2017-126396,9/8/2017,5
AR-10405,CA-2014-157882,10/3/2014,1
AR-10405,CA-2014-157882,10/3/2014,2
AR-10405,CA-2017-149468,5/20/2017,3
AR-10405,CA-2017-140844,6/19/2017,4
AR-10405,CA-2017-140844,6/19/2017,5
AR-10405,CA-2015-164427,7/31/2015,6
AR-10405,US-2017-134481,8/27/2017,7
AR-10510,CA-2017-111808,12/16/2017,1
AR-10510,CA-2016-147536,12/26/2016,2
AR-10510,CA-2014-115056,5/2/2014,3
AR-10510,US-2014-105767,5/23/2014,4
AR-10510,US-2014-105767,5/23/2014,5
AR-10510,US-2014-105767,5/23/2014,6
AR-10510,CA-2015-112319,8/31/2015,7
AR-10540,CA-2017-138289,1/16/2017,1
AR-10540,CA-2017-138289,1/16/2017,2
AR-10540,CA-2017-138289,1/16/2017,3
AR-10540,CA-2015-123505,11/22/2015,4
AR-10540,CA-2014-122588,11/25/2014,5
AR-10540,CA-2017-154935,12/24/2017,6
AR-10540,US-2015-136987,4/11/2015,7
AR-10540,US-2015-136987,4/11/2015,8
AR-10540,CA-2016-138037,9/29/2016,9
AR-10570,CA-2016-157588,7/14/2016,1
AR-10570,CA-2016-157588,7/14/2016,2
AR-10825,CA-2017-141425,11/2/2017,1
AR-10825,CA-2016-160745,12/11/2016,2
AR-10825,CA-2016-160745,12/11/2016,3
AR-10825,CA-2016-160745,12/11/2016,4
AR-10825,CA-2015-160213,3/8/2015,5
AR-10825,CA-2016-132304,6/14/2016,6
AR-10825,CA-2014-109218,6/30/2014,7
AR-10825,US-2017-108343,7/20/2017,8
AR-10825,US-2017-108343,7/20/2017,9
AR-10825,US-2017-108343,7/20/2017,10
AR-10825,CA-2017-118724,7/21/2017,11
AR-10825,CA-2017-118724,7/21/2017,12
AR-10825,US-2016-148110,9/5/2016,13
AS-10045,CA-2017-113481,1/2/2017,1
AS-10045,CA-2017-113481,1/2/2017,2
AS-10045,CA-2017-101749,10/3/2017,3
AS-10045,CA-2016-162901,3/28/2016,4
AS-10045,US-2014-150126,7/27/2014,5
AS-10045,CA-2017-162691,8/1/2017,6
AS-10045,CA-2017-162691,8/1/2017,7
AS-10045,CA-2016-148747,9/25/2016,8
AS-10045,US-2017-147655,9/4/2017,9
AS-10090,CA-2015-127509,11/9/2015,1
AS-10090,CA-2015-127509,11/9/2015,2
AS-10090,CA-2015-127509,11/9/2015,3
AS-10090,CA-2015-127509,11/9/2015,4
AS-10090,US-2017-108063,12/2/2017,5
AS-10090,CA-2014-132913,12/24/2014,6
AS-10090,CA-2017-145877,4/1/2017,7
AS-10090,CA-2017-145877,4/1/2017,8
AS-10090,CA-2016-104311,5/2/2016,9
AS-10090,CA-2016-104311,5/2/2016,10
AS-10090,CA-2016-104311,5/2/2016,11
AS-10090,CA-2016-119865,6/21/2016,12
AS-10090,CA-2016-119865,6/21/2016,13
AS-10090,CA-2016-119865,6/21/2016,14
AS-10090,CA-2016-150007,9/11/2016,15
AS-10090,CA-2016-150007,9/11/2016,16
AS-10090,CA-2017-136448,9/16/2017,17
AS-10090,CA-2017-136448,9/16/2017,18
AS-10090,CA-2017-136448,9/16/2017,19
AS-10090,CA-2017-136448,9/16/2017,20
AS-10090,CA-2017-136448,9/16/2017,21
AS-10090,CA-2014-156160,9/22/2014,22
AS-10090,CA-2014-156160,9/22/2014,23
AS-10090,CA-2014-156160,9/22/2014,24
AS-10090,CA-2014-156160,9/22/2014,25
AS-10135,CA-2016-149461,11/13/2016,1
AS-10135,CA-2017-162929,11/19/2017,2
AS-10135,CA-2017-162929,11/19/2017,3
AS-10225,CA-2014-110408,10/18/2014,1
AS-10225,CA-2014-110408,10/18/2014,2
AS-10225,CA-2014-110408,10/18/2014,3
AS-10225,CA-2016-143154,12/2/2016,4
AS-10225,CA-2017-117926,12/8/2017,5
AS-10225,CA-2015-144253,5/4/2015,6
AS-10225,CA-2017-112515,9/17/2017,7
AS-10225,CA-2017-112515,9/17/2017,8
AS-10225,CA-2017-112515,9/17/2017,9
AS-10225,CA-2017-112515,9/17/2017,10
AS-10225,CA-2017-112515,9/17/2017,11
AS-10225,CA-2017-112515,9/17/2017,12
AS-10240,CA-2014-128538,10/11/2014,1
AS-10240,CA-2014-149958,3/15/2014,2
AS-10240,CA-2014-149958,3/15/2014,3
AS-10240,CA-2014-149958,3/15/2014,4
AS-10240,CA-2014-149958,3/15/2014,5
AS-10240,CA-2014-149958,3/15/2014,6
AS-10240,CA-2015-150749,3/29/2015,7
AS-10240,CA-2016-114405,4/7/2016,8
AS-10240,CA-2016-114405,4/7/2016,9
AS-10240,CA-2017-101049,6/21/2017,10
AS-10240,CA-2017-101049,6/21/2017,11
AS-10240,CA-2016-118913,6/25/2016,12
AS-10285,CA-2016-134775,10/28/2016,1
AS-10285,CA-2016-134775,10/28/2016,2
AS-10285,US-2016-164196,11/11/2016,3
AS-10285,CA-2016-163755,11/4/2016,4
AS-10285,US-2016-106677,11/5/2016,5
AS-10285,CA-2017-149706,12/11/2017,6
AS-10285,CA-2016-114209,5/21/2016,7
AS-10630,CA-2014-101392,12/7/2014,1
AS-10630,US-2017-129224,3/17/2017,2
AS-10630,CA-2017-124597,4/30/2017,3
AS-10630,CA-2017-124597,4/30/2017,4
AS-10630,CA-2017-124597,4/30/2017,5
AS-10630,CA-2014-162684,8/1/2014,6
AS-10630,US-2016-155404,9/22/2016,7
AS-10630,CA-2017-100314,9/29/2017,8
AS-10630,CA-2017-100314,9/29/2017,9
AS-10630,CA-2017-100314,9/29/2017,10
AS-10630,US-2015-146745,9/3/2015,11
AS-10630,US-2015-146745,9/3/2015,12
AT-10435,CA-2014-111360,11/24/2014,1
AT-10435,CA-2016-100468,11/24/2016,2
AT-10435,CA-2016-100468,11/24/2016,3
AT-10435,CA-2014-120243,12/27/2014,4
AT-10435,CA-2017-102407,12/9/2017,5
AT-10435,CA-2017-102407,12/9/2017,6
AT-10435,CA-2017-102407,12/9/2017,7
AT-10435,CA-2017-106355,4/2/2017,8
AT-10435,CA-2015-133977,9/6/2015,9
AT-10735,CA-2015-123113,11/23/2015,1
AT-10735,CA-2015-123113,11/23/2015,2
AT-10735,CA-2014-146731,11/3/2014,3
AT-10735,CA-2014-146731,11/3/2014,4
AT-10735,CA-2017-103443,12/17/2017,5
AT-10735,CA-2017-103443,12/17/2017,6
AT-10735,CA-2017-103443,12/17/2017,7
AT-10735,CA-2017-153787,5/19/2017,8
AT-10735,CA-2016-108210,5/30/2016,9
AT-10735,CA-2016-108210,5/30/2016,10
AT-10735,CA-2016-116603,7/17/2016,11
AT-10735,CA-2017-106824,7/7/2017,12
AT-10735,CA-2017-135034,8/1/2017,13
AT-10735,CA-2014-146500,8/30/2014,14
AT-10735,CA-2014-146500,8/30/2014,15
AT-10735,CA-2016-112893,9/9/2016,16
AW-10840,CA-2015-129112,11/29/2015,1
AW-10840,CA-2015-129112,11/29/2015,2
AW-10840,CA-2017-143798,12/10/2017,3
AW-10840,CA-2017-143798,12/10/2017,4
AW-10840,CA-2015-149678,4/13/2015,5
AW-10840,CA-2017-123001,9/2/2017,6
AW-10840,CA-2017-123001,9/2/2017,7
AW-10840,CA-2017-123001,9/2/2017,8
AW-10930,CA-2016-163216,10/7/2016,1
AW-10930,CA-2015-144519,11/13/2015,2
AW-10930,CA-2015-144519,11/13/2015,3
AW-10930,US-2017-118157,11/14/2017,4
AW-10930,CA-2016-136812,11/18/2016,5
AW-10930,CA-2016-120824,6/12/2016,6
AW-10930,CA-2016-120824,6/12/2016,7
AW-10930,CA-2016-120824,6/12/2016,8
AW-10930,CA-2016-120824,6/12/2016,9
AW-10930,CA-2016-120824,6/12/2016,10
AW-10930,CA-2016-120824,6/12/2016,11
AW-10930,US-2014-103905,7/14/2014,12
AW-10930,US-2014-103905,7/14/2014,13
AW-10930,CA-2017-107321,8/31/2017,14
AW-10930,CA-2017-107321,8/31/2017,15
AY-10555,CA-2017-137428,12/16/2017,1
AY-10555,CA-2017-137428,12/16/2017,2
AY-10555,CA-2017-137428,12/16/2017,3
AY-10555,CA-2017-137428,12/16/2017,4
AY-10555,CA-2016-139934,12/18/2016,5
AY-10555,CA-2014-101427,12/26/2014,6
AY-10555,CA-2014-102652,4/6/2014,7
AY-10555,CA-2014-102652,4/6/2014,8
AY-10555,CA-2014-102652,4/6/2014,9
AY-10555,CA-2014-102652,4/6/2014,10
AZ-10750,CA-2016-100993,2/5/2016,1
AZ-10750,CA-2016-100993,2/5/2016,2
AZ-10750,CA-2016-100993,2/5/2016,3
AZ-10750,CA-2016-100993,2/5/2016,4
AZ-10750,CA-2014-158442,3/17/2014,5
AZ-10750,CA-2014-158442,3/17/2014,6
AZ-10750,CA-2014-158442,3/17/2014,7
AZ-10750,CA-2014-148586,3/25/2014,8
AZ-10750,CA-2015-151253,4/22/2015,9
AZ-10750,CA-2015-151253,4/22/2015,10
AZ-10750,CA-2015-130876,5/12/2015,11
AZ-10750,CA-2017-110940,7/23/2017,12
BB-10990,CA-2015-141810,11/2/2015,1
BB-10990,CA-2015-141810,11/2/2015,2
BB-10990,CA-2016-103947,4/1/2016,3
BB-10990,CA-2016-103947,4/1/2016,4
BB-10990,US-2017-112928,6/1/2017,5
BB-10990,CA-2014-169642,7/27/2014,6
BB-10990,CA-2017-118136,9/16/2017,7
BB-11545,CA-2016-124506,11/11/2016,1
BB-11545,CA-2016-124506,11/11/2016,2
BB-11545,CA-2017-158561,11/11/2017,3
BB-11545,CA-2015-107083,11/21/2015,4
BB-11545,CA-2015-107083,11/21/2015,5
BB-11545,CA-2015-107083,11/21/2015,6
BB-11545,CA-2015-107083,11/21/2015,7
BB-11545,CA-2016-169838,11/25/2016,8
BB-11545,CA-2016-169838,11/25/2016,9
BB-11545,CA-2016-169838,11/25/2016,10
BB-11545,CA-2017-102379,12/2/2017,11
BB-11545,CA-2017-102379,12/2/2017,12
BB-11545,CA-2017-102379,12/2/2017,13
BB-11545,CA-2016-155166,12/26/2016,14
BB-11545,CA-2016-155166,12/26/2016,15
BB-11545,CA-2015-115168,6/5/2015,16
BB-11545,US-2017-118941,8/12/2017,17
BB-11545,US-2017-118941,8/12/2017,18
BB-11545,US-2017-118941,8/12/2017,19
BB-11545,CA-2017-130043,9/15/2017,20
BC-11125,CA-2016-123050,4/4/2016,1
BC-11125,CA-2016-123050,4/4/2016,2
BC-11125,CA-2016-123050,4/4/2016,3
BC-11125,CA-2017-113530,5/19/2017,4
BC-11125,CA-2017-113530,5/19/2017,5
BC-11125,CA-2017-113530,5/19/2017,6
BC-11125,CA-2017-113530,5/19/2017,7
BC-11125,US-2017-120418,6/11/2017,8
BC-11125,US-2017-120418,6/11/2017,9
BC-11125,US-2017-120418,6/11/2017,10
BC-11125,US-2017-120418,6/11/2017,11
BC-11125,US-2017-120418,6/11/2017,12
BC-11125,CA-2015-158351,6/20/2015,13
BC-11125,CA-2016-149335,7/25/2016,14
BC-11125,CA-2014-147543,7/6/2014,15
BC-11125,CA-2016-143910,8/12/2016,16
BC-11125,CA-2014-113859,9/13/2014,17
BC-11125,US-2016-134369,9/16/2016,18
BD-11320,CA-2016-119165,10/31/2016,1
BD-11320,CA-2017-107125,11/27/2017,2
BD-11320,CA-2017-107125,11/27/2017,3
BD-11320,CA-2017-122735,4/12/2017,4
BD-11320,CA-2017-122735,4/12/2017,5
BD-11320,CA-2016-136406,4/15/2016,6
BD-11320,CA-2015-120677,5/31/2015,7
BD-11320,CA-2017-158071,6/10/2017,8
BD-11320,CA-2017-158071,6/10/2017,9
BD-11320,CA-2017-158071,6/10/2017,10
BD-11320,CA-2016-130680,6/24/2016,11
BD-11320,CA-2015-121699,8/10/2015,12
BD-11320,CA-2016-167241,8/15/2016,13
BD-11320,CA-2016-167241,8/15/2016,14
BD-11320,CA-2016-167241,8/15/2016,15
BD-11320,CA-2016-167241,8/15/2016,16
BD-11320,CA-2016-110086,9/18/2016,17
BD-11320,CA-2017-117485,9/23/2017,18
BD-11500,US-2017-105935,1/26/2017,1
BD-11500,US-2017-105935,1/26/2017,2
BD-11500,US-2014-151015,10/14/2014,3
BD-11500,US-2014-151015,10/14/2014,4
BD-11500,US-2017-133312,11/25/2017,5
BD-11500,US-2017-133312,11/25/2017,6
BD-11500,CA-2015-117828,12/23/2015,7
BD-11500,CA-2014-140795,2/1/2014,8
BD-11500,CA-2015-167696,9/16/2015,9
BD-11560,CA-2017-124716,3/27/2017,1
BD-11560,CA-2017-124716,3/27/2017,2
BD-11560,CA-2017-124716,3/27/2017,3
BD-11560,CA-2015-163923,5/30/2015,4
BD-11605,CA-2014-157147,1/13/2014,1
BD-11605,CA-2014-157147,1/13/2014,2
BD-11605,CA-2014-157147,1/13/2014,3
BD-11605,CA-2015-158792,12/26/2015,4
BD-11605,CA-2016-105746,12/30/2016,5
BD-11605,CA-2016-112102,4/12/2016,6
BD-11605,CA-2016-112102,4/12/2016,7
BD-11605,CA-2016-112102,4/12/2016,8
BD-11605,US-2015-123960,6/11/2015,9
BD-11605,US-2015-123960,6/11/2015,10
BD-11605,US-2015-123960,6/11/2015,11
BD-11605,US-2015-123960,6/11/2015,12
BD-11605,US-2015-123960,6/11/2015,13
BD-11605,US-2014-164406,8/15/2014,14
BD-11605,US-2014-164406,8/15/2014,15
BD-11605,US-2014-164406,8/15/2014,16
BD-11605,US-2014-164406,8/15/2014,17
BD-11605,US-2014-164406,8/15/2014,18
BD-11605,CA-2017-144694,9/24/2017,19
BD-11605,CA-2017-144694,9/24/2017,20
BD-11620,CA-2016-157686,10/1/2016,1
BD-11620,CA-2017-130211,10/22/2017,2
BD-11620,CA-2017-130211,10/22/2017,3
BD-11620,CA-2016-111941,12/25/2016,4
BD-11620,CA-2017-100202,12/31/2016,5
BD-11620,CA-2016-111976,3/8/2016,6
BD-11620,CA-2016-111976,3/8/2016,7
BD-11620,CA-2014-152254,6/30/2014,8
BD-11635,CA-2014-152422,10/5/2014,1
BD-11635,CA-2017-109589,12/21/2017,2
BD-11635,CA-2015-110814,12/5/2015,3
BD-11635,CA-2015-110814,12/5/2015,4
BD-11635,CA-2015-110814,12/5/2015,5
BD-11725,CA-2016-165015,2/25/2016,1
BD-11725,CA-2017-146192,4/22/2017,2
BD-11725,CA-2017-125472,5/30/2017,3
BD-11725,CA-2017-125472,5/30/2017,4
BD-11725,CA-2017-125472,5/30/2017,5
BD-11725,CA-2015-128139,7/3/2015,6
BD-11725,CA-2015-128139,7/3/2015,7
BD-11725,CA-2017-168396,8/3/2017,8
BD-11725,CA-2017-168396,8/3/2017,9
BD-11725,CA-2017-101574,9/28/2017,10
BD-11770,CA-2017-145338,1/29/2017,1
BD-11770,CA-2016-124667,11/11/2016,2
BD-11770,CA-2016-124667,11/11/2016,3
BD-11770,CA-2017-115105,2/6/2017,4
BD-11770,US-2016-122182,3/10/2016,5
BD-11770,CA-2016-148698,5/2/2016,6
BD-11770,CA-2016-165918,9/10/2016,7
BD-11770,CA-2016-165918,9/10/2016,8
BD-11770,CA-2016-165918,9/10/2016,9
BD-11770,CA-2016-165918,9/10/2016,10
BE-11335,CA-2016-166912,1/15/2016,1
BE-11335,CA-2017-155985,3/23/2017,2
BE-11335,US-2017-105046,7/17/2017,3
BE-11335,US-2017-105046,7/17/2017,4
BE-11335,US-2017-105046,7/17/2017,5
BE-11335,CA-2016-128307,7/25/2016,6
BE-11335,CA-2017-137596,9/2/2017,7
BE-11335,CA-2017-137596,9/2/2017,8
BE-11335,CA-2017-137596,9/2/2017,9
BE-11410,CA-2017-141782,1/21/2017,1
BE-11410,CA-2016-125220,10/14/2016,2
BE-11410,CA-2016-108630,11/18/2016,3
BE-11410,CA-2016-161662,2/7/2016,4
BE-11410,CA-2017-121314,9/23/2017,5
BE-11455,US-2017-166324,4/20/2017,1
BE-11455,US-2017-166324,4/20/2017,2
BE-11455,US-2017-166324,4/20/2017,3
BE-11455,US-2016-146857,5/6/2016,4
BE-11455,CA-2016-118052,5/6/2016,5
BE-11455,CA-2016-118052,5/6/2016,6
BE-11455,CA-2016-118052,5/6/2016,7
BE-11455,CA-2015-122406,8/2/2015,8
BE-11455,CA-2015-122406,8/2/2015,9
BE-11455,CA-2015-122406,8/2/2015,10
BE-11455,CA-2015-122406,8/2/2015,11
BE-11455,CA-2015-115924,9/14/2015,12
BE-11455,CA-2016-140774,9/5/2016,13
BF-10975,CA-2016-100041,11/20/2016,1
BF-10975,CA-2015-137281,6/13/2015,2
BF-10975,CA-2014-109904,7/14/2014,3
BF-10975,CA-2015-116750,7/5/2015,4
BF-10975,CA-2015-116750,7/5/2015,5
BF-10975,CA-2015-116260,7/6/2015,6
BF-10975,CA-2014-117345,8/1/2014,7
BF-10975,CA-2014-117345,8/1/2014,8
BF-10975,CA-2014-117345,8/1/2014,9
BF-10975,CA-2014-117345,8/1/2014,10
BF-10975,US-2017-120908,9/30/2017,11
BF-11005,CA-2017-103380,11/21/2017,1
BF-11005,CA-2017-103380,11/21/2017,2
BF-11005,CA-2017-103380,11/21/2017,3
BF-11005,CA-2017-103380,11/21/2017,4
BF-11005,CA-2017-103380,11/21/2017,5
BF-11005,CA-2016-137729,5/5/2016,6
BF-11005,CA-2016-137729,5/5/2016,7
BF-11005,US-2016-105452,7/28/2016,8
BF-11005,US-2016-105452,7/28/2016,9
BF-11005,CA-2014-141355,9/25/2014,10
BF-11020,CA-2017-114804,10/17/2017,1
BF-11020,CA-2015-145758,10/30/2015,2
BF-11020,CA-2014-165568,2/15/2014,3
BF-11020,CA-2017-134495,4/1/2017,4
BF-11020,CA-2017-134495,4/1/2017,5
BF-11020,CA-2017-134495,4/1/2017,6
BF-11020,CA-2017-134495,4/1/2017,7
BF-11020,CA-2016-159940,7/7/2016,8
BF-11020,CA-2016-159940,7/7/2016,9
BF-11020,CA-2016-159940,7/7/2016,10
BF-11020,CA-2016-159940,7/7/2016,11
BF-11020,CA-2016-156265,8/2/2016,12
BF-11020,CA-2016-156265,8/2/2016,13
BF-11020,CA-2016-156265,8/2/2016,14
BF-11020,US-2017-124779,9/8/2017,15
BF-11020,US-2017-124779,9/8/2017,16
BF-11020,US-2017-124779,9/8/2017,17
BF-11020,US-2017-124779,9/8/2017,18
BF-11020,US-2017-124779,9/8/2017,19
BF-11020,US-2017-124779,9/8/2017,20
BF-11080,CA-2014-163013,11/28/2014,1
BF-11080,CA-2017-117128,12/5/2017,2
BF-11080,CA-2017-117128,12/5/2017,3
BF-11080,CA-2017-140676,9/12/2017,4
BF-11080,CA-2017-140676,9/12/2017,5
BF-11080,CA-2017-140676,9/12/2017,6
BF-11170,CA-2016-159891,1/31/2016,1
BF-11170,CA-2016-159891,1/31/2016,2
BF-11170,CA-2016-162348,11/10/2016,3
BF-11170,CA-2017-151799,12/14/2017,4
BF-11170,CA-2017-151799,12/14/2017,5
BF-11170,CA-2017-151799,12/14/2017,6
BF-11170,CA-2017-151799,12/14/2017,7
BF-11170,CA-2017-151799,12/14/2017,8
BF-11170,US-2014-138247,12/24/2014,9
BF-11170,US-2014-138247,12/24/2014,10
BF-11170,US-2014-138247,12/24/2014,11
BF-11170,US-2014-138247,12/24/2014,12
BF-11170,US-2014-138247,12/24/2014,13
BF-11170,US-2014-138247,12/24/2014,14
BF-11170,US-2017-119039,3/6/2017,15
BF-11170,CA-2014-167724,4/13/2014,16
BF-11170,CA-2016-149111,4/17/2016,17
BF-11170,CA-2016-149111,4/17/2016,18
BF-11170,US-2016-120460,4/30/2016,19
BF-11170,CA-2015-145835,5/13/2015,20
BF-11170,CA-2015-145835,5/13/2015,21
BF-11170,US-2015-113327,5/26/2015,22
BF-11170,US-2015-113327,5/26/2015,23
BF-11170,US-2015-113327,5/26/2015,24
BF-11170,US-2015-113327,5/26/2015,25
BF-11170,CA-2014-110184,7/12/2014,26
BF-11170,CA-2014-110184,7/12/2014,27
BF-11215,CA-2017-102729,10/26/2017,1
BF-11215,CA-2014-103219,11/9/2014,2
BF-11215,CA-2017-106859,3/13/2017,3
BF-11215,CA-2017-106859,3/13/2017,4
BF-11215,CA-2017-106859,3/13/2017,5
BF-11215,CA-2017-106859,3/13/2017,6
BF-11215,CA-2017-106859,3/13/2017,7
BF-11215,CA-2016-154662,6/9/2016,8
BF-11275,CA-2017-161130,11/3/2017,1
BF-11275,CA-2014-148040,3/22/2014,2
BF-11275,CA-2014-148040,3/22/2014,3
BF-11275,CA-2017-169012,7/10/2017,4
BG-11035,CA-2016-134110,11/17/2016,1
BG-11035,CA-2016-134110,11/17/2016,2
BG-11035,CA-2017-169005,11/2/2017,3
BG-11035,US-2014-114377,11/5/2014,4
BG-11035,CA-2017-165715,12/2/2017,5
BG-11035,CA-2015-120901,12/31/2015,6
BG-11035,CA-2015-120901,12/31/2015,7
BG-11035,CA-2015-120901,12/31/2015,8
BG-11035,CA-2014-155390,12/6/2014,9
BG-11035,CA-2017-117198,8/31/2017,10
BG-11035,CA-2015-141565,9/20/2015,11
BG-11035,CA-2015-141565,9/20/2015,12
BG-11695,CA-2015-108588,1/5/2015,1
BG-11695,CA-2015-108588,1/5/2015,2
BG-11695,CA-2015-108588,1/5/2015,3
BG-11695,CA-2017-105543,11/24/2017,4
BG-11695,US-2016-162852,12/27/2016,5
BG-11695,CA-2014-127523,5/11/2014,6
BG-11695,CA-2016-153682,5/30/2016,7
BG-11695,CA-2017-121412,9/23/2017,8
BG-11740,CA-2017-135419,11/3/2017,1
BG-11740,CA-2014-164749,3/23/2014,2
BG-11740,CA-2017-119389,4/17/2017,3
BG-11740,CA-2015-154200,6/18/2015,4
BG-11740,CA-2016-165995,8/30/2016,5
BG-11740,CA-2016-165995,8/30/2016,6
BG-11740,CA-2016-145240,9/6/2016,7
BH-11710,CA-2017-127306,1/14/2017,1
BH-11710,CA-2017-127306,1/14/2017,2
BH-11710,CA-2017-127306,1/14/2017,3
BH-11710,CA-2017-127306,1/14/2017,4
BH-11710,CA-2017-127306,1/14/2017,5
BH-11710,US-2014-140914,11/11/2014,6
BH-11710,US-2014-140914,11/11/2014,7
BH-11710,CA-2015-149300,11/22/2015,8
BH-11710,CA-2017-135587,12/7/2017,9
BH-11710,CA-2017-135587,12/7/2017,10
BH-11710,US-2015-130491,2/8/2015,11
BH-11710,US-2015-130491,2/8/2015,12
BH-11710,US-2015-130491,2/8/2015,13
BH-11710,CA-2016-112123,3/3/2016,14
BH-11710,CA-2016-112123,3/3/2016,15
BH-11710,CA-2016-112123,3/3/2016,16
BH-11710,CA-2017-112865,5/18/2017,17
BH-11710,CA-2014-115812,6/9/2014,18
BH-11710,CA-2014-115812,6/9/2014,19
BH-11710,CA-2014-115812,6/9/2014,20
BH-11710,CA-2014-115812,6/9/2014,21
BH-11710,CA-2014-115812,6/9/2014,22
BH-11710,CA-2014-115812,6/9/2014,23
BH-11710,CA-2014-115812,6/9/2014,24
BK-11260,CA-2017-151183,10/14/2017,1
BK-11260,CA-2016-130799,11/11/2016,2
BK-11260,US-2014-140452,12/6/2014,3
BK-11260,US-2014-140452,12/6/2014,4
BK-11260,US-2014-140452,12/6/2014,5
BK-11260,US-2014-140452,12/6/2014,6
BK-11260,US-2014-140452,12/6/2014,7
BK-11260,US-2014-140452,12/6/2014,8
BK-11260,CA-2015-113110,3/19/2015,9
BK-11260,CA-2015-113110,3/19/2015,10
BK-11260,CA-2015-113110,3/19/2015,11
BK-11260,CA-2015-113110,3/19/2015,12
BK-11260,CA-2014-125612,8/3/2014,13
BK-11260,CA-2014-125612,8/3/2014,14
BK-11260,CA-2014-125612,8/3/2014,15
BK-11260,CA-2017-117009,9/22/2017,16
BM-11140,CA-2016-126004,12/4/2016,1
BM-11140,CA-2016-126004,12/4/2016,2
BM-11140,CA-2016-126004,12/4/2016,3
BM-11140,CA-2016-126004,12/4/2016,4
BM-11140,CA-2016-126004,12/4/2016,5
BM-11140,CA-2017-121706,2/26/2017,6
BM-11140,CA-2016-106278,9/2/2016,7
BM-11140,CA-2014-139892,9/8/2014,8
BM-11140,CA-2014-139892,9/8/2014,9
BM-11140,CA-2014-139892,9/8/2014,10
BM-11140,CA-2014-139892,9/8/2014,11
BM-11140,CA-2014-139892,9/8/2014,12
BM-11140,CA-2014-139892,9/8/2014,13
BM-11140,CA-2014-139892,9/8/2014,14
BM-11575,CA-2016-160304,1/2/2016,1
BM-11575,CA-2016-160304,1/2/2016,2
BM-11575,CA-2016-142615,11/20/2016,3
BM-11575,US-2017-129203,4/17/2017,4
BM-11575,CA-2017-155642,5/18/2017,5
BM-11575,CA-2017-155642,5/18/2017,6
BM-11575,CA-2015-105102,9/15/2015,7
BM-11575,CA-2015-105102,9/15/2015,8
BM-11575,CA-2015-105102,9/15/2015,9
BM-11575,CA-2017-165155,9/21/2017,10
BM-11650,CA-2015-124107,10/9/2015,1
BM-11650,CA-2015-124107,10/9/2015,2
BM-11650,CA-2015-124107,10/9/2015,3
BM-11650,CA-2015-124107,10/9/2015,4
BM-11650,CA-2017-121678,11/16/2017,5
BM-11650,CA-2015-100454,11/20/2015,6
BM-11650,CA-2015-100454,11/20/2015,7
BM-11650,CA-2015-100454,11/20/2015,8
BM-11650,CA-2017-102519,11/27/2017,9
BM-11650,CA-2017-102519,11/27/2017,10
BM-11650,CA-2017-152912,11/9/2017,11
BM-11650,CA-2017-152912,11/9/2017,12
BM-11650,CA-2017-152912,11/9/2017,13
BM-11650,CA-2017-152912,11/9/2017,14
BM-11650,CA-2017-167101,3/24/2017,15
BM-11650,CA-2017-167101,3/24/2017,16
BM-11650,CA-2017-149048,5/13/2017,17
BM-11650,CA-2017-149048,5/13/2017,18
BM-11650,CA-2017-149048,5/13/2017,19
BM-11650,CA-2017-149048,5/13/2017,20
BM-11650,CA-2017-149048,5/13/2017,21
BM-11650,CA-2014-165379,7/9/2014,22
BM-11650,CA-2014-125514,9/21/2014,23
BM-11650,CA-2014-125514,9/21/2014,24
BM-11650,CA-2014-125514,9/21/2014,25
BM-11650,US-2014-134733,9/23/2014,26
BM-11650,US-2014-134733,9/23/2014,27
BM-11650,CA-2016-163202,9/27/2016,28
BM-11785,US-2015-157014,10/3/2015,1
BM-11785,US-2015-157014,10/3/2015,2
BM-11785,US-2015-157014,10/3/2015,3
BM-11785,US-2015-157014,10/3/2015,4
BM-11785,CA-2014-116568,12/14/2014,5
BM-11785,CA-2016-117660,12/30/2016,6
BM-11785,CA-2016-117660,12/30/2016,7
BM-11785,CA-2015-165813,3/20/2015,8
BM-11785,CA-2016-105473,4/16/2016,9
BM-11785,CA-2017-152968,5/26/2017,10
BM-11785,CA-2014-133270,6/6/2014,11
BM-11785,CA-2016-101966,7/14/2016,12
BM-11785,CA-2014-106971,9/2/2014,13
BN-11470,US-2017-149006,12/6/2017,1
BN-11470,CA-2017-114370,3/14/2017,2
BN-11470,CA-2015-106215,4/16/2015,3
BN-11470,CA-2014-138527,9/12/2014,4
BN-11470,CA-2014-138527,9/12/2014,5
BN-11470,CA-2014-138527,9/12/2014,6
BN-11515,CA-2017-163405,12/21/2017,1
BN-11515,CA-2017-163405,12/21/2017,2
BN-11515,CA-2014-118339,3/17/2014,3
BN-11515,CA-2014-118339,3/17/2014,4
BN-11515,CA-2014-118339,3/17/2014,5
BN-11515,CA-2014-118339,3/17/2014,6
BN-11515,CA-2014-118339,3/17/2014,7
BN-11515,CA-2016-169943,5/19/2016,8
BN-11515,CA-2016-169943,5/19/2016,9
BN-11515,CA-2016-169943,5/19/2016,10
BN-11515,CA-2016-169943,5/19/2016,11
BN-11515,CA-2016-169943,5/19/2016,12
BN-11515,CA-2017-131625,9/1/2017,13
BN-11515,CA-2014-103940,9/17/2014,14
BN-11515,CA-2014-103940,9/17/2014,15
BN-11515,CA-2014-103940,9/17/2014,16
BN-11515,CA-2014-103940,9/17/2014,17
BO-11350,CA-2016-105207,1/3/2016,1
BO-11350,CA-2016-105207,1/3/2016,2
BO-11350,CA-2017-128076,2/2/2017,3
BO-11350,CA-2017-128076,2/2/2017,4
BO-11350,CA-2017-128076,2/2/2017,5
BO-11350,CA-2016-137204,4/28/2016,6
BO-11350,CA-2017-132199,5/3/2017,7
BO-11350,CA-2017-132199,5/3/2017,8
BO-11350,CA-2017-132199,5/3/2017,9
BO-11350,CA-2017-144883,8/15/2017,10
BO-11425,CA-2017-158386,10/16/2017,1
BO-11425,CA-2015-136658,9/10/2015,2
BP-11050,CA-2017-151596,10/8/2017,1
BP-11050,CA-2016-160535,11/25/2016,2
BP-11050,CA-2016-160535,11/25/2016,3
BP-11050,CA-2016-108364,12/19/2016,4
BP-11050,CA-2017-143084,3/18/2017,5
BP-11050,CA-2017-143084,3/18/2017,6
BP-11095,CA-2016-156811,10/27/2016,1
BP-11095,CA-2016-156811,10/27/2016,2
BP-11095,CA-2014-137911,10/9/2014,3
BP-11095,CA-2017-137365,11/30/2017,4
BP-11095,CA-2014-146990,11/7/2014,5
BP-11095,CA-2014-146990,11/7/2014,6
BP-11095,CA-2017-135377,12/13/2017,7
BP-11095,CA-2014-162992,12/19/2014,8
BP-11095,CA-2014-162992,12/19/2014,9
BP-11095,CA-2014-162992,12/19/2014,10
BP-11095,CA-2014-162992,12/19/2014,11
BP-11095,CA-2017-105445,2/20/2017,12
BP-11095,CA-2017-161851,4/15/2017,13
BP-11095,US-2014-134971,6/7/2014,14
BP-11095,CA-2015-148180,7/26/2015,15
BP-11095,CA-2015-148180,7/26/2015,16
BP-11095,CA-2017-160325,9/24/2017,17
BP-11095,CA-2017-160325,9/24/2017,18
BP-11155,CA-2017-147564,10/2/2017,1
BP-11155,CA-2017-156139,12/31/2016,2
BP-11155,CA-2016-154767,6/28/2016,3
BP-11155,CA-2016-154767,6/28/2016,4
BP-11155,CA-2016-154767,6/28/2016,5
BP-11155,CA-2016-154767,6/28/2016,6
BP-11155,CA-2016-154767,6/28/2016,7
BP-11155,CA-2015-158491,6/4/2015,8
BP-11155,CA-2015-158491,6/4/2015,9
BP-11155,CA-2017-128629,7/10/2017,10
BP-11185,CA-2016-158211,1/4/2016,1
BP-11185,CA-2016-158211,1/4/2016,2
BP-11185,US-2017-140907,12/10/2017,3
BP-11185,US-2017-140907,12/10/2017,4
BP-11185,US-2017-140907,12/10/2017,5
BP-11185,CA-2017-167150,12/10/2017,6
BP-11185,CA-2016-115574,12/23/2016,7
BP-11185,CA-2017-146626,12/29/2017,8
BP-11185,US-2015-112508,3/24/2015,9
BP-11185,CA-2017-130036,8/27/2017,10
BP-11185,CA-2017-130036,8/27/2017,11
BP-11185,CA-2015-166219,8/28/2015,12
BP-11185,CA-2015-166219,8/28/2015,13
BP-11185,CA-2016-142902,9/12/2016,14
BP-11185,CA-2016-142902,9/12/2016,15
BP-11185,CA-2016-142902,9/12/2016,16
BP-11185,CA-2016-142902,9/12/2016,17
BP-11230,CA-2017-142888,11/21/2017,1
BP-11230,US-2016-116442,12/15/2016,2
BP-11230,CA-2014-101462,4/20/2014,3
BP-11230,CA-2015-135174,4/30/2015,4
BP-11230,CA-2016-141551,9/24/2016,5
BP-11230,CA-2016-141551,9/24/2016,6
BP-11290,CA-2017-154760,1/9/2017,1
BP-11290,CA-2014-153976,10/3/2014,2
BP-11290,CA-2017-137505,11/24/2017,3
BP-11290,CA-2017-137505,11/24/2017,4
BP-11290,CA-2017-156664,12/18/2017,5
BP-11290,CA-2017-156664,12/18/2017,6
BP-11290,CA-2017-156664,12/18/2017,7
BP-11290,CA-2016-142398,4/12/2016,8
BP-11290,CA-2016-142398,4/12/2016,9
BP-11290,CA-2016-150483,5/31/2016,10
BP-11290,CA-2016-150483,5/31/2016,11
BP-11290,CA-2016-150483,5/31/2016,12
BP-11290,CA-2016-150483,5/31/2016,13
BP-11290,CA-2016-142895,7/21/2016,14
BP-11290,CA-2016-142895,7/21/2016,15
BS-11365,US-2016-107440,4/16/2016,1
BS-11365,US-2016-107440,4/16/2016,2
BS-11365,US-2016-107440,4/16/2016,3
BS-11365,US-2014-148194,5/4/2014,4
BS-11365,US-2014-148194,5/4/2014,5
BS-11365,CA-2016-149965,6/20/2016,6
BS-11365,CA-2016-149965,6/20/2016,7
BS-11365,US-2014-143581,8/19/2014,8
BS-11365,CA-2014-168130,9/19/2014,9
BS-11380,CA-2017-160633,11/16/2017,1
BS-11380,CA-2017-160633,11/16/2017,2
BS-11380,CA-2017-160633,11/16/2017,3
BS-11380,US-2014-134712,11/29/2014,4
BS-11380,US-2017-112347,12/2/2017,5
BS-11380,US-2017-112347,12/2/2017,6
BS-11380,US-2017-112347,12/2/2017,7
BS-11380,US-2017-112347,12/2/2017,8
BS-11380,US-2017-112347,12/2/2017,9
BS-11380,US-2017-112347,12/2/2017,10
BS-11380,CA-2015-142475,12/3/2015,11
BS-11380,CA-2017-116288,3/12/2017,12
BS-11590,CA-2014-149524,1/14/2014,1
BS-11590,US-2017-109610,11/25/2017,2
BS-11590,CA-2014-106376,12/5/2014,3
BS-11590,CA-2014-106376,12/5/2014,4
BS-11590,CA-2014-107398,8/25/2014,5
BS-11590,CA-2014-107398,8/25/2014,6
BS-11590,CA-2014-107398,8/25/2014,7
BS-11590,CA-2016-105900,9/17/2016,8
BS-11590,US-2015-109015,9/6/2015,9
BS-11590,US-2015-109015,9/6/2015,10
BS-11665,CA-2015-126725,11/17/2015,1
BS-11665,CA-2015-126725,11/17/2015,2
BS-11665,CA-2015-126725,11/17/2015,3
BS-11665,CA-2015-126725,11/17/2015,4
BS-11665,CA-2015-126725,11/17/2015,5
BS-11665,CA-2015-126725,11/17/2015,6
BS-11665,CA-2015-126725,11/17/2015,7
BS-11665,CA-2016-101791,5/27/2016,8
BS-11665,CA-2016-101791,5/27/2016,9
BS-11665,CA-2016-101791,5/27/2016,10
BS-11665,CA-2014-126032,6/23/2014,11
BS-11755,CA-2015-126137,10/3/2015,1
BS-11755,CA-2016-156748,11/30/2016,2
BS-11755,CA-2016-156748,11/30/2016,3
BS-11755,CA-2016-156748,11/30/2016,4
BS-11755,CA-2017-130631,12/29/2017,5
BS-11755,CA-2017-130631,12/29/2017,6
BS-11755,CA-2017-135069,4/10/2017,7
BS-11755,CA-2014-103373,5/18/2014,8
BS-11755,CA-2014-133690,8/3/2014,9
BS-11755,CA-2014-133690,8/3/2014,10
BS-11755,CA-2017-123778,9/23/2017,11
BS-11755,CA-2017-123778,9/23/2017,12
BS-11800,CA-2017-135279,4/9/2017,1
BS-11800,CA-2017-135279,4/9/2017,2
BS-11800,CA-2017-135279,4/9/2017,3
BS-11800,CA-2017-135279,4/9/2017,4
BS-11800,CA-2017-135279,4/9/2017,5
BS-11800,CA-2017-135279,4/9/2017,6
BS-11800,CA-2015-122371,9/26/2015,7
BS-11800,CA-2015-122371,9/26/2015,8
BT-11305,CA-2017-115994,1/28/2017,1
BT-11305,CA-2017-115994,1/28/2017,2
BT-11305,CA-2015-103723,12/1/2015,3
BT-11305,CA-2015-153612,12/22/2015,4
BT-11305,CA-2014-166954,4/25/2014,5
BT-11305,CA-2014-166954,4/25/2014,6
BT-11305,CA-2014-166954,4/25/2014,7
BT-11305,CA-2015-138002,9/6/2015,8
BT-11305,CA-2015-138002,9/6/2015,9
BT-11395,CA-2014-107769,10/28/2014,1
BT-11395,CA-2015-110016,11/29/2015,2
BT-11395,CA-2015-110016,11/29/2015,3
BT-11395,CA-2015-111325,2/27/2015,4
BT-11395,CA-2017-117513,3/3/2017,5
BT-11395,US-2015-120502,4/13/2015,6
BT-11395,US-2015-120502,4/13/2015,7
BT-11395,US-2015-120502,4/13/2015,8
BT-11395,CA-2016-126935,5/19/2016,9
BT-11440,CA-2014-139283,11/23/2014,1
BT-11440,CA-2016-106383,3/19/2016,2
BT-11440,US-2016-163461,6/18/2016,3
BT-11440,CA-2014-151946,6/4/2014,4
BT-11440,CA-2014-151946,6/4/2014,5
BT-11440,CA-2014-151946,6/4/2014,6
BT-11440,CA-2014-151946,6/4/2014,7
BT-11485,CA-2015-165085,12/27/2015,1
BT-11485,CA-2015-165085,12/27/2015,2
BT-11485,CA-2016-122511,3/11/2016,3
BT-11530,CA-2016-148208,1/22/2016,1
BT-11530,CA-2016-148208,1/22/2016,2
BT-11530,CA-2014-146864,12/22/2014,3
BT-11530,CA-2017-117212,2/26/2017,4
BT-11530,CA-2017-117212,2/26/2017,5
BT-11530,CA-2017-117212,2/26/2017,6
BT-11530,CA-2017-117212,2/26/2017,7
BT-11530,CA-2017-117212,2/26/2017,8
BT-11530,CA-2014-104780,5/21/2014,9
BT-11530,CA-2017-123029,9/30/2017,10
BT-11680,CA-2015-125710,10/8/2015,1
BT-11680,US-2017-161193,11/20/2017,2
BT-11680,US-2017-161193,11/20/2017,3
BT-11680,CA-2014-121629,11/28/2014,4
BT-11680,CA-2017-158967,12/10/2017,5
BT-11680,CA-2016-123358,4/10/2016,6
BT-11680,CA-2016-123358,4/10/2016,7
BT-11680,CA-2016-123358,4/10/2016,8
BT-11680,CA-2016-123358,4/10/2016,9
BT-11680,CA-2016-146423,4/21/2016,10
BT-11680,CA-2016-146423,4/21/2016,11
BT-11680,CA-2015-132626,7/9/2015,12
BT-11680,CA-2015-132626,7/9/2015,13
BT-11680,CA-2015-132626,7/9/2015,14
BT-11680,CA-2015-132626,7/9/2015,15
BT-11680,CA-2015-132626,7/9/2015,16
BT-11680,CA-2015-132626,7/9/2015,17
BT-11680,CA-2015-132626,7/9/2015,18
BT-11680,CA-2015-132626,7/9/2015,19
BT-11680,CA-2015-132626,7/9/2015,20
BV-11245,CA-2017-104220,1/30/2017,1
BV-11245,CA-2017-104220,1/30/2017,2
BV-11245,CA-2017-104220,1/30/2017,3
BV-11245,CA-2017-104220,1/30/2017,4
BV-11245,CA-2017-104220,1/30/2017,5
BV-11245,CA-2017-104220,1/30/2017,6
BV-11245,CA-2016-123526,12/24/2016,7
BV-11245,US-2016-168410,2/21/2016,8
BV-11245,US-2016-168410,2/21/2016,9
BV-11245,US-2016-168410,2/21/2016,10
BV-11245,CA-2015-103793,3/26/2015,11
BV-11245,CA-2015-156734,6/18/2015,12
BV-11245,CA-2015-156734,6/18/2015,13
BV-11245,CA-2015-156734,6/18/2015,14
BW-11065,CA-2014-100391,5/25/2014,1
BW-11065,CA-2015-119634,8/11/2015,2
BW-11110,CA-2017-159366,1/7/2017,1
BW-11110,CA-2016-101161,10/13/2016,2
BW-11110,CA-2016-101161,10/13/2016,3
BW-11110,CA-2016-101161,10/13/2016,4
BW-11110,CA-2016-101161,10/13/2016,5
BW-11110,CA-2016-101161,10/13/2016,6
BW-11110,US-2016-126844,10/8/2016,7
BW-11110,CA-2016-127194,12/10/2016,8
BW-11110,CA-2015-106565,3/20/2015,9
BW-11110,CA-2015-137302,4/26/2015,10
BW-11110,CA-2015-137302,4/26/2015,11
BW-11110,CA-2015-137302,4/26/2015,12
BW-11110,CA-2015-137302,4/26/2015,13
BW-11110,CA-2017-151855,5/27/2017,14
BW-11110,CA-2017-151855,5/27/2017,15
BW-11110,CA-2017-154074,8/31/2017,16
BW-11110,CA-2017-154074,8/31/2017,17
BW-11200,CA-2016-116596,10/27/2016,1
BW-11200,CA-2016-116596,10/27/2016,2
BW-11200,CA-2016-116596,10/27/2016,3
BW-11200,CA-2016-116596,10/27/2016,4
BW-11200,CA-2016-120873,10/27/2016,5
BW-11200,CA-2017-143343,6/10/2017,6
BW-11200,CA-2014-109897,8/12/2014,7
BW-11200,CA-2014-109897,8/12/2014,8
BW-11200,US-2014-167633,9/30/2014,9
CA-11965,CA-2014-167997,1/26/2014,1
CA-11965,CA-2014-167997,1/26/2014,2
CA-11965,CA-2017-134649,1/26/2017,3
CA-11965,CA-2017-134649,1/26/2017,4
CA-11965,CA-2015-105690,11/21/2015,5
CA-11965,CA-2015-105690,11/21/2015,6
CA-11965,CA-2015-105690,11/21/2015,7
CA-11965,CA-2016-157791,12/23/2016,8
CA-11965,CA-2015-161452,4/5/2015,9
CA-11965,CA-2017-122112,9/25/2017,10
CA-12055,US-2016-164945,11/22/2016,1
CA-12055,CA-2016-125661,11/24/2016,2
CA-12055,CA-2016-125661,11/24/2016,3
CA-12055,CA-2016-168081,4/24/2016,4
CA-12055,CA-2016-107328,8/8/2016,5
CA-12055,CA-2016-107328,8/8/2016,6
CA-12055,CA-2016-107328,8/8/2016,7
CA-12055,CA-2015-162621,9/5/2015,8
CA-12055,CA-2015-162621,9/5/2015,9
CA-12055,CA-2015-162621,9/5/2015,10
CA-12265,CA-2017-169607,10/12/2017,1
CA-12265,CA-2017-106432,10/19/2017,2
CA-12265,CA-2017-106432,10/19/2017,3
CA-12265,CA-2017-102610,11/4/2017,4
CA-12265,CA-2017-102610,11/4/2017,5
CA-12265,CA-2017-102610,11/4/2017,6
CA-12265,CA-2017-102610,11/4/2017,7
CA-12265,US-2014-111171,12/26/2014,8
CA-12265,CA-2016-106894,2/7/2016,9
CA-12265,CA-2016-106894,2/7/2016,10
CA-12265,CA-2014-128237,3/25/2014,11
CA-12265,CA-2014-128237,3/25/2014,12
CA-12265,CA-2014-128237,3/25/2014,13
CA-12265,CA-2014-128237,3/25/2014,14
CA-12265,CA-2017-140053,7/3/2017,15
CA-12265,CA-2015-120362,9/14/2015,16
CA-12265,CA-2017-122196,9/22/2017,17
CA-12310,US-2016-116365,1/3/2016,1
CA-12310,US-2016-116365,1/3/2016,2
CA-12310,US-2016-116365,1/3/2016,3
CA-12310,CA-2017-120936,12/17/2017,4
CA-12310,CA-2017-120936,12/17/2017,5
CA-12310,US-2017-145366,12/9/2017,6
CA-12310,US-2017-145366,12/9/2017,7
CA-12310,US-2014-150434,7/19/2014,8
CA-12310,US-2014-150434,7/19/2014,9
CA-12310,US-2014-150434,7/19/2014,10
CA-12775,CA-2015-135853,12/11/2015,1
CA-12775,CA-2015-135853,12/11/2015,2
CA-12775,CA-2015-135853,12/11/2015,3
CA-12775,US-2016-132857,12/11/2016,4
CA-12775,CA-2017-122175,5/12/2017,5
CA-12775,CA-2017-122175,5/12/2017,6
CA-12775,CA-2017-122175,5/12/2017,7
CA-12775,CA-2017-122175,5/12/2017,8
CA-12775,CA-2014-140858,6/28/2014,9
CA-12775,CA-2014-140858,6/28/2014,10
CA-12775,CA-2014-140858,6/28/2014,11
CA-12775,CA-2014-140858,6/28/2014,12
CA-12775,CA-2014-140858,6/28/2014,13
CA-12775,US-2015-140200,7/26/2015,14
CA-12775,CA-2017-145653,9/1/2017,15
CA-12775,CA-2014-145576,9/14/2014,16
CA-12775,CA-2014-145576,9/14/2014,17
CB-12025,US-2017-102904,11/13/2017,1
CB-12025,CA-2014-130869,11/17/2014,2
CB-12025,CA-2016-117583,11/27/2016,3
CB-12025,CA-2016-117583,11/27/2016,4
CB-12025,CA-2016-117583,11/27/2016,5
CB-12025,CA-2016-117583,11/27/2016,6
CB-12025,CA-2017-131282,2/5/2017,7
CB-12025,CA-2017-131282,2/5/2017,8
CB-12025,CA-2014-140004,3/21/2014,9
CB-12025,CA-2014-140004,3/21/2014,10
CB-12025,CA-2015-146563,8/24/2015,11
CB-12025,CA-2015-146563,8/24/2015,12
CB-12025,CA-2015-146563,8/24/2015,13
CB-12025,CA-2015-146563,8/24/2015,14
CB-12025,CA-2015-121188,8/28/2015,15
CB-12025,CA-2015-121188,8/28/2015,16
CB-12025,CA-2015-121188,8/28/2015,17
CB-12025,CA-2015-121188,8/28/2015,18
CB-12025,CA-2015-121188,8/28/2015,19
CB-12025,CA-2015-121188,8/28/2015,20
CB-12025,US-2017-152898,9/11/2017,21
CB-12025,CA-2017-144484,9/11/2017,22
CB-12025,CA-2017-100160,9/7/2017,23
CB-12025,CA-2017-100160,9/7/2017,24
CB-12415,CA-2016-113656,1/23/2016,1
CB-12415,US-2017-157896,11/16/2017,2
CB-12415,US-2015-136259,11/5/2015,3
CB-12415,US-2015-136259,11/5/2015,4
CB-12415,CA-2017-152660,12/4/2017,5
CB-12415,CA-2017-111374,2/24/2017,6
CB-12415,CA-2016-163398,5/3/2016,7
CB-12415,CA-2016-163398,5/3/2016,8
CB-12415,CA-2016-163398,5/3/2016,9
CB-12415,CA-2016-139941,6/12/2016,10
CB-12415,CA-2016-147417,7/25/2016,11
CB-12535,CA-2015-104514,1/2/2015,1
CB-12535,CA-2015-104514,1/2/2015,2
CB-12535,CA-2015-104514,1/2/2015,3
CB-12535,US-2016-165505,1/23/2016,4
CB-12535,US-2016-165505,1/23/2016,5
CB-12535,US-2016-165505,1/23/2016,6
CB-12535,CA-2016-147585,11/7/2016,7
CB-12535,CA-2017-161046,3/5/2017,8
CB-12535,CA-2017-161046,3/5/2017,9
CB-12535,CA-2017-161046,3/5/2017,10
CB-12535,CA-2017-161046,3/5/2017,11
CB-12535,CA-2015-100146,5/14/2015,12
CB-12535,CA-2015-100146,5/14/2015,13
CB-12535,CA-2015-100146,5/14/2015,14
CB-12535,CA-2015-100146,5/14/2015,15
CB-12535,CA-2015-113971,5/8/2015,16
CB-12535,CA-2017-136826,6/16/2017,17
CB-12535,CA-2015-111094,7/9/2015,18
CC-12100,CA-2014-136399,12/16/2014,1
CC-12100,CA-2014-136399,12/16/2014,2
CC-12100,CA-2014-136399,12/16/2014,3
CC-12100,CA-2014-136399,12/16/2014,4
CC-12100,CA-2015-104297,5/29/2015,5
CC-12100,CA-2016-129308,7/7/2016,6
CC-12100,CA-2016-129308,7/7/2016,7
CC-12100,CA-2016-129308,7/7/2016,8
CC-12100,CA-2015-113040,8/27/2015,9
CC-12100,CA-2015-108532,8/29/2015,10
CC-12100,CA-2015-108532,8/29/2015,11
CC-12100,CA-2016-161781,9/29/2016,12
CC-12145,CA-2015-121797,1/30/2015,1
CC-12145,CA-2015-121797,1/30/2015,2
CC-12145,CA-2014-141726,7/20/2014,3
CC-12145,CA-2014-141726,7/20/2014,4
CC-12145,CA-2014-141726,7/20/2014,5
CC-12145,CA-2014-141726,7/20/2014,6
CC-12145,CA-2016-148201,8/26/2016,7
CC-12145,CA-2016-130078,8/8/2016,8
CC-12145,CA-2015-132906,9/10/2015,9
CC-12145,CA-2017-146185,9/15/2017,10
CC-12145,CA-2015-122623,9/7/2015,11
CC-12220,CA-2016-155992,10/1/2016,1
CC-12220,CA-2016-155992,10/1/2016,2
CC-12220,CA-2014-166891,10/4/2014,3
CC-12220,CA-2014-161634,11/14/2014,4
CC-12220,US-2017-107888,11/16/2017,5
CC-12220,US-2017-107888,11/16/2017,6
CC-12220,US-2017-107888,11/16/2017,7
CC-12220,US-2017-107888,11/16/2017,8
CC-12220,CA-2017-152695,12/10/2017,9
CC-12220,CA-2017-152695,12/10/2017,10
CC-12220,CA-2016-131380,3/28/2016,11
CC-12220,CA-2016-131380,3/28/2016,12
CC-12220,CA-2016-145730,3/3/2016,13
CC-12220,CA-2016-145730,3/3/2016,14
CC-12220,CA-2016-145730,3/3/2016,15
CC-12220,CA-2017-119914,5/4/2017,16
CC-12220,CA-2015-147879,5/7/2015,17
CC-12220,CA-2017-161410,6/26/2017,18
CC-12220,CA-2017-161410,6/26/2017,19
CC-12220,CA-2016-155474,7/8/2016,20
CC-12220,CA-2016-155474,7/8/2016,21
CC-12370,US-2017-155866,11/17/2017,1
CC-12370,US-2017-155866,11/17/2017,2
CC-12370,CA-2017-106691,11/6/2017,3
CC-12370,CA-2016-143714,5/23/2016,4
CC-12370,CA-2016-143714,5/23/2016,5
CC-12370,CA-2016-143714,5/23/2016,6
CC-12370,CA-2016-143714,5/23/2016,7
CC-12370,CA-2016-135265,7/7/2016,8
CC-12370,CA-2016-135265,7/7/2016,9
CC-12370,CA-2016-135265,7/7/2016,10
CC-12370,CA-2016-154690,8/15/2016,11
CC-12430,CA-2016-116736,1/17/2016,1
CC-12430,CA-2016-116736,1/17/2016,2
CC-12430,CA-2016-116736,1/17/2016,3
CC-12430,CA-2017-143035,10/3/2017,4
CC-12430,CA-2017-143035,10/3/2017,5
CC-12430,CA-2017-143035,10/3/2017,6
CC-12430,CA-2016-163384,11/10/2016,7
CC-12430,CA-2016-163384,11/10/2016,8
CC-12430,CA-2016-118570,11/13/2016,9
CC-12430,CA-2017-125290,11/6/2017,10
CC-12430,CA-2017-125290,11/6/2017,11
CC-12430,CA-2017-126221,12/30/2017,12
CC-12430,CA-2017-166695,5/20/2017,13
CC-12430,CA-2017-166695,5/20/2017,14
CC-12430,CA-2017-166695,5/20/2017,15
CC-12430,US-2016-148957,9/17/2016,16
CC-12430,US-2016-114888,9/19/2016,17
CC-12430,US-2016-114888,9/19/2016,18
CC-12430,CA-2015-150791,9/6/2015,19
CC-12475,CA-2016-155033,10/7/2016,1
CC-12475,CA-2017-100811,11/21/2017,2
CC-12475,CA-2017-100811,11/21/2017,3
CC-12475,CA-2016-158260,11/4/2016,4
CC-12475,US-2016-139388,11/7/2016,5
CC-12475,US-2014-163146,5/16/2014,6
CC-12475,CA-2016-146836,5/2/2016,7
CC-12475,CA-2016-146836,5/2/2016,8
CC-12475,CA-2017-158344,8/7/2017,9
CC-12475,US-2017-160836,9/11/2017,10
CC-12475,US-2017-160836,9/11/2017,11
CC-12475,US-2017-160836,9/11/2017,12
CC-12475,CA-2017-144225,9/30/2017,13
CC-12550,CA-2017-118542,12/1/2017,1
CC-12550,CA-2017-118542,12/1/2017,2
CC-12550,CA-2017-123071,12/3/2017,3
CC-12550,CA-2017-169901,6/15/2017,4
CC-12610,CA-2016-157707,10/10/2016,1
CC-12610,CA-2016-157707,10/10/2016,2
CC-12610,CA-2016-157707,10/10/2016,3
CC-12610,CA-2017-155957,11/26/2017,4
CC-12610,CA-2017-155957,11/26/2017,5
CC-12610,CA-2016-118178,3/19/2016,6
CC-12610,CA-2016-146521,7/21/2016,7
CC-12610,CA-2015-132507,7/30/2015,8
CC-12610,CA-2014-124688,8/27/2014,9
CC-12610,CA-2014-124688,8/27/2014,10
CC-12610,CA-2014-124688,8/27/2014,11
CC-12610,CA-2015-161445,9/7/2015,12
CC-12670,CA-2016-152121,11/27/2016,1
CC-12670,CA-2017-163139,12/1/2017,2
CC-12670,CA-2017-163139,12/1/2017,3
CC-12670,CA-2017-163139,12/1/2017,4
CC-12670,US-2016-100419,12/16/2016,5
CC-12670,CA-2014-154158,12/23/2014,6
CC-12670,CA-2014-154158,12/23/2014,7
CC-12670,CA-2014-154158,12/23/2014,8
CC-12670,CA-2014-154158,12/23/2014,9
CC-12670,CA-2014-154158,12/23/2014,10
CC-12670,CA-2016-167759,3/3/2016,11
CC-12670,CA-2017-112753,6/18/2017,12
CC-12670,CA-2017-112753,6/18/2017,13
CC-12670,CA-2015-128993,9/12/2015,14
CC-12685,CA-2015-119480,1/9/2015,1
CC-12685,CA-2015-119480,1/9/2015,2
CC-12685,CA-2015-119480,1/9/2015,3
CC-12685,CA-2015-119480,1/9/2015,4
CC-12685,CA-2015-109190,10/23/2015,5
CC-12685,CA-2015-109190,10/23/2015,6
CC-12685,CA-2015-109190,10/23/2015,7
CC-12685,US-2014-158057,3/22/2014,8
CC-12685,US-2014-158057,3/22/2014,9
CC-12685,CA-2015-140984,9/14/2015,10
CC-12685,CA-2015-140984,9/14/2015,11
CC-12685,CA-2015-140984,9/14/2015,12
CD-11920,CA-2017-111556,11/20/2017,1
CD-11920,CA-2017-111556,11/20/2017,2
CD-11920,CA-2017-111556,11/20/2017,3
CD-11920,CA-2017-111556,11/20/2017,4
CD-11920,CA-2015-101910,11/27/2015,5
CD-11920,CA-2016-122017,12/29/2016,6
CD-11920,CA-2016-122017,12/29/2016,7
CD-11920,CA-2014-147235,3/24/2014,8
CD-11920,CA-2017-107853,5/26/2017,9
CD-11980,CA-2017-144596,11/6/2017,1
CD-11980,US-2017-119438,3/18/2017,2
CD-11980,US-2017-119438,3/18/2017,3
CD-11980,US-2017-119438,3/18/2017,4
CD-11980,US-2017-119438,3/18/2017,5
CD-12280,US-2017-132444,11/18/2017,1
CD-12280,US-2017-132444,11/18/2017,2
CD-12280,US-2017-132444,11/18/2017,3
CD-12280,US-2017-132444,11/18/2017,4
CD-12280,US-2017-132444,11/18/2017,5
CD-12280,CA-2017-102925,11/5/2017,6
CD-12280,CA-2017-102925,11/5/2017,7
CD-12280,CA-2017-102925,11/5/2017,8
CD-12280,CA-2017-102925,11/5/2017,9
CD-12280,CA-2017-102925,11/5/2017,10
CD-12280,CA-2017-102925,11/5/2017,11
CD-12280,CA-2017-102925,11/5/2017,12
CD-12790,CA-2016-124352,10/15/2016,1
CD-12790,CA-2016-124352,10/15/2016,2
CD-12790,CA-2016-124352,10/15/2016,3
CD-12790,CA-2016-124352,10/15/2016,4
CD-12790,CA-2016-124352,10/15/2016,5
CD-12790,CA-2016-124352,10/15/2016,6
CD-12790,CA-2016-145135,11/26/2016,7
CD-12790,CA-2016-145135,11/26/2016,8
CD-12790,CA-2014-166961,12/27/2014,9
CD-12790,CA-2014-166961,12/27/2014,10
CD-12790,CA-2014-166961,12/27/2014,11
CD-12790,CA-2014-166961,12/27/2014,12
CD-12790,CA-2014-139857,2/2/2014,13
CD-12790,CA-2015-149972,9/21/2015,14
CD-12790,CA-2015-149972,9/21/2015,15
CG-12040,CA-2016-121020,10/24/2016,1
CG-12040,CA-2017-143217,11/11/2017,2
CG-12040,US-2017-104955,3/19/2017,3
CG-12040,CA-2016-140081,6/20/2016,4
CG-12040,CA-2016-140081,6/20/2016,5
CG-12040,CA-2016-140081,6/20/2016,6
CG-12040,CA-2016-164350,9/10/2016,7
CG-12520,CA-2017-164098,1/26/2017,1
CG-12520,US-2015-123918,10/15/2015,2
CG-12520,US-2015-123918,10/15/2015,3
CG-12520,CA-2016-152156,11/8/2016,4
CG-12520,CA-2016-152156,11/8/2016,5
CH-12070,CA-2015-123673,10/30/2015,1
CH-12070,CA-2016-109344,2/8/2016,2
CH-12070,CA-2015-127110,6/25/2015,3
CH-12070,CA-2015-127110,6/25/2015,4
CJ-11875,CA-2016-163951,12/30/2016,1
CJ-12010,CA-2017-150469,1/26/2017,1
CJ-12010,US-2016-161683,12/3/2016,2
CJ-12010,US-2016-161683,12/3/2016,3
CJ-12010,US-2016-112977,3/10/2016,4
CJ-12010,CA-2017-144491,3/27/2017,5
CJ-12010,CA-2017-144491,3/27/2017,6
CJ-12010,CA-2017-144491,3/27/2017,7
CJ-12010,CA-2017-144491,3/27/2017,8
CJ-12010,CA-2017-102204,5/1/2017,9
CJ-12010,CA-2017-102204,5/1/2017,10
CJ-12010,CA-2017-102204,5/1/2017,11
CJ-12010,CA-2016-128818,5/7/2016,12
CJ-12010,CA-2016-128818,5/7/2016,13
CJ-12010,CA-2016-128818,5/7/2016,14
CJ-12010,CA-2016-128818,5/7/2016,15
CJ-12010,CA-2016-128818,5/7/2016,16
CJ-12010,CA-2017-122105,6/24/2017,17
CJ-12010,CA-2016-122392,7/22/2016,18
CJ-12010,CA-2016-122392,7/22/2016,19
CK-12205,US-2015-144771,10/2/2015,1
CK-12205,US-2015-144771,10/2/2015,2
CK-12205,CA-2016-140018,11/21/2016,3
CK-12205,CA-2016-140018,11/21/2016,4
CK-12205,CA-2016-140018,11/21/2016,5
CK-12205,CA-2017-110443,11/21/2017,6
CK-12205,CA-2017-110443,11/21/2017,7
CK-12205,CA-2017-110443,11/21/2017,8
CK-12205,CA-2014-166884,3/11/2014,9
CK-12205,CA-2014-166884,3/11/2014,10
CK-12205,CA-2015-135363,3/28/2015,11
CK-12205,CA-2015-135363,3/28/2015,12
CK-12205,CA-2017-104577,5/12/2017,13
CK-12205,CA-2014-113929,6/16/2014,14
CK-12205,CA-2014-113929,6/16/2014,15
CK-12205,CA-2014-113929,6/16/2014,16
CK-12205,CA-2016-110982,6/5/2016,17
CK-12205,CA-2016-110982,6/5/2016,18
CK-12205,US-2016-100720,7/16/2016,19
CK-12205,US-2016-100720,7/16/2016,20
CK-12205,US-2016-100720,7/16/2016,21
CK-12205,CA-2016-112256,7/23/2016,22
CK-12205,CA-2016-112256,7/23/2016,23
CK-12205,CA-2016-112256,7/23/2016,24
CK-12205,CA-2016-112256,7/23/2016,25
CK-12205,CA-2016-112256,7/23/2016,26
CK-12205,CA-2014-131541,7/28/2014,27
CK-12205,CA-2014-131541,7/28/2014,28
CK-12205,CA-2014-131541,7/28/2014,29
CK-12205,CA-2017-122028,8/18/2017,30
CK-12205,CA-2017-110821,8/7/2017,31
CK-12205,CA-2017-110821,8/7/2017,32
CK-12325,CA-2017-109085,2/17/2017,1
CK-12325,CA-2017-109085,2/17/2017,2
CK-12325,CA-2017-109085,2/17/2017,3
CK-12325,CA-2017-109085,2/17/2017,4
CK-12325,US-2014-125521,3/14/2014,5
CK-12325,CA-2016-134789,4/8/2016,6
CK-12325,CA-2016-134789,4/8/2016,7
CK-12325,CA-2016-134789,4/8/2016,8
CK-12325,CA-2014-104472,6/2/2014,9
CK-12325,CA-2014-104472,6/2/2014,10
CK-12325,US-2017-135230,9/1/2017,11
CK-12595,US-2017-127341,1/29/2017,1
CK-12595,CA-2017-138611,11/14/2017,2
CK-12595,CA-2017-138611,11/14/2017,3
CK-12595,CA-2017-100902,11/17/2017,4
CK-12595,CA-2017-100902,11/17/2017,5
CK-12595,CA-2014-106264,12/26/2014,6
CK-12595,CA-2014-106264,12/26/2014,7
CK-12595,CA-2017-104647,2/23/2017,8
CK-12595,CA-2016-119683,3/12/2016,9
CK-12595,CA-2016-124233,4/8/2016,10
CK-12595,US-2016-167472,6/6/2016,11
CK-12595,US-2016-167472,6/6/2016,12
CK-12595,US-2016-167472,6/6/2016,13
CK-12595,US-2016-167472,6/6/2016,14
CK-12595,US-2016-167472,6/6/2016,15
CK-12595,US-2016-167472,6/6/2016,16
CK-12595,US-2016-167472,6/6/2016,17
CK-12595,CA-2015-142237,7/11/2015,18
CK-12595,CA-2015-142237,7/11/2015,19
CK-12595,CA-2015-142237,7/11/2015,20
CK-12595,CA-2015-142237,7/11/2015,21
CK-12595,CA-2015-142237,7/11/2015,22
CK-12595,CA-2015-142237,7/11/2015,23
CK-12595,CA-2015-120516,8/13/2015,24
CK-12595,CA-2016-158610,9/19/2016,25
CK-12760,US-2017-117247,10/9/2017,1
CK-12760,US-2017-117247,10/9/2017,2
CK-12760,CA-2016-101336,11/13/2016,3
CK-12760,CA-2016-101336,11/13/2016,4
CK-12760,CA-2016-101336,11/13/2016,5
CK-12760,CA-2016-101336,11/13/2016,6
CK-12760,CA-2014-104976,12/9/2014,7
CK-12760,US-2016-140809,2/1/2016,8
CK-12760,CA-2016-101630,2/19/2016,9
CK-12760,CA-2016-101630,2/19/2016,10
CK-12760,CA-2014-107755,2/7/2014,11
CK-12760,US-2017-166611,3/28/2017,12
CK-12760,CA-2015-127754,7/26/2015,13
CK-12760,CA-2015-160696,9/6/2015,14
CL-11890,US-2016-150035,12/1/2016,1
CL-11890,CA-2017-121888,9/15/2017,2
CL-11890,CA-2017-121888,9/15/2017,3
CL-11890,CA-2017-121888,9/15/2017,4
CL-11890,CA-2017-121888,9/15/2017,5
CL-12565,CA-2016-128867,11/3/2016,1
CL-12565,CA-2016-128867,11/3/2016,2
CL-12565,CA-2016-118129,12/19/2016,3
CL-12565,CA-2015-135580,12/30/2015,4
CL-12565,CA-2015-135580,12/30/2015,5
CL-12565,CA-2015-135580,12/30/2015,6
CL-12565,CA-2015-135580,12/30/2015,7
CL-12565,CA-2015-135580,12/30/2015,8
CL-12565,CA-2017-129567,3/17/2017,9
CL-12565,CA-2017-119452,3/21/2017,10
CL-12565,CA-2014-116239,3/4/2014,11
CL-12565,CA-2016-134803,5/28/2016,12
CL-12565,CA-2016-134803,5/28/2016,13
CL-12565,CA-2016-134803,5/28/2016,14
CL-12565,CA-2016-134803,5/28/2016,15
CL-12565,CA-2016-134803,5/28/2016,16
CL-12565,CA-2016-106530,5/8/2016,17
CL-12565,CA-2016-106530,5/8/2016,18
CL-12565,CA-2016-106530,5/8/2016,19
CL-12565,CA-2016-106530,5/8/2016,20
CL-12565,CA-2016-106530,5/8/2016,21
CL-12565,CA-2014-131310,7/12/2014,22
CL-12565,CA-2014-131310,7/12/2014,23
CL-12565,CA-2014-125731,9/10/2014,24
CL-12565,CA-2014-125731,9/10/2014,25
CL-12565,CA-2016-153178,9/14/2016,26
CL-12565,CA-2016-153178,9/14/2016,27
CL-12565,CA-2014-127936,9/2/2014,28
CL-12700,US-2017-166037,1/28/2017,1
CL-12700,CA-2017-159604,4/14/2017,2
CL-12700,CA-2016-149279,4/24/2016,3
CL-12700,CA-2016-149279,4/24/2016,4
CL-12700,CA-2016-149279,4/24/2016,5
CL-12700,CA-2017-141446,9/16/2017,6
CL-12700,CA-2016-108875,9/24/2016,7
CL-12700,CA-2016-108875,9/24/2016,8
CM-11815,CA-2014-151554,11/14/2014,1
CM-11815,CA-2014-127383,12/31/2014,2
CM-11815,CA-2017-140494,3/10/2017,3
CM-11815,CA-2017-145765,5/28/2017,4
CM-11815,CA-2017-145765,5/28/2017,5
CM-11815,CA-2017-145765,5/28/2017,6
CM-11815,CA-2017-121489,8/21/2017,7
CM-11815,CA-2017-121489,8/21/2017,8
CM-11815,CA-2017-121489,8/21/2017,9
CM-11815,CA-2016-110730,9/23/2016,10
CM-11935,US-2016-135923,1/22/2016,1
CM-11935,US-2016-135923,1/22/2016,2
CM-11935,US-2016-135923,1/22/2016,3
CM-11935,CA-2015-147816,9/24/2015,4
CM-12115,CA-2017-137414,10/2/2017,1
CM-12115,CA-2017-137414,10/2/2017,2
CM-12115,CA-2017-149699,12/22/2017,3
CM-12115,CA-2017-100524,3/31/2017,4
CM-12115,CA-2017-100524,3/31/2017,5
CM-12115,CA-2017-100524,3/31/2017,6
CM-12160,CA-2016-111493,10/21/2016,1
CM-12160,CA-2017-113453,10/21/2017,2
CM-12160,CA-2017-113453,10/21/2017,3
CM-12160,CA-2016-155530,12/17/2016,4
CM-12160,CA-2017-156412,12/4/2017,5
CM-12160,CA-2017-162936,8/18/2017,6
CM-12160,US-2017-139955,9/28/2017,7
CM-12190,CA-2015-152527,10/17/2015,1
CM-12190,US-2017-118598,11/16/2017,2
CM-12190,CA-2015-158554,11/9/2015,3
CM-12190,CA-2017-146164,12/22/2017,4
CM-12190,CA-2017-146164,12/22/2017,5
CM-12190,CA-2017-165386,8/3/2017,6
CM-12190,CA-2015-101154,9/18/2015,7
CM-12235,US-2016-114230,11/27/2016,1
CM-12235,CA-2016-144309,12/10/2016,2
CM-12235,CA-2016-101525,5/1/2016,3
CM-12235,CA-2016-101525,5/1/2016,4
CM-12235,CA-2016-101525,5/1/2016,5
CM-12235,CA-2016-149237,5/26/2016,6
CM-12235,CA-2016-155845,8/12/2016,7
CM-12385,CA-2017-111738,1/3/2017,1
CM-12385,CA-2017-111738,1/3/2017,2
CM-12385,CA-2017-119746,11/23/2017,3
CM-12385,CA-2017-119746,11/23/2017,4
CM-12385,CA-2017-119746,11/23/2017,5
CM-12385,CA-2015-145352,3/16/2015,6
CM-12385,CA-2015-145352,3/16/2015,7
CM-12385,CA-2015-145352,3/16/2015,8
CM-12385,CA-2015-145352,3/16/2015,9
CM-12385,CA-2015-128027,9/14/2015,10
CM-12445,CA-2016-133697,10/20/2016,1
CM-12445,CA-2016-133697,10/20/2016,2
CM-12445,CA-2016-133697,10/20/2016,3
CM-12445,CA-2014-133851,6/9/2014,4
CM-12445,CA-2014-133851,6/9/2014,5
CM-12445,CA-2016-145898,9/26/2016,6
CM-12445,CA-2016-145898,9/26/2016,7
CM-12445,CA-2016-145898,9/26/2016,8
CM-12445,CA-2016-145898,9/26/2016,9
CM-12655,CA-2017-113418,10/1/2017,1
CM-12655,US-2016-113677,11/13/2016,2
CM-12655,US-2016-113677,11/13/2016,3
CM-12655,CA-2015-140410,11/3/2015,4
CM-12655,CA-2015-140410,11/3/2015,5
CM-12655,CA-2015-140410,11/3/2015,6
CM-12655,CA-2017-143126,12/3/2017,7
CM-12655,CA-2015-168088,3/19/2015,8
CM-12655,CA-2015-168088,3/19/2015,9
CM-12655,CA-2016-169026,8/8/2016,10
CM-12715,CA-2014-103492,10/10/2014,1
CM-12715,CA-2014-103492,10/10/2014,2
CM-12715,CA-2014-103492,10/10/2014,3
CM-12715,CA-2014-103492,10/10/2014,4
CM-12715,CA-2015-133585,3/1/2015,5
CM-12715,CA-2015-133585,3/1/2015,6
CM-12715,CA-2014-104563,3/7/2014,7
CM-12715,CA-2014-104563,3/7/2014,8
CM-12715,CA-2014-104563,3/7/2014,9
CM-12715,CA-2014-104563,3/7/2014,10
CM-12715,CA-2014-144974,9/26/2014,11
CM-12715,CA-2014-144974,9/26/2014,12
CM-12715,CA-2014-144974,9/26/2014,13
Co-12640,CA-2014-136280,11/29/2014,1
Co-12640,CA-2014-162866,12/27/2014,2
Co-12640,CA-2014-162866,12/27/2014,3
Co-12640,US-2014-112949,6/20/2014,4
Co-12640,US-2014-112949,6/20/2014,5
Co-12640,CA-2016-140543,6/29/2016,6
Co-12640,CA-2015-147501,8/2/2015,7
Co-12640,CA-2015-147501,8/2/2015,8
CP-12085,US-2017-167402,1/13/2017,1
CP-12085,US-2017-167402,1/13/2017,2
CP-12085,US-2017-167402,1/13/2017,3
CP-12085,US-2017-167402,1/13/2017,4
CP-12085,CA-2017-132430,10/9/2017,5
CP-12085,CA-2014-127187,12/4/2014,6
CP-12085,CA-2015-145457,3/24/2015,7
CP-12085,CA-2016-128258,3/30/2016,8
CP-12085,CA-2016-113236,5/26/2016,9
CP-12085,CA-2016-113236,5/26/2016,10
CP-12085,CA-2017-144064,8/29/2017,11
CP-12085,CA-2017-144064,8/29/2017,12
CP-12085,CA-2017-144064,8/29/2017,13
CP-12340,US-2016-108098,10/14/2016,1
CP-12340,CA-2015-105571,11/7/2015,2
CP-12340,CA-2015-105571,11/7/2015,3
CP-12340,US-2014-148838,3/17/2014,4
CP-12340,US-2014-148838,3/17/2014,5
CP-12340,US-2014-148838,3/17/2014,6
CP-12340,US-2014-148838,3/17/2014,7
CP-12340,US-2014-148838,3/17/2014,8
CP-12340,CA-2017-168102,4/24/2017,9
CP-12340,CA-2016-127642,5/21/2016,10
CP-12340,CA-2016-133613,6/17/2016,11
CP-12340,CA-2016-133613,6/17/2016,12
CP-12340,CA-2016-133613,6/17/2016,13
CP-12340,CA-2016-164889,6/3/2016,14
CP-12340,CA-2017-117240,7/23/2017,15
CR-12580,CA-2016-165561,11/24/2016,1
CR-12580,US-2017-105998,11/3/2017,2
CR-12580,US-2017-105998,11/3/2017,3
CR-12580,CA-2016-155551,4/18/2016,4
CR-12580,CA-2016-155551,4/18/2016,5
CR-12580,CA-2016-101742,9/23/2016,6
CR-12625,CA-2014-111003,6/1/2014,1
CR-12625,CA-2014-111003,6/1/2014,2
CR-12625,US-2014-112795,8/23/2014,3
CR-12625,CA-2016-162159,9/16/2016,4
CR-12730,CA-2017-116519,10/13/2017,1
CR-12730,CA-2016-164035,6/12/2016,2
CR-12730,CA-2014-166716,8/20/2014,3
CR-12730,CA-2016-137239,8/22/2016,4
CR-12730,CA-2016-137239,8/22/2016,5
CR-12730,CA-2016-137239,8/22/2016,6
CR-12820,CA-2015-128958,1/24/2015,1
CR-12820,US-2017-136868,10/6/2017,2
CR-12820,US-2017-136868,10/6/2017,3
CR-12820,CA-2017-159149,2/17/2017,4
CR-12820,CA-2017-159149,2/17/2017,5
CR-12820,CA-2017-159149,2/17/2017,6
CS-11845,CA-2014-130575,12/14/2014,1
CS-11845,CA-2017-131828,2/11/2017,2
CS-11845,CA-2017-131828,2/11/2017,3
CS-11845,CA-2015-136378,4/2/2015,4
CS-11845,US-2015-138716,9/17/2015,5
CS-11845,CA-2017-147452,9/30/2017,6
CS-11845,CA-2017-147452,9/30/2017,7
CS-11860,CA-2015-150413,10/19/2015,1
CS-11860,CA-2014-124618,5/2/2014,2
CS-11860,CA-2017-158883,6/2/2017,3
CS-11860,US-2014-121566,6/30/2014,4
CS-11860,US-2014-121566,6/30/2014,5
CS-11860,CA-2017-106047,7/12/2017,6
CS-11860,US-2017-123204,7/21/2017,7
CS-11950,CA-2016-161746,10/21/2016,1
CS-11950,CA-2016-161746,10/21/2016,2
CS-11950,CA-2016-161746,10/21/2016,3
CS-11950,CA-2016-161746,10/21/2016,4
CS-11950,CA-2017-144365,10/24/2017,5
CS-11950,US-2014-159926,11/18/2014,6
CS-11950,US-2014-159926,11/18/2014,7
CS-11950,US-2014-159926,11/18/2014,8
CS-11950,US-2014-159926,11/18/2014,9
CS-11950,US-2014-159926,11/18/2014,10
CS-11950,US-2017-126053,12/5/2017,11
CS-11950,US-2017-126053,12/5/2017,12
CS-11950,US-2016-151827,3/31/2016,13
CS-11950,US-2016-151827,3/31/2016,14
CS-11950,CA-2016-120796,4/3/2016,15
CS-11950,CA-2017-102820,5/7/2017,16
CS-11950,US-2014-141257,6/8/2014,17
CS-11950,CA-2017-118640,7/20/2017,18
CS-11950,CA-2015-151869,9/25/2015,19
CS-11950,CA-2015-151869,9/25/2015,20
CS-11950,CA-2016-159737,9/3/2016,21
CS-12130,US-2015-120712,12/20/2015,1
CS-12130,US-2016-144211,8/28/2016,2
CS-12130,US-2016-144211,8/28/2016,3
CS-12130,CA-2014-118962,8/5/2014,4
CS-12130,CA-2014-118962,8/5/2014,5
CS-12130,CA-2014-118962,8/5/2014,6
CS-12130,CA-2015-102036,9/21/2015,7
CS-12175,US-2016-159415,4/17/2016,1
CS-12175,CA-2017-161592,4/6/2017,2
CS-12175,CA-2017-117632,5/12/2017,3
CS-12175,CA-2017-117632,5/12/2017,4
CS-12175,CA-2017-117632,5/12/2017,5
CS-12175,CA-2017-117632,5/12/2017,6
CS-12175,CA-2014-109302,8/12/2014,7
CS-12175,CA-2016-157714,9/26/2016,8
CS-12250,CA-2014-162775,1/13/2014,1
CS-12250,CA-2014-162775,1/13/2014,2
CS-12250,CA-2014-162775,1/13/2014,3
CS-12250,CA-2014-162775,1/13/2014,4
CS-12250,CA-2014-162775,1/13/2014,5
CS-12250,CA-2017-139080,1/23/2017,6
CS-12250,CA-2017-139080,1/23/2017,7
CS-12250,CA-2017-139080,1/23/2017,8
CS-12250,CA-2017-139080,1/23/2017,9
CS-12250,CA-2015-149811,1/4/2015,10
CS-12250,CA-2015-149811,1/4/2015,11
CS-12250,CA-2017-105487,10/8/2017,12
CS-12250,CA-2017-105487,10/8/2017,13
CS-12250,CA-2017-105487,10/8/2017,14
CS-12250,CA-2017-105487,10/8/2017,15
CS-12250,CA-2015-136420,11/20/2015,16
CS-12250,CA-2015-136420,11/20/2015,17
CS-12250,CA-2017-148992,11/23/2017,18
CS-12250,CA-2014-101560,11/28/2014,19
CS-12250,CA-2014-101560,11/28/2014,20
CS-12250,CA-2014-101560,11/28/2014,21
CS-12250,CA-2015-121041,11/3/2015,22
CS-12250,US-2014-169390,2/7/2014,23
CS-12250,CA-2016-161095,6/28/2016,24
CS-12250,CA-2016-161095,6/28/2016,25
CS-12250,CA-2016-119641,9/22/2016,26
CS-12355,CA-2017-164364,11/12/2017,1
CS-12355,CA-2017-164364,11/12/2017,2
CS-12355,CA-2017-164364,11/12/2017,3
CS-12355,CA-2017-165687,11/17/2017,4
CS-12355,CA-2017-124296,12/24/2017,5
CS-12355,CA-2017-124296,12/24/2017,6
CS-12355,CA-2016-128111,3/17/2016,7
CS-12355,CA-2017-131233,4/14/2017,8
CS-12355,CA-2017-131233,4/14/2017,9
CS-12355,CA-2017-111269,6/16/2017,10
CS-12355,CA-2017-111269,6/16/2017,11
CS-12355,CA-2015-139164,6/23/2015,12
CS-12355,CA-2015-139164,6/23/2015,13
CS-12355,CA-2015-139164,6/23/2015,14
CS-12355,CA-2017-105053,7/7/2017,15
CS-12355,CA-2014-141005,8/15/2014,16
CS-12355,CA-2014-109043,8/15/2014,17
CS-12355,CA-2014-109043,8/15/2014,18
CS-12355,CA-2015-142755,9/4/2015,19
CS-12355,CA-2015-142755,9/4/2015,20
CS-12355,CA-2015-142755,9/4/2015,21
CS-12355,CA-2015-142755,9/4/2015,22
CS-12400,US-2015-119312,10/2/2015,1
CS-12400,US-2017-119662,11/13/2017,2
CS-12400,CA-2016-140207,11/5/2016,3
CS-12400,CA-2017-135111,12/28/2017,4
CS-12400,CA-2017-135111,12/28/2017,5
CS-12400,US-2017-100930,4/7/2017,6
CS-12400,US-2017-100930,4/7/2017,7
CS-12400,US-2017-100930,4/7/2017,8
CS-12400,US-2017-100930,4/7/2017,9
CS-12400,US-2017-100930,4/7/2017,10
CS-12400,CA-2016-133816,5/10/2016,11
CS-12400,CA-2017-127096,9/15/2017,12
CS-12400,CA-2014-127586,9/26/2014,13
CS-12400,CA-2017-107293,9/5/2017,14
CS-12460,CA-2017-148691,12/3/2017,1
CS-12460,CA-2017-148691,12/3/2017,2
CS-12460,CA-2017-148691,12/3/2017,3
CS-12460,CA-2017-148691,12/3/2017,4
CS-12460,US-2017-126179,7/3/2017,5
CS-12460,US-2017-126179,7/3/2017,6
CS-12490,CA-2015-128608,1/12/2015,1
CS-12490,CA-2015-128608,1/12/2015,2
CS-12490,CA-2015-128608,1/12/2015,3
CS-12490,CA-2015-128608,1/12/2015,4
CS-12490,CA-2015-128608,1/12/2015,5
CS-12490,CA-2016-100671,11/1/2016,6
CS-12490,CA-2016-144785,4/18/2016,7
CS-12490,CA-2016-118073,8/12/2016,8
CS-12505,CA-2016-121958,11/13/2016,1
CS-12505,US-2017-115609,11/2/2017,2
CS-12505,CA-2016-108196,11/25/2016,3
CS-12505,CA-2016-108196,11/25/2016,4
CS-12505,CA-2016-108196,11/25/2016,5
CS-12505,CA-2014-100860,3/26/2014,6
CS-12505,CA-2015-159380,5/12/2015,7
CS-12505,CA-2015-159380,5/12/2015,8
CS-12505,CA-2016-134208,9/17/2016,9
CT-11995,US-2016-126893,11/26/2016,1
CT-11995,CA-2014-138681,12/20/2014,2
CT-11995,CA-2014-138681,12/20/2014,3
CT-11995,CA-2014-138681,12/20/2014,4
CT-11995,CA-2014-138681,12/20/2014,5
CT-11995,CA-2014-138681,12/20/2014,6
CT-11995,CA-2014-166086,5/7/2014,7
CT-11995,CA-2014-166086,5/7/2014,8
CT-11995,CA-2014-166086,5/7/2014,9
CT-11995,CA-2014-166086,5/7/2014,10
CT-11995,CA-2017-137085,6/29/2017,11
CT-11995,CA-2017-158106,6/4/2017,12
CT-11995,US-2016-141264,8/13/2016,13
CT-11995,US-2016-141264,8/13/2016,14
CT-11995,CA-2015-145849,9/15/2015,15
CT-11995,CA-2015-145849,9/15/2015,16
CT-11995,CA-2017-162481,9/25/2017,17
CT-11995,CA-2017-162481,9/25/2017,18
CV-12295,US-2017-117534,3/25/2017,1
CV-12295,US-2017-117534,3/25/2017,2
CV-12295,US-2017-117534,3/25/2017,3
CV-12295,US-2017-117534,3/25/2017,4
CV-12295,US-2017-117534,3/25/2017,5
CV-12295,US-2014-137869,3/28/2014,6
CV-12295,US-2014-137869,3/28/2014,7
CV-12295,CA-2017-119655,4/20/2017,8
CV-12295,CA-2017-119655,4/20/2017,9
CV-12295,CA-2014-151792,9/2/2014,10
CV-12295,CA-2016-123120,9/4/2016,11
CV-12295,CA-2016-123120,9/4/2016,12
CV-12295,CA-2016-123120,9/4/2016,13
CV-12805,CA-2017-157252,1/20/2017,1
CV-12805,CA-2017-146780,12/25/2017,2
CV-12805,CA-2017-164707,2/18/2017,3
CV-12805,CA-2017-164707,2/18/2017,4
CV-12805,CA-2017-164707,2/18/2017,5
CV-12805,CA-2017-151484,4/20/2017,6
CV-12805,CA-2017-151484,4/20/2017,7
CV-12805,CA-2017-151484,4/20/2017,8
CV-12805,CA-2017-151484,4/20/2017,9
CV-12805,CA-2017-135692,4/27/2017,10
CV-12805,CA-2017-135692,4/27/2017,11
CV-12805,US-2016-144057,5/9/2016,12
CV-12805,US-2016-144057,5/9/2016,13
CV-12805,US-2016-144057,5/9/2016,14
CV-12805,US-2016-144057,5/9/2016,15
CV-12805,US-2016-144057,5/9/2016,16
CV-12805,CA-2017-146493,6/1/2017,17
CV-12805,CA-2016-120859,9/1/2016,18
CV-12805,CA-2017-137582,9/4/2017,19
CW-11905,CA-2015-119214,1/23/2015,1
CW-11905,CA-2015-119214,1/23/2015,2
CW-11905,CA-2016-119018,11/4/2016,3
CW-11905,CA-2016-119018,11/4/2016,4
CW-11905,CA-2016-119018,11/4/2016,5
CW-11905,CA-2017-152436,12/8/2017,6
CW-11905,CA-2017-161655,5/13/2017,7
CW-11905,CA-2015-156153,5/31/2015,8
CW-11905,CA-2014-133753,6/9/2014,9
CW-11905,CA-2014-133753,6/9/2014,10
CW-11905,CA-2014-133753,6/9/2014,11
CY-12745,CA-2017-117114,10/31/2017,1
CY-12745,CA-2017-117114,10/31/2017,2
CY-12745,US-2014-122959,12/12/2014,3
CY-12745,CA-2015-109708,5/25/2015,4
CY-12745,CA-2015-112144,6/28/2015,5
CY-12745,CA-2015-112144,6/28/2015,6
CY-12745,CA-2016-166163,8/15/2016,7
CY-12745,CA-2016-166163,8/15/2016,8
CY-12745,CA-2017-130302,9/14/2017,9
CY-12745,CA-2017-130715,9/16/2017,10
CY-12745,US-2016-101616,9/3/2016,11
DA-13450,US-2017-158512,1/12/2017,1
DA-13450,US-2017-158512,1/12/2017,2
DA-13450,US-2014-157406,4/25/2014,3
DA-13450,US-2014-157406,4/25/2014,4
DA-13450,US-2014-138835,9/10/2014,5
DA-13450,CA-2014-115133,9/26/2014,6
DA-13450,CA-2014-115133,9/26/2014,7
DB-12910,CA-2014-108707,10/24/2014,1
DB-12910,CA-2016-101672,10/3/2016,2
DB-12910,CA-2016-101672,10/3/2016,3
DB-12910,CA-2016-101672,10/3/2016,4
DB-12910,CA-2016-101672,10/3/2016,5
DB-12910,CA-2017-155089,12/2/2017,6
DB-12910,CA-2017-141201,12/9/2017,7
DB-12910,US-2017-159205,3/31/2017,8
DB-12910,US-2017-159205,3/31/2017,9
DB-12910,CA-2016-127985,4/1/2016,10
DB-12910,CA-2017-124898,9/11/2017,11
DB-12910,CA-2016-137176,9/9/2016,12
DB-12970,US-2014-159618,11/12/2014,1
DB-12970,US-2014-159618,11/12/2014,2
DB-12970,US-2014-159618,11/12/2014,3
DB-12970,US-2014-159618,11/12/2014,4
DB-12970,US-2014-159618,11/12/2014,5
DB-12970,CA-2015-141593,12/14/2015,6
DB-12970,CA-2015-141593,12/14/2015,7
DB-12970,CA-2015-141593,12/14/2015,8
DB-12970,CA-2015-141593,12/14/2015,9
DB-12970,CA-2016-110975,12/25/2016,10
DB-12970,CA-2016-110975,12/25/2016,11
DB-12970,CA-2017-132178,5/3/2017,12
DB-12970,CA-2017-132178,5/3/2017,13
DB-12970,CA-2016-162943,7/24/2016,14
DB-13060,CA-2017-107629,12/14/2017,1
DB-13060,CA-2017-107629,12/14/2017,2
DB-13060,CA-2017-107629,12/14/2017,3
DB-13060,CA-2017-121258,2/26/2017,4
DB-13060,CA-2017-121258,2/26/2017,5
DB-13060,CA-2017-121258,2/26/2017,6
DB-13060,CA-2014-104269,3/1/2014,7
DB-13060,CA-2016-113292,3/18/2016,8
DB-13060,CA-2014-128146,6/21/2014,9
DB-13060,CA-2014-128146,6/21/2014,10
DB-13060,CA-2016-127369,6/6/2016,11
DB-13060,CA-2017-132353,9/15/2017,12
DB-13120,US-2017-148551,1/12/2017,1
DB-13120,CA-2017-160514,11/12/2017,2
DB-13120,CA-2015-124653,12/24/2015,3
DB-13120,CA-2015-124653,12/24/2015,4
DB-13120,CA-2015-124653,12/24/2015,5
DB-13120,CA-2015-101889,12/27/2015,6
DB-13120,CA-2015-101889,12/27/2015,7
DB-13120,CA-2015-136700,12/6/2015,8
DB-13120,CA-2015-161998,5/1/2015,9
DB-13120,CA-2015-161998,5/1/2015,10
DB-13120,CA-2015-130204,9/3/2015,11
DB-13120,CA-2015-130204,9/3/2015,12
DB-13120,CA-2015-130204,9/3/2015,13
DB-13210,CA-2017-152709,10/7/2017,1
DB-13210,US-2016-134761,11/30/2016,2
DB-13210,CA-2017-165841,12/21/2017,3
DB-13210,CA-2017-165841,12/21/2017,4
DB-13210,CA-2017-109960,12/9/2017,5
DB-13210,CA-2017-109960,12/9/2017,6
DB-13210,CA-2017-109960,12/9/2017,7
DB-13210,CA-2017-109960,12/9/2017,8
DB-13210,CA-2015-157812,3/22/2015,9
DB-13210,CA-2015-157812,3/22/2015,10
DB-13210,CA-2015-157812,3/22/2015,11
DB-13210,US-2016-162677,3/26/2016,12
DB-13210,US-2016-162677,3/26/2016,13
DB-13210,CA-2016-108567,5/20/2016,14
DB-13210,CA-2016-122448,6/9/2016,15
DB-13210,CA-2016-149370,9/15/2016,16
DB-13210,CA-2016-158778,9/5/2016,17
DB-13210,CA-2016-158778,9/5/2016,18
DB-13210,CA-2016-158778,9/5/2016,19
DB-13270,US-2015-141453,11/30/2015,1
DB-13270,CA-2017-122504,11/7/2017,2
DB-13270,CA-2017-122504,11/7/2017,3
DB-13270,CA-2016-143609,12/11/2016,4
DB-13270,CA-2016-163804,12/2/2016,5
DB-13270,CA-2016-163804,12/2/2016,6
DB-13270,CA-2016-163804,12/2/2016,7
DB-13270,CA-2014-107181,2/4/2014,8
DB-13270,CA-2015-118227,4/24/2015,9
DB-13270,CA-2017-154011,6/19/2017,10
DB-13270,CA-2017-154011,6/19/2017,11
DB-13270,US-2016-144477,8/12/2016,12
DB-13360,CA-2014-100972,11/19/2014,1
DB-13360,CA-2016-119123,3/13/2016,2
DB-13360,CA-2017-150623,4/10/2017,3
DB-13360,CA-2017-150623,4/10/2017,4
DB-13360,CA-2016-139556,4/26/2016,5
DB-13360,CA-2015-143882,6/26/2015,6
DB-13405,CA-2017-140949,3/17/2017,1
DB-13405,CA-2017-140949,3/17/2017,2
DB-13405,CA-2017-140949,3/17/2017,3
DB-13405,CA-2017-140949,3/17/2017,4
DB-13405,CA-2017-140949,3/17/2017,5
DB-13405,CA-2017-140949,3/17/2017,6
DB-13405,CA-2017-140949,3/17/2017,7
DB-13405,CA-2017-140949,3/17/2017,8
DB-13405,CA-2017-157091,6/26/2017,9
DB-13405,CA-2015-129322,8/8/2015,10
DB-13405,CA-2015-129322,8/8/2015,11
DB-13405,CA-2015-129322,8/8/2015,12
DB-13405,CA-2015-141145,9/17/2015,13
DB-13555,CA-2014-114314,10/11/2014,1
DB-13555,CA-2014-114314,10/11/2014,2
DB-13555,CA-2017-104885,3/2/2017,3
DB-13555,CA-2017-104885,3/2/2017,4
DB-13555,CA-2017-104885,3/2/2017,5
DB-13555,CA-2017-104885,3/2/2017,6
DB-13555,CA-2014-136336,4/21/2014,7
DB-13555,US-2017-133200,5/6/2017,8
DB-13555,US-2017-133200,5/6/2017,9
DB-13555,US-2017-133200,5/6/2017,10
DB-13555,CA-2017-115882,9/14/2017,11
DB-13555,CA-2017-115882,9/14/2017,12
DB-13555,CA-2014-151953,9/20/2014,13
DB-13555,CA-2017-158036,9/8/2017,14
DB-13615,CA-2016-135636,10/8/2016,1
DB-13615,CA-2017-132185,11/27/2017,2
DB-13615,CA-2017-132185,11/27/2017,3
DB-13615,CA-2016-115224,12/8/2016,4
DB-13615,CA-2016-115224,12/8/2016,5
DB-13615,CA-2017-145779,5/6/2017,6
DB-13615,CA-2015-137946,9/1/2015,7
DB-13615,CA-2015-137946,9/1/2015,8
DB-13615,CA-2015-137946,9/1/2015,9
DB-13615,CA-2017-133074,9/21/2017,10
DB-13615,CA-2014-137351,9/30/2014,11
DB-13660,CA-2015-111990,11/8/2015,1
DB-13660,CA-2017-105886,12/18/2017,2
DB-13660,US-2017-105830,12/31/2016,3
DB-13660,CA-2017-101959,2/28/2017,4
DB-13660,CA-2017-101959,2/28/2017,5
DB-13660,CA-2017-101077,3/25/2017,6
DB-13660,CA-2014-104402,6/17/2014,7
DB-13660,CA-2017-121853,9/23/2017,8
DB-13660,CA-2017-121853,9/23/2017,9
DB-13660,CA-2017-121853,9/23/2017,10
DC-12850,CA-2017-167017,11/23/2017,1
DC-12850,CA-2015-143532,3/19/2015,2
DC-12850,CA-2016-130911,3/24/2016,3
DC-12850,CA-2016-130911,3/24/2016,4
DC-12850,US-2017-133781,6/22/2017,5
DC-12850,CA-2017-100426,6/4/2017,6
DC-12850,US-2014-160444,7/5/2014,7
DC-12850,US-2014-160444,7/5/2014,8
DC-12850,CA-2017-128363,8/13/2017,9
DC-12850,CA-2017-128363,8/13/2017,10
DC-12850,CA-2017-128363,8/13/2017,11
DC-12850,CA-2017-128363,8/13/2017,12
DC-12850,CA-2017-128363,8/13/2017,13
DC-12850,CA-2017-128363,8/13/2017,14
DC-12850,CA-2017-128363,8/13/2017,15
DC-12850,CA-2014-145212,9/13/2014,16
DC-12850,CA-2017-131016,9/18/2017,17
DC-12850,CA-2017-131016,9/18/2017,18
DC-13285,CA-2017-104003,10/7/2017,1
DC-13285,CA-2016-137736,11/10/2016,2
DC-13285,CA-2014-106803,12/29/2014,3
DC-13285,CA-2014-106803,12/29/2014,4
DC-13285,US-2017-136189,12/7/2017,5
DC-13285,CA-2015-117884,3/22/2015,6
DC-13285,CA-2015-117884,3/22/2015,7
DD-13570,CA-2017-110926,11/19/2017,1
DD-13570,CA-2014-166730,12/30/2014,2
DD-13570,US-2014-104759,3/31/2014,3
DD-13570,US-2014-104759,3/31/2014,4
DD-13570,CA-2017-147844,5/2/2017,5
DD-13570,CA-2017-147844,5/2/2017,6
DD-13570,CA-2017-147844,5/2/2017,7
DD-13570,CA-2017-125640,7/25/2017,8
DD-13570,US-2016-148334,8/22/2016,9
DE-13255,CA-2016-126529,1/11/2016,1
DE-13255,CA-2016-126529,1/11/2016,2
DE-13255,CA-2016-126529,1/11/2016,3
DE-13255,CA-2014-109134,11/5/2014,4
DE-13255,CA-2015-142601,4/18/2015,5
DE-13255,CA-2014-123253,8/22/2014,6
DE-13255,CA-2015-153381,9/24/2015,7
DF-13135,CA-2016-168032,1/30/2016,1
DF-13135,CA-2016-168032,1/30/2016,2
DF-13135,CA-2016-168032,1/30/2016,3
DF-13135,CA-2014-153479,10/4/2014,4
DF-13135,CA-2014-153479,10/4/2014,5
DF-13135,CA-2015-124933,12/26/2015,6
DG-13300,CA-2015-130848,10/25/2015,1
DG-13300,CA-2014-139423,11/1/2014,2
DG-13300,CA-2017-123372,11/28/2017,3
DG-13300,CA-2017-123372,11/28/2017,4
DG-13300,US-2015-153500,7/3/2015,5
DG-13300,US-2015-153500,7/3/2015,6
DG-13300,US-2015-153500,7/3/2015,7
DG-13300,US-2016-106313,8/22/2016,8
DH-13075,CA-2014-102274,11/21/2014,1
DH-13075,CA-2014-102274,11/21/2014,2
DH-13075,CA-2014-102274,11/21/2014,3
DH-13075,CA-2014-102274,11/21/2014,4
DH-13075,CA-2015-102316,3/1/2015,5
DH-13075,CA-2015-102316,3/1/2015,6
DH-13075,CA-2015-159534,3/20/2015,7
DH-13075,CA-2015-159534,3/20/2015,8
DH-13075,CA-2015-159534,3/20/2015,9
DH-13075,CA-2015-159534,3/20/2015,10
DH-13075,CA-2015-159534,3/20/2015,11
DH-13075,US-2017-147886,3/28/2017,12
DH-13075,US-2017-147886,3/28/2017,13
DH-13075,US-2017-147886,3/28/2017,14
DH-13075,US-2017-147886,3/28/2017,15
DH-13075,US-2017-147886,3/28/2017,16
DH-13075,US-2017-147886,3/28/2017,17
DH-13075,US-2017-147886,3/28/2017,18
DH-13075,CA-2015-104941,6/13/2015,19
DH-13075,CA-2015-104941,6/13/2015,20
DH-13075,CA-2015-104941,6/13/2015,21
DH-13075,CA-2015-104941,6/13/2015,22
DH-13075,CA-2016-166240,6/24/2016,23
DH-13675,CA-2015-145324,11/15/2015,1
DH-13675,CA-2014-105249,11/28/2014,2
DH-13675,CA-2014-105249,11/28/2014,3
DH-13675,CA-2014-105249,11/28/2014,4
DH-13675,CA-2014-156244,8/12/2014,5
DH-13675,CA-2014-156244,8/12/2014,6
DH-13675,CA-2014-156244,8/12/2014,7
DH-13675,CA-2014-156244,8/12/2014,8
DH-13675,CA-2014-156244,8/12/2014,9
DH-13675,CA-2014-156244,8/12/2014,10
DH-13675,CA-2015-127593,9/21/2015,11
DJ-13420,CA-2015-109736,10/10/2015,1
DJ-13420,CA-2015-168004,10/4/2015,2
DJ-13420,CA-2014-144071,12/8/2014,3
DJ-13420,CA-2014-144071,12/8/2014,4
DJ-13420,CA-2016-123540,4/2/2016,5
DJ-13510,US-2017-132220,11/12/2017,1
DJ-13510,CA-2017-153339,11/3/2017,2
DJ-13510,US-2017-118535,2/11/2017,3
DJ-13510,CA-2017-137876,4/30/2017,4
DJ-13510,CA-2017-137876,4/30/2017,5
DJ-13510,CA-2017-156895,5/8/2017,6
DJ-13510,CA-2014-111500,8/17/2014,7
DJ-13510,CA-2014-111500,8/17/2014,8
DJ-13510,CA-2014-111500,8/17/2014,9
DJ-13510,CA-2014-111500,8/17/2014,10
DJ-13510,CA-2016-128594,8/26/2016,11
DJ-13510,CA-2017-108749,9/12/2017,12
DJ-13510,CA-2017-108749,9/12/2017,13
DJ-13630,CA-2016-164511,11/19/2016,1
DJ-13630,CA-2016-164511,11/19/2016,2
DJ-13630,CA-2016-164511,11/19/2016,3
DJ-13630,CA-2015-123232,12/14/2015,4
DJ-13630,CA-2017-115602,12/18/2017,5
DJ-13630,CA-2017-115602,12/18/2017,6
DJ-13630,CA-2017-115602,12/18/2017,7
DJ-13630,CA-2017-115602,12/18/2017,8
DK-12835,CA-2017-167094,10/21/2017,1
DK-12835,CA-2017-167094,10/21/2017,2
DK-12835,CA-2017-167094,10/21/2017,3
DK-12835,US-2015-164448,10/31/2015,4
DK-12835,US-2015-164448,10/31/2015,5
DK-12835,US-2015-164448,10/31/2015,6
DK-12835,US-2015-164448,10/31/2015,7
DK-12835,US-2014-143721,11/23/2014,8
DK-12835,US-2016-161844,12/9/2016,9
DK-12835,CA-2017-139199,12/9/2017,10
DK-12835,CA-2017-139199,12/9/2017,11
DK-12835,CA-2017-139199,12/9/2017,12
DK-12835,CA-2015-147529,2/7/2015,13
DK-12835,CA-2015-147529,2/7/2015,14
DK-12835,CA-2016-120082,3/25/2016,15
DK-12835,CA-2014-141838,3/26/2014,16
DK-12835,CA-2014-141838,3/26/2014,17
DK-12835,CA-2014-141838,3/26/2014,18
DK-12835,CA-2017-149489,4/24/2017,19
DK-12835,CA-2017-149489,4/24/2017,20
DK-12835,CA-2017-149489,4/24/2017,21
DK-12835,CA-2016-160941,7/21/2016,22
DK-12835,CA-2016-160941,7/21/2016,23
DK-12835,CA-2017-104388,7/5/2017,24
DK-12835,CA-2017-168403,9/9/2017,25
DK-12835,CA-2017-168403,9/9/2017,26
DK-12895,CA-2017-108112,11/15/2017,1
DK-12895,CA-2015-105627,3/8/2015,2
DK-12895,CA-2015-105627,3/8/2015,3
DK-12895,CA-2015-105627,3/8/2015,4
DK-12895,CA-2015-105627,3/8/2015,5
DK-12895,CA-2015-105627,3/8/2015,6
DK-12895,CA-2017-152310,8/12/2017,7
DK-12895,CA-2017-152310,8/12/2017,8
DK-12895,CA-2017-152310,8/12/2017,9
DK-12895,CA-2017-152310,8/12/2017,10
DK-12895,CA-2017-152310,8/12/2017,11
DK-12895,CA-2017-152310,8/12/2017,12
DK-12895,CA-2017-133501,8/27/2017,13
DK-12895,CA-2015-139738,9/25/2015,14
DK-12985,CA-2014-163034,11/24/2014,1
DK-12985,CA-2017-140627,12/23/2017,2
DK-12985,CA-2017-140627,12/23/2017,3
DK-12985,CA-2017-140627,12/23/2017,4
DK-12985,CA-2015-134894,12/7/2015,5
DK-12985,CA-2015-134894,12/7/2015,6
DK-12985,US-2017-141943,5/5/2017,7
DK-12985,CA-2015-112767,8/2/2015,8
DK-13090,CA-2017-117807,10/1/2017,1
DK-13090,CA-2015-129098,10/9/2015,2
DK-13090,CA-2017-104913,11/18/2017,3
DK-13090,CA-2017-100622,11/3/2017,4
DK-13090,CA-2017-100622,11/3/2017,5
DK-13090,CA-2017-100622,11/3/2017,6
DK-13090,CA-2017-100622,11/3/2017,7
DK-13090,CA-2016-134334,2/14/2016,8
DK-13090,CA-2016-134334,2/14/2016,9
DK-13090,CA-2016-134334,2/14/2016,10
DK-13090,CA-2016-134334,2/14/2016,11
DK-13090,CA-2017-124940,2/21/2017,12
DK-13090,CA-2015-110457,3/2/2015,13
DK-13150,CA-2017-102197,12/20/2017,1
DK-13150,CA-2017-102197,12/20/2017,2
DK-13150,CA-2017-102197,12/20/2017,3
DK-13150,CA-2014-166191,12/5/2014,4
DK-13150,CA-2014-166191,12/5/2014,5
DK-13225,CA-2015-113173,11/15/2015,1
DK-13225,CA-2015-113173,11/15/2015,2
DK-13225,CA-2015-113173,11/15/2015,3
DK-13225,CA-2016-130288,11/26/2016,4
DK-13225,CA-2017-105480,12/20/2017,5
DK-13225,CA-2017-105480,12/20/2017,6
DK-13225,CA-2015-122756,12/3/2015,7
DK-13225,CA-2015-122756,12/3/2015,8
DK-13225,CA-2016-127138,3/12/2016,9
DK-13225,CA-2016-127138,3/12/2016,10
DK-13225,CA-2016-127138,3/12/2016,11
DK-13225,CA-2014-157623,3/14/2014,12
DK-13225,CA-2014-157623,3/14/2014,13
DK-13225,CA-2017-100650,6/29/2017,14
DK-13225,CA-2016-168543,7/3/2016,15
DK-13225,CA-2016-155481,9/1/2016,16
DK-13225,CA-2016-155481,9/1/2016,17
DK-13225,CA-2016-155481,9/1/2016,18
DK-13375,CA-2017-166835,11/12/2017,1
DK-13375,CA-2017-165099,12/11/2017,2
DK-13375,CA-2015-145065,12/12/2015,3
DK-13375,CA-2015-145065,12/12/2015,4
DK-13375,CA-2015-131884,12/6/2015,5
DK-13375,CA-2015-131884,12/6/2015,6
DK-13375,CA-2015-131884,12/6/2015,7
DK-13375,US-2016-139087,7/17/2016,8
DK-13375,US-2016-139087,7/17/2016,9
DK-13375,US-2016-139087,7/17/2016,10
DK-13375,US-2016-139087,7/17/2016,11
DK-13375,US-2016-139087,7/17/2016,12
DK-13375,US-2016-139087,7/17/2016,13
DK-13375,US-2016-139087,7/17/2016,14
DK-13375,US-2016-111290,7/22/2016,15
DK-13375,US-2016-111290,7/22/2016,16
DK-13375,US-2016-111290,7/22/2016,17
DK-13375,US-2016-111290,7/22/2016,18
DK-13375,CA-2017-133046,7/27/2017,19
DK-13375,CA-2017-133046,7/27/2017,20
DK-13375,CA-2017-133046,7/27/2017,21
DK-13375,CA-2017-133046,7/27/2017,22
DK-13375,CA-2014-100006,9/7/2014,23
DL-12865,CA-2017-154718,1/19/2017,1
DL-12865,CA-2014-143182,10/15/2014,2
DL-12865,CA-2015-156524,11/20/2015,3
DL-12865,CA-2016-102456,2/27/2016,4
DL-12865,CA-2016-154060,5/2/2016,5
DL-12865,CA-2014-165974,6/29/2014,6
DL-12865,US-2016-125402,9/25/2016,7
DL-12865,US-2016-125402,9/25/2016,8
DL-12865,US-2016-125402,9/25/2016,9
DL-12865,US-2016-125402,9/25/2016,10
DL-12865,US-2016-125402,9/25/2016,11
DL-12865,US-2016-125402,9/25/2016,12
DL-12865,US-2016-125402,9/25/2016,13
DL-12925,CA-2015-134747,10/12/2015,1
DL-12925,CA-2015-134747,10/12/2015,2
DL-12925,CA-2015-134747,10/12/2015,3
DL-12925,US-2014-137155,11/1/2014,4
DL-12925,US-2014-137155,11/1/2014,5
DL-12925,US-2014-137155,11/1/2014,6
DL-12925,CA-2017-121615,11/3/2017,7
DL-12925,CA-2017-121615,11/3/2017,8
DL-12925,CA-2017-121615,11/3/2017,9
DL-12925,CA-2015-136798,5/8/2015,10
DL-12925,CA-2015-136798,5/8/2015,11
DL-12925,CA-2015-136798,5/8/2015,12
DL-12925,CA-2015-112571,9/22/2015,13
DL-12925,US-2014-115196,9/9/2014,14
DL-13315,CA-2014-115791,1/16/2014,1
DL-13315,CA-2014-115791,1/16/2014,2
DL-13315,CA-2014-115791,1/16/2014,3
DL-13315,CA-2014-115791,1/16/2014,4
DL-13315,US-2017-114034,1/3/2017,5
DL-13315,CA-2017-155159,11/25/2017,6
DL-13315,CA-2016-146941,12/10/2016,7
DL-13315,CA-2016-146941,12/10/2016,8
DL-13315,CA-2017-145226,12/8/2017,9
DL-13315,CA-2017-145226,12/8/2017,10
DL-13315,CA-2017-145226,12/8/2017,11
DL-13315,CA-2017-145226,12/8/2017,12
DL-13315,CA-2014-154165,2/17/2014,13
DL-13315,CA-2014-108182,2/6/2014,14
DL-13315,CA-2016-149783,9/4/2016,15
DL-13315,CA-2016-149783,9/4/2016,16
DL-13330,CA-2016-125815,10/28/2016,1
DL-13330,CA-2015-109337,11/21/2015,2
DL-13330,CA-2015-109337,11/21/2015,3
DL-13330,CA-2015-109337,11/21/2015,4
DL-13330,CA-2015-109337,11/21/2015,5
DL-13330,CA-2017-143329,11/3/2017,6
DL-13330,US-2014-130358,6/23/2014,7
DL-13330,US-2014-130358,6/23/2014,8
DL-13495,CA-2016-106558,1/17/2016,1
DL-13495,CA-2017-142643,10/15/2017,2
DL-13495,CA-2017-142643,10/15/2017,3
DL-13495,CA-2016-127649,10/7/2016,4
DL-13495,CA-2015-153717,12/25/2015,5
DL-13495,CA-2015-153717,12/25/2015,6
DL-13495,CA-2015-153717,12/25/2015,7
DL-13495,CA-2015-153717,12/25/2015,8
DL-13495,CA-2017-151911,4/30/2017,9
DL-13495,CA-2016-144855,7/22/2016,10
DL-13495,US-2017-117723,8/15/2017,11
DL-13495,CA-2017-144750,8/21/2017,12
Dl-13600,CA-2014-133424,3/30/2014,1
Dl-13600,CA-2014-133424,3/30/2014,2
Dl-13600,CA-2016-120530,4/7/2016,3
Dl-13600,US-2017-155299,6/8/2017,4
Dl-13600,CA-2014-153150,7/1/2014,5
Dl-13600,CA-2017-114552,9/2/2017,6
DM-12955,CA-2014-101175,12/9/2014,1
DM-12955,CA-2016-163153,3/21/2016,2
DM-12955,CA-2016-163153,3/21/2016,3
DM-12955,CA-2015-168767,4/10/2015,4
DM-12955,CA-2015-168480,9/21/2015,5
DM-12955,CA-2015-168480,9/21/2015,6
DM-12955,CA-2016-106621,9/29/2016,7
DM-12955,CA-2014-141649,9/30/2014,8
DM-12955,CA-2017-128769,9/7/2017,9
DM-13015,US-2017-105389,10/23/2017,1
DM-13015,US-2017-105389,10/23/2017,2
DM-13015,US-2017-105389,10/23/2017,3
DM-13015,CA-2016-160500,5/5/2016,4
DM-13015,CA-2016-160500,5/5/2016,5
DM-13015,CA-2015-129392,7/8/2015,6
DM-13015,CA-2017-139717,8/24/2017,7
DM-13015,CA-2017-139717,8/24/2017,8
DM-13015,CA-2014-160766,9/14/2014,9
DM-13015,CA-2014-160766,9/14/2014,10
DM-13015,CA-2014-160766,9/14/2014,11
DM-13015,CA-2014-160766,9/14/2014,12
DM-13015,CA-2014-160766,9/14/2014,13
DM-13015,CA-2014-160766,9/14/2014,14
DM-13015,CA-2014-160766,9/14/2014,15
DM-13015,CA-2016-136231,9/5/2016,16
DM-13015,CA-2016-136231,9/5/2016,17
DM-13015,CA-2016-136231,9/5/2016,18
DM-13345,CA-2014-164910,11/12/2014,1
DM-13345,CA-2016-114482,11/21/2016,2
DM-13345,CA-2016-114482,11/21/2016,3
DM-13345,CA-2014-119529,11/3/2014,4
DM-13345,CA-2016-144554,11/7/2016,5
DM-13345,CA-2017-108854,12/8/2017,6
DM-13345,CA-2017-108854,12/8/2017,7
DM-13345,CA-2017-108854,12/8/2017,8
DM-13345,CA-2017-108854,12/8/2017,9
DM-13345,CA-2015-142734,4/16/2015,10
DM-13345,CA-2017-157854,4/8/2017,11
DM-13345,CA-2017-157854,4/8/2017,12
DM-13345,CA-2016-129861,6/17/2016,13
DM-13525,CA-2014-103317,7/5/2014,1
DM-13525,CA-2014-103317,7/5/2014,2
DM-13525,CA-2014-103317,7/5/2014,3
DM-13525,CA-2015-132465,9/11/2015,4
DM-13525,CA-2015-132465,9/11/2015,5
DM-13525,CA-2015-132465,9/11/2015,6
DM-13525,CA-2015-132465,9/11/2015,7
DM-13525,CA-2016-149195,9/5/2016,8
DM-13525,CA-2016-149195,9/5/2016,9
DM-13525,CA-2016-149195,9/5/2016,10
DN-13690,CA-2014-139451,10/12/2014,1
DN-13690,CA-2014-139451,10/12/2014,2
DN-13690,CA-2014-119977,10/8/2014,3
DN-13690,CA-2016-114860,12/22/2016,4
DN-13690,CA-2016-114860,12/22/2016,5
DN-13690,CA-2016-151498,4/21/2016,6
DN-13690,CA-2017-136882,5/27/2017,7
DN-13690,CA-2016-114951,6/26/2016,8
DN-13690,CA-2014-166744,9/20/2014,9
DN-13690,CA-2014-166744,9/20/2014,10
DN-13690,CA-2014-166744,9/20/2014,11
DO-13435,CA-2014-108903,10/3/2014,1
DO-13435,CA-2014-108903,10/3/2014,2
DO-13435,CA-2014-108903,10/3/2014,3
DO-13435,US-2015-168935,11/27/2015,4
DO-13435,US-2015-168935,11/27/2015,5
DO-13435,CA-2015-121272,3/29/2015,6
DO-13435,CA-2017-102771,3/31/2017,7
DO-13435,CA-2016-133144,5/16/2016,8
DO-13435,CA-2017-140760,6/2/2017,9
DO-13435,CA-2017-140760,6/2/2017,10
DO-13435,CA-2017-100636,6/26/2017,11
DO-13435,CA-2015-169299,8/24/2015,12
DO-13645,CA-2017-133207,11/27/2017,1
DO-13645,CA-2015-126669,11/7/2015,2
DO-13645,CA-2017-118003,12/4/2017,3
DO-13645,CA-2017-118003,12/4/2017,4
DO-13645,CA-2017-118003,12/4/2017,5
DO-13645,CA-2017-115777,8/19/2017,6
DO-13645,CA-2017-102309,9/23/2017,7
DO-13645,CA-2017-102309,9/23/2017,8
DO-13645,US-2017-117450,9/4/2017,9
DO-13645,US-2017-117450,9/4/2017,10
DP-13000,CA-2014-122609,11/12/2014,1
DP-13000,CA-2014-122609,11/12/2014,2
DP-13000,CA-2016-166618,11/14/2016,3
DP-13000,CA-2016-166618,11/14/2016,4
DP-13000,CA-2015-105347,11/24/2015,5
DP-13000,CA-2015-105347,11/24/2015,6
DP-13000,CA-2017-142174,3/4/2017,7
DP-13000,CA-2015-115742,4/18/2015,8
DP-13000,CA-2015-115742,4/18/2015,9
DP-13000,CA-2015-115742,4/18/2015,10
DP-13000,CA-2015-115742,4/18/2015,11
DP-13000,US-2017-154872,5/14/2017,12
DP-13000,US-2017-154872,5/14/2017,13
DP-13000,US-2017-154872,5/14/2017,14
DP-13000,CA-2016-141180,5/15/2016,15
DP-13000,CA-2017-157350,8/26/2017,16
DP-13105,CA-2017-155362,12/17/2017,1
DP-13105,CA-2017-163671,12/24/2017,2
DP-13105,CA-2016-162390,12/6/2016,3
DP-13105,CA-2016-162390,12/6/2016,4
DP-13105,CA-2016-162390,12/6/2016,5
DP-13105,CA-2017-141663,4/13/2017,6
DP-13105,CA-2016-152534,6/20/2016,7
DP-13105,CA-2016-152534,6/20/2016,8
DP-13105,CA-2017-102974,9/19/2017,9
DP-13105,CA-2017-102974,9/19/2017,10
DP-13105,CA-2017-102974,9/19/2017,11
DP-13105,CA-2016-159009,9/23/2016,12
DP-13105,CA-2016-159009,9/23/2016,13
DP-13165,CA-2015-112522,10/10/2015,1
DP-13165,CA-2014-112158,12/2/2014,2
DP-13165,CA-2014-112158,12/2/2014,3
DP-13165,CA-2014-112158,12/2/2014,4
Dp-13240,CA-2016-152072,1/15/2016,1
Dp-13240,CA-2016-152072,1/15/2016,2
Dp-13240,CA-2016-152072,1/15/2016,3
Dp-13240,CA-2014-116834,10/11/2014,4
Dp-13240,CA-2014-116834,10/11/2014,5
Dp-13240,US-2017-162558,10/2/2017,6
Dp-13240,US-2017-162558,10/2/2017,7
Dp-13240,US-2017-162558,10/2/2017,8
Dp-13240,US-2017-162558,10/2/2017,9
Dp-13240,US-2017-162558,10/2/2017,10
Dp-13240,US-2017-162558,10/2/2017,11
Dp-13240,US-2017-162558,10/2/2017,12
Dp-13240,CA-2017-148404,10/7/2017,13
Dp-13240,CA-2017-148404,10/7/2017,14
Dp-13240,CA-2017-148404,10/7/2017,15
Dp-13240,CA-2017-148404,10/7/2017,16
Dp-13240,CA-2017-148404,10/7/2017,17
Dp-13240,CA-2015-169796,11/9/2015,18
Dp-13240,CA-2015-169796,11/9/2015,19
Dp-13240,CA-2015-139962,12/13/2015,20
Dp-13240,CA-2015-139962,12/13/2015,21
Dp-13240,CA-2014-129574,5/26/2014,22
Dp-13240,CA-2017-169691,6/15/2017,23
Dp-13240,CA-2017-169691,6/15/2017,24
Dp-13240,CA-2017-169691,6/15/2017,25
Dp-13240,US-2017-132381,8/22/2017,26
Dp-13240,CA-2017-139822,9/15/2017,27
Dp-13240,CA-2017-139822,9/15/2017,28
Dp-13240,CA-2017-163692,9/7/2017,29
DP-13390,CA-2017-154466,1/1/2017,1
DP-13390,CA-2017-150931,1/6/2017,2
DP-13390,CA-2016-138478,10/21/2016,3
DP-13390,CA-2016-138478,10/21/2016,4
DP-13390,CA-2016-138478,10/21/2016,5
DP-13390,CA-2014-134621,12/21/2014,6
DP-13390,CA-2015-118423,3/24/2015,7
DP-13390,CA-2015-129217,5/10/2015,8
DP-13390,CA-2015-129217,5/10/2015,9
DP-13390,CA-2016-138583,5/24/2016,10
DP-13390,CA-2014-107139,7/5/2014,11
DP-13390,CA-2014-168592,9/8/2014,12
DP-13390,CA-2014-168592,9/8/2014,13
DP-13390,CA-2014-168592,9/8/2014,14
DR-12880,US-2015-159982,11/28/2015,1
DR-12880,US-2015-159982,11/28/2015,2
DR-12880,US-2015-159982,11/28/2015,3
DR-12880,CA-2017-134404,12/27/2017,4
DR-12880,CA-2017-134404,12/27/2017,5
DR-12880,US-2016-164189,3/24/2016,6
DR-12880,CA-2017-148810,6/26/2017,7
DR-12880,CA-2017-148810,6/26/2017,8
DR-12880,CA-2017-143574,6/29/2017,9
DR-12880,CA-2017-143574,6/29/2017,10
DR-12880,CA-2017-143574,6/29/2017,11
DR-12880,CA-2016-117282,7/14/2016,12
DR-12880,US-2016-127425,8/26/2016,13
DR-12880,US-2016-127425,8/26/2016,14
DR-12880,CA-2017-161956,8/27/2017,15
DR-12880,CA-2017-161956,8/27/2017,16
DR-12880,CA-2017-161956,8/27/2017,17
DR-12880,CA-2017-161956,8/27/2017,18
DR-12880,CA-2017-161956,8/27/2017,19
DR-12880,CA-2017-161956,8/27/2017,20
DR-12880,CA-2017-161956,8/27/2017,21
DR-12880,CA-2015-103933,9/25/2015,22
DR-12940,US-2016-140158,10/4/2016,1
DR-12940,US-2016-140158,10/4/2016,2
DR-12940,US-2016-140158,10/4/2016,3
DR-12940,CA-2017-142671,11/10/2017,4
DR-12940,CA-2016-160241,11/29/2016,5
DR-12940,US-2015-163783,12/27/2015,6
DR-12940,CA-2014-100881,3/28/2014,7
DR-12940,CA-2015-104871,3/30/2015,8
DR-12940,CA-2017-160899,8/11/2017,9
DR-12940,CA-2015-104626,9/1/2015,10
DR-12940,CA-2015-104626,9/1/2015,11
DR-12940,CA-2015-104626,9/1/2015,12
DR-12940,CA-2015-104626,9/1/2015,13
DS-13030,CA-2017-131954,1/21/2017,1
DS-13030,CA-2017-131954,1/21/2017,2
DS-13030,CA-2017-131954,1/21/2017,3
DS-13030,CA-2017-131954,1/21/2017,4
DS-13030,CA-2017-131954,1/21/2017,5
DS-13030,CA-2017-131954,1/21/2017,6
DS-13030,CA-2017-144848,4/4/2017,7
DS-13030,CA-2017-144848,4/4/2017,8
DS-13030,CA-2017-144848,4/4/2017,9
DS-13030,CA-2014-113271,7/9/2014,10
DS-13030,CA-2014-113271,7/9/2014,11
DS-13030,CA-2014-113271,7/9/2014,12
DS-13030,CA-2014-113271,7/9/2014,13
DS-13030,US-2017-125717,9/28/2017,14
DS-13030,US-2017-125717,9/28/2017,15
DS-13030,US-2017-125717,9/28/2017,16
DS-13030,US-2017-125717,9/28/2017,17
DS-13030,US-2017-125717,9/28/2017,18
DS-13030,US-2017-125717,9/28/2017,19
DS-13180,CA-2016-127243,11/28/2016,1
DS-13180,CA-2016-127243,11/28/2016,2
DS-13180,CA-2016-127243,11/28/2016,3
DS-13180,CA-2016-127243,11/28/2016,4
DS-13180,CA-2016-127243,11/28/2016,5
DS-13180,CA-2016-146325,12/14/2016,6
DS-13180,CA-2016-146325,12/14/2016,7
DS-13180,CA-2017-134285,12/7/2017,8
DS-13180,CA-2017-134285,12/7/2017,9
DS-13180,CA-2016-119074,3/27/2016,10
DS-13180,CA-2016-119074,3/27/2016,11
DS-13180,CA-2016-119074,3/27/2016,12
DS-13180,CA-2017-154907,3/31/2017,13
DS-13180,CA-2014-132983,4/28/2014,14
DS-13180,CA-2015-130456,8/21/2015,15
DS-13180,CA-2015-130456,8/21/2015,16
DS-13180,CA-2015-163055,8/9/2015,17
DS-13180,CA-2015-163055,8/9/2015,18
DS-13180,CA-2015-163055,8/9/2015,19
DS-13180,CA-2015-159863,9/4/2015,20
DV-13045,CA-2017-168389,12/11/2017,1
DV-13045,CA-2017-168389,12/11/2017,2
DV-13045,CA-2017-168389,12/11/2017,3
DV-13045,CA-2017-168389,12/11/2017,4
DV-13045,CA-2017-139773,12/4/2017,5
DV-13045,CA-2016-138688,6/12/2016,6
DV-13045,CA-2017-125745,6/30/2017,7
DV-13045,CA-2016-106656,9/23/2016,8
DV-13045,CA-2016-106656,9/23/2016,9
DV-13465,CA-2015-146486,11/9/2015,1
DV-13465,CA-2015-146486,11/9/2015,2
DV-13465,CA-2015-146486,11/9/2015,3
DV-13465,CA-2015-146486,11/9/2015,4
DV-13465,CA-2017-145233,12/1/2017,5
DV-13465,CA-2017-145233,12/1/2017,6
DV-13465,CA-2017-145233,12/1/2017,7
DV-13465,CA-2017-145233,12/1/2017,8
DV-13465,CA-2017-145233,12/1/2017,9
DV-13465,CA-2015-100251,5/17/2015,10
DV-13465,US-2017-152002,6/11/2017,11
DV-13465,CA-2014-124646,6/22/2014,12
DV-13465,CA-2014-124646,6/22/2014,13
DV-13465,CA-2016-126102,9/10/2016,14
DW-13195,CA-2014-123477,1/18/2014,1
DW-13195,CA-2017-101581,10/22/2017,2
DW-13195,US-2016-127971,11/20/2016,3
DW-13195,US-2016-127971,11/20/2016,4
DW-13195,US-2016-127971,11/20/2016,5
DW-13195,CA-2014-152849,7/5/2014,6
DW-13195,CA-2014-133158,8/19/2014,7
DW-13195,CA-2014-133158,8/19/2014,8
DW-13195,US-2017-103226,9/22/2017,9
DW-13480,CA-2016-101938,1/7/2016,1
DW-13480,CA-2016-164399,11/12/2016,2
DW-13480,CA-2016-164399,11/12/2016,3
DW-13480,US-2017-132297,5/27/2017,4
DW-13480,US-2017-132297,5/27/2017,5
DW-13480,CA-2014-131926,6/1/2014,6
DW-13480,CA-2014-131926,6/1/2014,7
DW-13480,CA-2014-131926,6/1/2014,8
DW-13480,CA-2014-131926,6/1/2014,9
DW-13480,CA-2014-131926,6/1/2014,10
DW-13540,CA-2016-128706,2/27/2016,1
DW-13540,CA-2017-148642,3/6/2017,2
DW-13540,CA-2017-148642,3/6/2017,3
DW-13540,CA-2016-149902,4/1/2016,4
DW-13540,CA-2017-101210,8/25/2017,5
DW-13540,CA-2017-101210,8/25/2017,6
DW-13540,CA-2017-132521,9/23/2017,7
DW-13540,CA-2017-132521,9/23/2017,8
DW-13540,CA-2017-132521,9/23/2017,9
DW-13585,US-2017-164147,2/2/2017,1
DW-13585,US-2017-164147,2/2/2017,2
DW-13585,US-2017-164147,2/2/2017,3
DW-13585,US-2017-126060,4/14/2017,4
DW-13585,CA-2017-123134,5/2/2017,5
DW-13585,CA-2015-162950,6/28/2015,6
DW-13585,CA-2015-162950,6/28/2015,7
DW-13585,CA-2014-120432,8/24/2014,8
DW-13585,CA-2016-148516,8/7/2016,9
DW-13585,CA-2016-165820,9/26/2016,10
EA-14035,CA-2014-114195,11/1/2014,1
EA-14035,CA-2014-114195,11/1/2014,2
EA-14035,CA-2014-114195,11/1/2014,3
EA-14035,CA-2015-158939,11/26/2015,4
EA-14035,CA-2014-151162,12/5/2014,5
EA-14035,CA-2014-151162,12/5/2014,6
EA-14035,CA-2014-151162,12/5/2014,7
EA-14035,CA-2014-151162,12/5/2014,8
EA-14035,CA-2014-151162,12/5/2014,9
EA-14035,CA-2016-168956,2/16/2016,10
EA-14035,CA-2016-168956,2/16/2016,11
EA-14035,CA-2016-168956,2/16/2016,12
EA-14035,CA-2016-168956,2/16/2016,13
EA-14035,CA-2016-121447,2/21/2016,14
EA-14035,CA-2017-154501,4/30/2017,15
EA-14035,CA-2015-154921,5/23/2015,16
EA-14035,CA-2016-104633,6/12/2016,17
EA-14035,CA-2016-108581,6/20/2016,18
EA-14035,CA-2016-108581,6/20/2016,19
EA-14035,CA-2016-164924,7/10/2016,20
EA-14035,CA-2016-102813,7/2/2016,21
EA-14035,CA-2016-102813,7/2/2016,22
EA-14035,CA-2017-121909,7/31/2017,23
EA-14035,US-2014-156216,9/13/2014,24
EB-13705,CA-2015-104493,10/2/2015,1
EB-13705,CA-2017-147277,10/20/2017,2
EB-13705,CA-2017-147277,10/20/2017,3
EB-13705,CA-2017-134978,11/12/2017,4
EB-13705,CA-2014-129938,12/15/2014,5
EB-13705,CA-2015-128125,3/31/2015,6
EB-13705,CA-2015-128125,3/31/2015,7
EB-13705,US-2016-137547,3/7/2016,8
EB-13705,CA-2017-107797,5/8/2017,9
EB-13705,CA-2016-128223,6/14/2016,10
EB-13705,CA-2014-100090,7/8/2014,11
EB-13750,CA-2017-161739,11/10/2017,1
EB-13750,CA-2016-145548,11/11/2016,2
EB-13750,CA-2016-145548,11/11/2016,3
EB-13750,CA-2016-145548,11/11/2016,4
EB-13750,CA-2016-145548,11/11/2016,5
EB-13750,CA-2016-145548,11/11/2016,6
EB-13750,CA-2016-145548,11/11/2016,7
EB-13750,CA-2017-161459,11/25/2017,8
EB-13750,CA-2015-128083,3/12/2015,9
EB-13750,CA-2015-128083,3/12/2015,10
EB-13750,CA-2015-128083,3/12/2015,11
EB-13750,CA-2017-122707,4/16/2017,12
EB-13750,CA-2017-122707,4/16/2017,13
EB-13750,CA-2016-166380,5/30/2016,14
EB-13750,CA-2016-166380,5/30/2016,15
EB-13750,CA-2015-166947,6/5/2015,16
EB-13750,CA-2016-137652,8/28/2016,17
EB-13750,US-2016-147340,9/24/2016,18
EB-13840,CA-2017-156951,10/1/2017,1
EB-13840,CA-2017-156951,10/1/2017,2
EB-13840,CA-2017-156951,10/1/2017,3
EB-13840,CA-2017-156951,10/1/2017,4
EB-13840,US-2014-102631,12/13/2014,5
EB-13840,CA-2016-139885,12/4/2016,6
EB-13840,CA-2015-164301,3/26/2015,7
EB-13870,CA-2017-148999,1/30/2017,1
EB-13870,CA-2016-144939,10/3/2016,2
EB-13870,US-2014-126340,11/8/2014,3
EB-13870,CA-2016-159989,12/9/2016,4
EB-13870,CA-2017-130967,3/10/2017,5
EB-13870,US-2015-110569,5/23/2015,6
EB-13870,US-2015-110569,5/23/2015,7
EB-13870,CA-2014-110219,5/5/2014,8
EB-13870,CA-2015-153626,7/9/2015,9
EB-13870,CA-2017-169817,9/21/2017,10
EB-13870,CA-2015-106320,9/25/2015,11
EB-13930,US-2016-116400,10/22/2016,1
EB-13930,CA-2014-123400,2/2/2014,2
EB-13930,CA-2014-123400,2/2/2014,3
EB-13930,CA-2016-101448,2/27/2016,4
EB-13930,CA-2016-122728,5/18/2016,5
EB-13930,CA-2016-122728,5/18/2016,6
EB-13930,US-2017-106551,7/22/2017,7
EB-13975,US-2016-164630,1/4/2016,1
EB-13975,US-2016-150357,10/10/2016,2
EB-13975,US-2016-150357,10/10/2016,3
EB-13975,CA-2017-115427,12/30/2017,4
EB-13975,CA-2017-115427,12/30/2017,5
EB-13975,CA-2016-135461,2/7/2016,6
EB-14110,US-2015-153283,11/12/2015,1
EB-14110,CA-2016-121370,11/14/2016,2
EB-14110,CA-2016-121370,11/14/2016,3
EB-14110,CA-2016-121370,11/14/2016,4
EB-14110,CA-2015-111612,11/28/2015,5
EB-14110,CA-2015-111612,11/28/2015,6
EB-14110,CA-2015-106257,4/13/2015,7
EB-14110,CA-2015-106257,4/13/2015,8
EB-14110,CA-2016-116561,9/11/2016,9
EB-14110,CA-2016-116561,9/11/2016,10
EB-14110,CA-2017-149895,9/8/2017,11
EB-14170,CA-2014-103086,10/17/2014,1
EB-14170,CA-2017-162635,10/9/2017,2
EB-14170,CA-2015-142930,11/28/2015,3
EB-14170,CA-2016-143441,11/5/2016,4
EB-14170,CA-2015-148705,3/12/2015,5
EB-14170,CA-2014-111962,9/29/2014,6
EB-14170,CA-2014-111962,9/29/2014,7
EC-14050,CA-2017-163188,11/7/2017,1
EC-14050,US-2016-169369,12/12/2016,2
EC-14050,US-2016-169369,12/12/2016,3
EC-14050,CA-2014-139633,12/17/2014,4
EC-14050,US-2017-140074,3/23/2017,5
EC-14050,CA-2017-161102,7/31/2017,6
EC-14050,CA-2017-161102,7/31/2017,7
ED-13885,CA-2016-118311,10/24/2016,1
ED-13885,CA-2015-160227,11/2/2015,2
ED-13885,CA-2014-110352,11/23/2014,3
ED-13885,CA-2015-137071,12/20/2015,4
ED-13885,CA-2016-149916,12/22/2016,5
ED-13885,CA-2016-149916,12/22/2016,6
ED-13885,CA-2017-134838,2/19/2017,7
ED-13885,CA-2017-134838,2/19/2017,8
ED-13885,CA-2017-133102,8/17/2017,9
ED-13885,CA-2017-133102,8/17/2017,10
ED-13885,CA-2017-133102,8/17/2017,11
ED-13885,CA-2017-133102,8/17/2017,12
ED-13885,CA-2017-133102,8/17/2017,13
ED-13885,CA-2014-110527,8/9/2014,14
EG-13900,CA-2017-141719,11/17/2017,1
EG-13900,CA-2015-138625,11/2/2015,2
EG-13900,US-2016-150861,12/3/2016,3
EG-13900,US-2016-150861,12/3/2016,4
EG-13900,US-2016-150861,12/3/2016,5
EG-13900,US-2016-150861,12/3/2016,6
EG-13900,US-2016-150861,12/3/2016,7
EG-13900,US-2017-167570,12/8/2017,8
EG-13900,CA-2017-114524,3/31/2017,9
EH-13765,CA-2017-152499,1/22/2017,1
EH-13765,CA-2017-152499,1/22/2017,2
EH-13765,CA-2014-138450,10/18/2014,3
EH-13765,CA-2014-138450,10/18/2014,4
EH-13765,CA-2014-138450,10/18/2014,5
EH-13765,CA-2016-153836,10/30/2016,6
EH-13765,CA-2016-153836,10/30/2016,7
EH-13765,CA-2016-135776,12/23/2016,8
EH-13765,CA-2016-135776,12/23/2016,9
EH-13765,CA-2016-135776,12/23/2016,10
EH-13765,CA-2016-135776,12/23/2016,11
EH-13765,CA-2016-135776,12/23/2016,12
EH-13765,CA-2016-135776,12/23/2016,13
EH-13765,CA-2016-135776,12/23/2016,14
EH-13765,CA-2016-136301,3/13/2016,15
EH-13765,CA-2016-136301,3/13/2016,16
EH-13765,CA-2014-142979,4/12/2014,17
EH-13765,CA-2016-158155,5/2/2016,18
EH-13765,CA-2016-158155,5/2/2016,19
EH-13765,CA-2016-158155,5/2/2016,20
EH-13765,CA-2016-158155,5/2/2016,21
EH-13765,CA-2016-155565,5/28/2016,22
EH-13765,US-2016-119046,6/2/2016,23
EH-13765,US-2016-119046,6/2/2016,24
EH-13765,US-2016-119046,6/2/2016,25
EH-13765,US-2017-111423,8/17/2017,26
EH-13765,US-2017-111423,8/17/2017,27
EH-13765,US-2015-147242,9/10/2015,28
EH-13765,US-2015-147242,9/10/2015,29
EH-13765,US-2015-147242,9/10/2015,30
EH-13765,CA-2016-100944,9/24/2016,31
EH-13945,CA-2016-121755,1/16/2016,1
EH-13945,CA-2016-121755,1/16/2016,2
EH-13945,US-2016-110156,11/19/2016,3
EH-13945,US-2016-110156,11/19/2016,4
EH-13945,US-2016-110156,11/19/2016,5
EH-13945,US-2016-110156,11/19/2016,6
EH-13945,US-2016-110156,11/19/2016,7
EH-13945,US-2016-110156,11/19/2016,8
EH-13945,US-2016-110156,11/19/2016,9
EH-13945,US-2016-110156,11/19/2016,10
EH-13945,US-2016-158288,11/26/2016,11
EH-13945,CA-2015-114048,12/14/2015,12
EH-13945,CA-2017-153080,5/22/2017,13
EH-13945,CA-2017-160458,5/27/2017,14
EH-13945,CA-2015-149384,7/10/2015,15
EH-13945,CA-2014-107594,7/2/2014,16
EH-13945,CA-2014-107594,7/2/2014,17
EH-13990,CA-2014-103366,1/15/2014,1
EH-13990,CA-2016-107790,11/20/2016,2
EH-13990,CA-2014-102295,11/24/2014,3
EH-13990,CA-2016-124100,3/31/2016,4
EH-13990,CA-2014-138513,5/23/2014,5
EH-13990,CA-2015-156510,9/25/2015,6
EH-13990,CA-2015-156510,9/25/2015,7
EH-14005,CA-2017-144862,12/1/2017,1
EH-14005,CA-2017-144862,12/1/2017,2
EH-14005,CA-2017-127516,12/28/2017,3
EH-14005,CA-2014-154592,12/7/2014,4
EH-14005,CA-2016-152814,4/28/2016,5
EH-14005,CA-2014-140165,5/13/2014,6
EH-14005,CA-2014-140165,5/13/2014,7
EH-14005,CA-2017-133095,6/4/2017,8
EH-14005,CA-2017-133095,6/4/2017,9
EH-14005,CA-2017-167381,9/22/2017,10
EH-14005,CA-2017-167381,9/22/2017,11
EH-14125,CA-2017-112725,1/30/2017,1
EH-14125,CA-2017-112725,1/30/2017,2
EH-14125,CA-2017-112725,1/30/2017,3
EH-14125,CA-2014-100867,10/19/2014,4
EH-14125,US-2015-154389,11/27/2015,5
EH-14125,CA-2015-134201,4/10/2015,6
EH-14125,CA-2015-134201,4/10/2015,7
EH-14125,CA-2016-104969,4/8/2016,8
EH-14125,CA-2016-104969,4/8/2016,9
EH-14125,CA-2016-146010,5/20/2016,10
EH-14125,CA-2016-136126,5/24/2016,11
EH-14125,CA-2017-124744,6/21/2017,12
EH-14125,CA-2017-124744,6/21/2017,13
EH-14125,CA-2017-124744,6/21/2017,14
EH-14125,CA-2017-125752,7/31/2017,15
EH-14125,US-2016-156097,9/19/2016,16
EH-14125,US-2016-156097,9/19/2016,17
EH-14185,CA-2014-139542,10/25/2014,1
EH-14185,CA-2014-105340,11/22/2014,2
EH-14185,CA-2016-160486,12/30/2016,3
EH-14185,CA-2016-167115,4/4/2016,4
EH-14185,CA-2014-143840,5/22/2014,5
EH-14185,CA-2014-143840,5/22/2014,6
EH-14185,CA-2017-112984,9/16/2017,7
EJ-13720,US-2014-117163,1/27/2014,1
EJ-13720,US-2014-117163,1/27/2014,2
EJ-13720,US-2014-117163,1/27/2014,3
EJ-13720,CA-2014-108273,12/16/2014,4
EJ-13720,CA-2014-108273,12/16/2014,5
EJ-13720,CA-2017-123085,3/3/2017,6
EJ-13720,CA-2017-123085,3/3/2017,7
EJ-13720,CA-2015-169656,8/13/2015,8
EJ-14155,US-2017-110989,11/3/2017,1
EJ-14155,CA-2016-142594,12/1/2016,2
EJ-14155,CA-2016-142594,12/1/2016,3
EJ-14155,CA-2016-142594,12/1/2016,4
EJ-14155,CA-2016-142594,12/1/2016,5
EJ-14155,CA-2014-105648,3/3/2014,6
EJ-14155,CA-2017-133641,5/14/2017,7
EJ-14155,CA-2017-147410,9/4/2017,8
EK-13795,CA-2017-108091,11/16/2017,1
EK-13795,CA-2015-154340,11/29/2015,2
EK-13795,CA-2015-109113,12/19/2015,3
EK-13795,CA-2014-111871,3/18/2014,4
EL-13735,CA-2017-150707,10/14/2017,1
EL-13735,CA-2016-113061,4/22/2016,2
EM-13810,CA-2016-158358,3/4/2016,1
EM-13810,CA-2015-142041,6/7/2015,2
EM-13810,CA-2015-113404,7/16/2015,3
EM-13810,CA-2015-113404,7/16/2015,4
EM-13810,CA-2017-137344,8/20/2017,5
EM-13810,CA-2015-139584,8/24/2015,6
EM-13810,CA-2015-139584,8/24/2015,7
EM-13825,CA-2015-109603,1/26/2015,1
EM-13825,CA-2017-114258,11/5/2017,2
EM-13825,CA-2014-103807,12/2/2014,3
EM-13825,US-2017-128398,5/2/2017,4
EM-13825,CA-2015-149748,5/31/2015,5
EM-13825,CA-2015-149748,5/31/2015,6
EM-13825,CA-2015-149748,5/31/2015,7
EM-13825,CA-2017-122035,7/20/2017,8
EM-13825,CA-2017-122035,7/20/2017,9
EM-13825,CA-2017-122035,7/20/2017,10
EM-13825,CA-2017-122035,7/20/2017,11
EM-13825,CA-2017-122035,7/20/2017,12
EM-13825,CA-2017-122035,7/20/2017,13
EM-13825,CA-2016-116764,8/27/2016,14
EM-13825,CA-2016-136595,9/5/2016,15
EM-13960,CA-2015-148873,10/1/2015,1
EM-13960,CA-2015-156566,10/1/2015,2
EM-13960,CA-2015-148873,10/1/2015,3
EM-13960,CA-2015-129042,12/12/2015,4
EM-13960,CA-2015-119697,12/28/2015,5
EM-13960,CA-2017-168942,8/1/2017,6
EM-14065,CA-2017-133620,11/13/2017,1
EM-14065,CA-2017-149720,6/4/2017,2
EM-14065,CA-2014-127691,7/22/2014,3
EM-14065,CA-2014-127691,7/22/2014,4
EM-14065,CA-2016-155670,8/13/2016,5
EM-14065,CA-2016-155670,8/13/2016,6
EM-14095,US-2015-159499,11/21/2015,1
EM-14095,US-2015-159499,11/21/2015,2
EM-14095,US-2015-159499,11/21/2015,3
EM-14095,CA-2016-161669,11/7/2016,4
EM-14095,CA-2016-161669,11/7/2016,5
EM-14095,CA-2016-161669,11/7/2016,6
EM-14095,CA-2016-161669,11/7/2016,7
EM-14095,CA-2015-163237,8/7/2015,8
EM-14095,CA-2015-163237,8/7/2015,9
EM-14095,CA-2017-132437,9/8/2017,10
EM-14140,CA-2017-134915,11/12/2017,1
EM-14140,CA-2017-134915,11/12/2017,2
EM-14140,CA-2017-134915,11/12/2017,3
EM-14140,CA-2017-134915,11/12/2017,4
EM-14140,CA-2017-134915,11/12/2017,5
EM-14140,US-2016-131058,12/27/2016,6
EM-14140,CA-2015-146255,3/7/2015,7
EM-14140,CA-2015-146255,3/7/2015,8
EM-14140,CA-2015-146255,3/7/2015,9
EM-14140,CA-2016-152730,5/30/2016,10
EM-14140,CA-2016-152730,5/30/2016,11
EM-14140,CA-2016-152730,5/30/2016,12
EM-14140,CA-2016-152730,5/30/2016,13
EM-14140,CA-2016-152730,5/30/2016,14
EM-14140,CA-2016-152730,5/30/2016,15
EM-14140,CA-2016-152730,5/30/2016,16
EM-14140,CA-2016-152730,5/30/2016,17
EM-14140,CA-2016-139997,7/1/2016,18
EM-14200,CA-2015-141754,12/20/2015,1
EM-14200,CA-2017-162033,3/26/2017,2
EM-14200,CA-2017-162033,3/26/2017,3
EM-14200,CA-2017-167549,7/25/2017,4
EN-13780,CA-2017-160087,3/18/2017,1
EN-13780,CA-2015-103177,5/30/2015,2
EN-13780,CA-2015-103177,5/30/2015,3
EN-13780,CA-2015-103177,5/30/2015,4
EN-13780,CA-2016-165848,6/4/2016,5
EN-13780,CA-2016-165848,6/4/2016,6
EN-13780,CA-2016-165848,6/4/2016,7
EN-13780,CA-2016-126284,9/20/2016,8
EP-13915,CA-2016-113390,10/11/2016,1
EP-13915,CA-2016-113390,10/11/2016,2
EP-13915,US-2016-159856,10/18/2016,3
EP-13915,CA-2016-140641,10/28/2016,4
EP-13915,CA-2017-157483,11/11/2017,5
EP-13915,US-2017-125808,11/12/2017,6
EP-13915,US-2016-119298,11/25/2016,7
EP-13915,CA-2017-131303,11/28/2017,8
EP-13915,US-2016-131611,11/5/2016,9
EP-13915,US-2016-131611,11/5/2016,10
EP-13915,US-2016-131611,11/5/2016,11
EP-13915,US-2016-131611,11/5/2016,12
EP-13915,US-2016-131611,11/5/2016,13
EP-13915,CA-2017-149888,11/7/2017,14
EP-13915,CA-2017-149888,11/7/2017,15
EP-13915,CA-2017-122770,12/13/2017,16
EP-13915,CA-2017-122770,12/13/2017,17
EP-13915,CA-2017-122770,12/13/2017,18
EP-13915,CA-2017-122770,12/13/2017,19
EP-13915,CA-2017-102099,12/18/2017,20
EP-13915,CA-2017-102099,12/18/2017,21
EP-13915,CA-2017-102099,12/18/2017,22
EP-13915,US-2017-165953,12/31/2016,23
EP-13915,US-2017-165953,12/31/2016,24
EP-13915,CA-2015-163587,3/14/2015,25
EP-13915,CA-2015-163587,3/14/2015,26
EP-13915,CA-2017-111815,3/3/2017,27
EP-13915,CA-2017-111815,3/3/2017,28
EP-13915,CA-2015-123330,6/21/2015,29
EP-13915,CA-2014-134278,7/6/2014,30
EP-13915,US-2017-122637,9/3/2017,31
ER-13855,CA-2016-162236,11/4/2016,1
ER-13855,CA-2016-162236,11/4/2016,2
ER-13855,CA-2016-162236,11/4/2016,3
ER-13855,CA-2015-127019,12/21/2015,4
ER-13855,CA-2016-149223,9/6/2016,5
ES-14020,CA-2017-103499,11/20/2017,1
ES-14020,CA-2015-142433,4/20/2015,2
ES-14020,CA-2016-127775,6/11/2016,3
ES-14020,US-2017-163300,9/15/2017,4
ES-14020,US-2017-163300,9/15/2017,5
ES-14020,US-2017-163300,9/15/2017,6
ES-14020,CA-2014-156433,9/20/2014,7
ES-14020,CA-2014-156433,9/20/2014,8
ES-14080,CA-2014-108189,10/2/2014,1
ES-14080,CA-2014-108189,10/2/2014,2
ES-14080,CA-2014-108189,10/2/2014,3
ES-14080,CA-2014-108189,10/2/2014,4
ES-14080,CA-2014-108189,10/2/2014,5
ES-14080,CA-2014-108189,10/2/2014,6
ES-14080,CA-2016-134936,12/19/2016,7
ES-14080,CA-2016-134936,12/19/2016,8
ES-14080,CA-2016-134936,12/19/2016,9
ES-14080,CA-2017-157469,12/2/2017,10
ES-14080,CA-2017-157469,12/2/2017,11
ES-14080,CA-2017-127397,2/24/2017,12
ES-14080,CA-2017-127397,2/24/2017,13
ES-14080,CA-2015-104129,2/27/2015,14
ES-14080,CA-2015-104129,2/27/2015,15
ES-14080,CA-2016-154998,4/7/2016,16
ES-14080,CA-2016-136924,7/14/2016,17
ES-14080,CA-2017-139619,9/19/2017,18
ES-14080,CA-2016-108056,9/29/2016,19
FA-14230,US-2015-131359,10/30/2015,1
FA-14230,US-2015-131359,10/30/2015,2
FA-14230,US-2015-131359,10/30/2015,3
FA-14230,US-2015-131359,10/30/2015,4
FA-14230,CA-2016-113845,11/20/2016,5
FA-14230,CA-2016-113845,11/20/2016,6
FA-14230,CA-2016-113845,11/20/2016,7
FA-14230,CA-2015-135391,2/9/2015,8
FA-14230,CA-2015-135391,2/9/2015,9
FA-14230,CA-2015-140718,7/2/2015,10
FA-14230,CA-2015-140718,7/2/2015,11
FA-14230,CA-2015-140718,7/2/2015,12
FA-14230,CA-2015-140718,7/2/2015,13
FA-14230,CA-2015-108672,9/10/2015,14
FA-14230,CA-2014-156601,9/19/2014,15
FA-14230,CA-2017-122364,9/24/2017,16
FA-14230,CA-2017-122364,9/24/2017,17
FC-14245,CA-2016-147256,10/17/2016,1
FC-14245,CA-2016-147256,10/17/2016,2
FC-14245,CA-2017-117422,10/21/2017,3
FC-14245,CA-2017-117422,10/21/2017,4
FC-14245,CA-2015-115693,12/10/2015,5
FC-14245,CA-2017-167640,3/6/2017,6
FC-14245,CA-2017-167640,3/6/2017,7
FC-14245,CA-2017-167640,3/6/2017,8
FC-14245,CA-2017-167640,3/6/2017,9
FC-14245,CA-2015-104059,6/13/2015,10
FC-14245,CA-2015-149517,9/19/2015,11
FC-14245,CA-2017-144456,9/8/2017,12
FC-14245,CA-2017-144456,9/8/2017,13
FC-14335,US-2014-134054,10/10/2014,1
FC-14335,CA-2017-107517,2/5/2017,2
FC-14335,CA-2017-107517,2/5/2017,3
FC-14335,CA-2016-138968,3/15/2016,4
FC-14335,CA-2016-138968,3/15/2016,5
FC-14335,CA-2015-121405,3/30/2015,6
FC-14335,CA-2015-107741,3/8/2015,7
FC-14335,CA-2015-138492,5/15/2015,8
FC-14335,US-2017-126081,6/29/2017,9
FG-14260,CA-2017-106033,10/15/2017,1
FG-14260,CA-2017-101308,10/2/2017,2
FG-14260,CA-2017-101308,10/2/2017,3
FG-14260,CA-2014-101833,11/17/2014,4
FG-14260,CA-2017-155607,11/26/2017,5
FG-14260,CA-2017-155607,11/26/2017,6
FG-14260,CA-2014-152443,5/21/2014,7
FG-14260,CA-2014-152443,5/21/2014,8
FG-14260,CA-2014-152443,5/21/2014,9
FG-14260,CA-2017-127460,7/10/2017,10
FG-14260,CA-2017-160801,9/19/2017,11
FH-14275,CA-2014-100916,10/21/2014,1
FH-14275,CA-2014-100916,10/21/2014,2
FH-14275,CA-2014-100916,10/21/2014,3
FH-14275,CA-2017-104640,11/10/2017,4
FH-14275,CA-2017-104640,11/10/2017,5
FH-14275,CA-2016-152170,11/12/2016,6
FH-14275,CA-2016-152170,11/12/2016,7
FH-14275,CA-2016-152170,11/12/2016,8
FH-14275,CA-2016-152170,11/12/2016,9
FH-14275,CA-2016-152170,11/12/2016,10
FH-14275,CA-2017-107832,11/23/2017,11
FH-14275,CA-2017-162474,3/13/2017,12
FH-14275,CA-2014-153808,4/6/2014,13
FH-14275,CA-2014-153808,4/6/2014,14
FH-14275,CA-2017-104318,5/13/2017,15
FH-14275,CA-2017-121503,7/3/2017,16
FH-14275,CA-2017-121503,7/3/2017,17
FH-14275,CA-2017-128370,9/10/2017,18
FH-14275,CA-2017-128370,9/10/2017,19
FH-14275,CA-2016-168557,9/19/2016,20
FH-14350,CA-2015-148859,12/28/2015,1
FH-14350,CA-2017-104801,2/13/2017,2
FH-14350,CA-2017-104801,2/13/2017,3
FH-14350,CA-2017-104801,2/13/2017,4
FH-14350,CA-2017-106831,6/1/2017,5
FH-14350,CA-2017-106831,6/1/2017,6
FH-14350,CA-2017-106831,6/1/2017,7
FH-14350,CA-2015-165624,8/23/2015,8
FH-14350,CA-2015-165624,8/23/2015,9
FH-14350,CA-2015-165624,8/23/2015,10
FH-14350,CA-2015-165624,8/23/2015,11
FH-14350,CA-2015-165624,8/23/2015,12
FH-14350,CA-2015-165624,8/23/2015,13
FH-14350,CA-2015-165624,8/23/2015,14
FH-14365,CA-2014-169684,10/20/2014,1
FH-14365,CA-2014-169684,10/20/2014,2
FH-14365,CA-2015-162047,11/3/2015,3
FH-14365,CA-2016-104689,12/1/2016,4
FH-14365,CA-2017-121398,12/25/2017,5
FH-14365,CA-2015-111829,3/19/2015,6
FH-14365,CA-2015-111829,3/19/2015,7
FH-14365,CA-2015-111829,3/19/2015,8
FH-14365,US-2017-124303,7/6/2017,9
FH-14365,CA-2017-126676,9/29/2017,10
FM-14215,CA-2017-127929,12/23/2017,1
FM-14215,CA-2014-114790,3/11/2014,2
FM-14215,CA-2014-114790,3/11/2014,3
FM-14215,CA-2014-114790,3/11/2014,4
FM-14215,CA-2014-114790,3/11/2014,5
FM-14215,CA-2017-143651,3/25/2017,6
FM-14215,CA-2016-124814,4/10/2016,7
FM-14215,CA-2016-124814,4/10/2016,8
FM-14215,US-2017-164056,4/29/2017,9
FM-14215,CA-2014-114643,6/13/2014,10
FM-14215,CA-2016-104983,7/3/2016,11
FM-14215,CA-2016-134516,9/20/2016,12
FM-14215,CA-2016-134516,9/20/2016,13
FM-14215,CA-2016-132143,9/3/2016,14
FM-14290,CA-2016-155488,11/13/2016,1
FM-14290,CA-2017-146535,11/24/2017,2
FM-14290,CA-2017-146535,11/24/2017,3
FM-14290,CA-2017-121160,11/4/2017,4
FM-14290,CA-2017-121160,11/4/2017,5
FM-14290,CA-2017-121160,11/4/2017,6
FM-14290,CA-2017-121160,11/4/2017,7
FM-14290,US-2017-153948,11/6/2017,8
FM-14290,US-2017-153948,11/6/2017,9
FM-14290,US-2017-153948,11/6/2017,10
FM-14290,US-2017-153948,11/6/2017,11
FM-14290,US-2017-153948,11/6/2017,12
FM-14290,CA-2016-114867,12/23/2016,13
FM-14290,CA-2016-114867,12/23/2016,14
FM-14290,CA-2015-130554,4/7/2015,15
FM-14290,CA-2016-103163,6/7/2016,16
FM-14290,CA-2016-103163,6/7/2016,17
FM-14290,US-2017-129777,7/3/2017,18
FM-14290,US-2017-129777,7/3/2017,19
FM-14290,CA-2014-123260,8/26/2014,20
FM-14380,CA-2015-124499,10/9/2015,1
FM-14380,CA-2015-124499,10/9/2015,2
FM-14380,CA-2015-136147,11/13/2015,3
FM-14380,CA-2015-136147,11/13/2015,4
FM-14380,US-2016-135720,12/11/2016,5
FM-14380,US-2016-135720,12/11/2016,6
FM-14380,US-2016-135720,12/11/2016,7
FM-14380,CA-2016-141082,12/9/2016,8
FM-14380,CA-2016-141082,12/9/2016,9
FM-14380,CA-2016-146150,2/14/2016,10
FM-14380,CA-2016-145842,6/17/2016,11
FM-14380,CA-2017-134796,6/25/2017,12
FM-14380,CA-2015-112711,7/12/2015,13
FM-14380,CA-2017-163321,8/7/2017,14
FO-14305,US-2016-142251,10/31/2016,1
FO-14305,CA-2017-106943,11/14/2017,2
FO-14305,CA-2017-144036,11/22/2017,3
FO-14305,CA-2016-112578,12/29/2016,4
FO-14305,CA-2016-112578,12/29/2016,5
FO-14305,CA-2015-103093,2/3/2015,6
FO-14305,CA-2015-132136,3/8/2015,7
FO-14305,CA-2017-141992,6/19/2017,8
FO-14305,CA-2017-141992,6/19/2017,9
FO-14305,US-2017-107979,6/8/2017,10
FO-14305,US-2017-107979,6/8/2017,11
FO-14305,US-2017-107979,6/8/2017,12
FO-14305,CA-2014-132612,6/9/2014,13
FO-14305,US-2015-115343,9/22/2015,14
FP-14320,CA-2016-125850,1/22/2016,1
FP-14320,CA-2016-125850,1/22/2016,2
FP-14320,CA-2017-113572,11/7/2017,3
FP-14320,US-2016-153129,12/26/2016,4
FP-14320,CA-2014-138737,12/7/2014,5
FP-14320,CA-2017-137099,12/7/2017,6
FP-14320,CA-2014-138128,12/9/2014,7
FP-14320,CA-2014-138128,12/9/2014,8
FP-14320,CA-2016-111213,4/1/2016,9
FP-14320,CA-2016-111213,4/1/2016,10
FP-14320,CA-2016-111213,4/1/2016,11
FP-14320,US-2015-168704,4/13/2015,12
FP-14320,US-2015-168704,4/13/2015,13
FP-14320,US-2015-168704,4/13/2015,14
FW-14395,CA-2017-118668,1/2/2017,1
FW-14395,CA-2015-121552,3/22/2015,2
FW-14395,CA-2016-139409,9/5/2016,3
GA-14515,CA-2016-132731,11/24/2016,1
GA-14515,CA-2016-106915,11/26/2016,2
GA-14515,CA-2014-120950,11/6/2014,3
GA-14515,CA-2015-155306,4/17/2015,4
GA-14515,CA-2015-155306,4/17/2015,5
GA-14515,CA-2015-155306,4/17/2015,6
GA-14515,CA-2015-155306,4/17/2015,7
GA-14515,CA-2015-155306,4/17/2015,8
GA-14515,CA-2014-133963,5/18/2014,9
GA-14515,CA-2017-138870,6/19/2017,10
GA-14515,CA-2017-138870,6/19/2017,11
GA-14515,CA-2017-136350,6/24/2017,12
GA-14515,CA-2017-136350,6/24/2017,13
GA-14515,US-2017-143175,8/3/2017,14
GA-14725,US-2015-126235,10/15/2015,1
GA-14725,US-2015-110163,11/1/2015,2
GA-14725,CA-2017-110842,11/11/2017,3
GA-14725,CA-2017-110842,11/11/2017,4
GA-14725,CA-2017-110842,11/11/2017,5
GA-14725,CA-2017-134194,12/25/2017,6
GA-14725,CA-2017-134194,12/25/2017,7
GA-14725,CA-2017-134194,12/25/2017,8
GA-14725,CA-2017-134194,12/25/2017,9
GA-14725,CA-2014-138072,12/30/2014,10
GA-14725,CA-2014-168368,2/11/2014,11
GA-14725,CA-2014-168368,2/11/2014,12
GA-14725,CA-2014-168368,2/11/2014,13
GA-14725,CA-2014-168368,2/11/2014,14
GA-14725,CA-2014-168368,2/11/2014,15
GA-14725,CA-2017-152786,3/12/2017,16
GA-14725,CA-2015-149993,3/19/2015,17
GA-14725,CA-2014-131247,3/30/2014,18
GA-14725,CA-2017-114636,8/25/2017,19
GB-14530,CA-2017-160983,10/29/2017,1
GB-14530,CA-2015-131422,11/5/2015,2
GB-14530,CA-2015-149566,12/5/2015,3
GB-14530,CA-2015-149566,12/5/2015,4
GB-14530,CA-2016-128923,12/9/2016,5
GB-14530,CA-2016-128923,12/9/2016,6
GB-14530,CA-2017-129028,4/1/2017,7
GB-14530,CA-2014-140228,4/28/2014,8
GB-14530,CA-2014-140228,4/28/2014,9
GB-14530,CA-2014-140228,4/28/2014,10
GB-14530,CA-2016-149314,7/2/2016,11
GB-14530,CA-2016-159912,8/29/2016,12
GB-14530,CA-2016-159912,8/29/2016,13
GB-14530,CA-2016-159912,8/29/2016,14
GB-14530,CA-2016-159912,8/29/2016,15
GB-14530,CA-2015-126186,9/11/2015,16
GB-14530,CA-2015-167745,9/18/2015,17
GB-14530,CA-2015-167745,9/18/2015,18
GB-14530,CA-2015-167745,9/18/2015,19
GB-14575,US-2017-147984,1/28/2017,1
GB-14575,CA-2017-130309,12/17/2017,2
GB-14575,CA-2016-137337,3/8/2016,3
GB-14575,CA-2016-137337,3/8/2016,4
GB-14575,CA-2016-137337,3/8/2016,5
GB-14575,CA-2015-139850,6/12/2015,6
GB-14575,CA-2015-139850,6/12/2015,7
GB-14575,CA-2015-158421,9/21/2015,8
GB-14575,CA-2015-158421,9/21/2015,9
GB-14575,CA-2015-158421,9/21/2015,10
GB-14575,CA-2015-158421,9/21/2015,11
GB-14575,CA-2015-158421,9/21/2015,12
GB-14575,CA-2015-158421,9/21/2015,13
GB-14575,CA-2015-158421,9/21/2015,14
GB-14575,CA-2015-158421,9/21/2015,15
GD-14590,CA-2017-162880,12/25/2017,1
GD-14590,CA-2014-111934,5/5/2014,2
GD-14590,CA-2014-111934,5/5/2014,3
GD-14590,CA-2017-150420,6/3/2017,4
GD-14590,CA-2016-121223,9/11/2016,5
GD-14590,CA-2016-121223,9/11/2016,6
GG-14650,CA-2014-106439,10/31/2014,1
GG-14650,CA-2014-106439,10/31/2014,2
GG-14650,CA-2014-106439,10/31/2014,3
GG-14650,CA-2014-106439,10/31/2014,4
GG-14650,CA-2014-106439,10/31/2014,5
GG-14650,CA-2014-106439,10/31/2014,6
GG-14650,CA-2014-106439,10/31/2014,7
GG-14650,CA-2014-106439,10/31/2014,8
GG-14650,CA-2014-106439,10/31/2014,9
GG-14650,CA-2017-131807,10/5/2017,10
GG-14650,CA-2017-131807,10/5/2017,11
GG-14650,CA-2017-131807,10/5/2017,12
GG-14650,CA-2017-131807,10/5/2017,13
GG-14650,CA-2017-131807,10/5/2017,14
GG-14650,CA-2017-118122,11/17/2017,15
GG-14650,US-2017-145597,11/2/2017,16
GG-14650,CA-2016-129686,11/27/2016,17
GG-14650,CA-2016-129686,11/27/2016,18
GG-14650,US-2016-114776,12/6/2016,19
GG-14650,CA-2017-157112,4/23/2017,20
GG-14650,CA-2017-157112,4/23/2017,21
GG-14650,US-2015-136476,4/5/2015,22
GG-14650,CA-2016-153353,8/18/2016,23
GH-14410,CA-2017-159282,10/16/2017,1
GH-14410,CA-2017-132647,2/17/2017,2
GH-14410,CA-2017-163006,6/30/2017,3
GH-14410,CA-2017-163006,6/30/2017,4
GH-14410,CA-2017-163006,6/30/2017,5
GH-14410,US-2017-131849,6/6/2017,6
GH-14410,US-2017-131849,6/6/2017,7
GH-14410,US-2015-164966,7/30/2015,8
GH-14410,CA-2014-114125,7/9/2014,9
GH-14410,CA-2014-114125,7/9/2014,10
GH-14410,CA-2014-114125,7/9/2014,11
GH-14410,CA-2014-128986,8/3/2014,12
GH-14410,CA-2016-118934,8/9/2016,13
GH-14410,CA-2016-118934,8/9/2016,14
GH-14410,CA-2016-144540,9/5/2016,15
GH-14410,CA-2016-144540,9/5/2016,16
GH-14425,CA-2017-141138,11/10/2017,1
GH-14425,US-2015-120572,12/11/2015,2
GH-14425,CA-2015-144806,12/6/2015,3
GH-14425,CA-2015-144806,12/6/2015,4
GH-14425,CA-2015-144806,12/6/2015,5
GH-14425,CA-2015-144806,12/6/2015,6
GH-14425,CA-2014-144414,6/17/2014,7
GH-14425,CA-2014-144414,6/17/2014,8
GH-14425,CA-2014-144414,6/17/2014,9
GH-14485,CA-2015-131352,10/8/2015,1
GH-14485,CA-2016-117590,12/8/2016,2
GH-14485,CA-2016-117590,12/8/2016,3
GH-14665,CA-2015-163090,11/17/2015,1
GH-14665,CA-2017-136539,12/28/2017,2
GH-14665,CA-2017-136539,12/28/2017,3
GK-14620,CA-2015-161767,11/20/2015,1
GK-14620,CA-2016-101546,12/18/2016,2
GK-14620,US-2016-116729,12/25/2016,3
GK-14620,US-2016-116729,12/25/2016,4
GK-14620,US-2016-116729,12/25/2016,5
GK-14620,CA-2016-162138,4/23/2016,6
GK-14620,CA-2016-162138,4/23/2016,7
GK-14620,CA-2015-164567,6/15/2015,8
GK-14620,CA-2014-164469,6/25/2014,9
GK-14620,CA-2014-164469,6/25/2014,10
GK-14620,CA-2014-164469,6/25/2014,11
GK-14620,US-2014-165862,7/13/2014,12
GK-14620,CA-2015-133396,8/13/2015,13
GK-14620,CA-2017-139444,9/9/2017,14
GM-14440,US-2017-168613,10/8/2017,1
GM-14440,CA-2014-154893,12/21/2014,2
GM-14440,CA-2014-154893,12/21/2014,3
GM-14440,CA-2016-161025,12/3/2016,4
GM-14440,US-2014-155544,3/21/2014,5
GM-14440,US-2014-155544,3/21/2014,6
GM-14440,US-2014-155544,3/21/2014,7
GM-14440,US-2017-121251,3/26/2017,8
GM-14440,US-2017-121251,3/26/2017,9
GM-14440,CA-2017-135783,4/22/2017,10
GM-14440,CA-2017-146031,7/29/2017,11
GM-14455,CA-2017-122595,12/14/2017,1
GM-14455,CA-2017-122595,12/14/2017,2
GM-14455,CA-2017-122595,12/14/2017,3
GM-14455,US-2014-143231,12/31/2014,4
GM-14455,US-2014-143231,12/31/2014,5
GM-14455,CA-2014-138940,4/11/2014,6
GM-14455,US-2016-161396,4/19/2016,7
GM-14455,US-2016-161396,4/19/2016,8
GM-14455,CA-2016-159695,4/5/2016,9
GM-14455,CA-2017-151981,8/6/2017,10
GM-14455,CA-2017-151981,8/6/2017,11
GM-14455,CA-2017-151981,8/6/2017,12
GM-14500,CA-2015-169733,10/22/2015,1
GM-14500,CA-2015-167374,3/26/2015,2
GM-14500,CA-2015-167374,3/26/2015,3
GM-14500,CA-2016-117625,5/10/2016,4
GM-14500,CA-2016-137393,5/6/2016,5
GM-14500,CA-2016-119445,6/26/2016,6
GM-14500,US-2017-123834,7/21/2017,7
GM-14500,US-2017-111241,8/20/2017,8
GM-14500,CA-2014-141901,8/9/2014,9
GM-14500,CA-2017-134418,9/15/2017,10
GM-14500,CA-2015-127173,9/26/2015,11
GM-14500,CA-2015-127173,9/26/2015,12
GM-14500,CA-2015-127173,9/26/2015,13
GM-14680,CA-2016-139157,10/1/2016,1
GM-14680,CA-2014-103310,5/10/2014,2
GM-14680,CA-2014-103310,5/10/2014,3
GM-14680,CA-2014-103310,5/10/2014,4
GM-14680,CA-2014-103310,5/10/2014,5
GM-14680,US-2016-139710,6/9/2016,6
GM-14680,CA-2017-126144,7/31/2017,7
GM-14680,CA-2014-127012,8/11/2014,8
GM-14680,CA-2014-127012,8/11/2014,9
GM-14680,CA-2014-127012,8/11/2014,10
GM-14680,CA-2016-106243,9/30/2016,11
GM-14695,CA-2014-102988,4/5/2014,1
GM-14695,CA-2014-102988,4/5/2014,2
GM-14695,CA-2014-102988,4/5/2014,3
GM-14695,CA-2014-102988,4/5/2014,4
GM-14695,CA-2014-102988,4/5/2014,5
GM-14695,CA-2016-100244,9/20/2016,6
GM-14695,CA-2016-100244,9/20/2016,7
GM-14695,CA-2016-100244,9/20/2016,8
GM-14695,CA-2016-100244,9/20/2016,9
GM-14695,CA-2016-100244,9/20/2016,10
GM-14695,CA-2017-102750,9/4/2017,11
GP-14740,CA-2015-117961,11/26/2015,1
GP-14740,CA-2015-117961,11/26/2015,2
GP-14740,CA-2015-117961,11/26/2015,3
GP-14740,CA-2014-136742,4/6/2014,4
GR-14560,US-2014-123183,11/19/2014,1
GR-14560,US-2014-123183,11/19/2014,2
GR-14560,US-2014-123183,11/19/2014,3
GR-14560,US-2014-123183,11/19/2014,4
GR-14560,CA-2014-103401,11/21/2014,5
GT-14635,US-2017-168116,11/4/2017,1
GT-14635,US-2017-168116,11/4/2017,2
GT-14635,CA-2015-144386,11/5/2015,3
GT-14635,CA-2014-159520,6/6/2014,4
GT-14635,CA-2014-159520,6/6/2014,5
GT-14635,CA-2014-159520,6/6/2014,6
GT-14710,CA-2014-128209,11/17/2014,1
GT-14710,CA-2014-128209,11/17/2014,2
GT-14710,CA-2017-101945,11/24/2017,3
GT-14710,US-2016-169040,12/6/2016,4
GT-14710,US-2016-169040,12/6/2016,5
GT-14710,US-2016-169040,12/6/2016,6
GT-14710,US-2016-169040,12/6/2016,7
GT-14710,US-2016-169040,12/6/2016,8
GT-14710,US-2016-169040,12/6/2016,9
GT-14710,US-2016-169040,12/6/2016,10
GT-14710,CA-2016-123274,2/19/2016,11
GT-14710,CA-2016-123274,2/19/2016,12
GT-14710,CA-2016-106460,2/19/2016,13
GT-14710,CA-2015-124450,4/27/2015,14
GT-14710,CA-2015-124450,4/27/2015,15
GT-14710,CA-2015-124450,4/27/2015,16
GT-14710,CA-2017-161774,5/14/2017,17
GT-14710,CA-2017-161774,5/14/2017,18
GT-14710,CA-2017-161774,5/14/2017,19
GT-14710,CA-2017-161774,5/14/2017,20
GT-14710,CA-2017-161774,5/14/2017,21
GT-14710,US-2014-135881,5/23/2014,22
GT-14710,US-2014-135881,5/23/2014,23
GT-14710,US-2014-135881,5/23/2014,24
GT-14710,CA-2016-126795,6/13/2016,25
GT-14710,CA-2017-151190,6/27/2017,26
GT-14710,CA-2017-126956,8/21/2017,27
GT-14710,CA-2017-126956,8/21/2017,28
GT-14710,CA-2017-126956,8/21/2017,29
GT-14755,CA-2017-130526,11/26/2017,1
GT-14755,CA-2015-105725,2/18/2015,2
GT-14755,CA-2015-105725,2/18/2015,3
GT-14755,CA-2017-104745,5/29/2017,4
GT-14755,CA-2017-104745,5/29/2017,5
GT-14755,CA-2016-130029,7/3/2016,6
GT-14755,CA-2016-130029,7/3/2016,7
GW-14605,CA-2016-169334,10/21/2016,1
GW-14605,CA-2017-155075,12/2/2017,2
GW-14605,CA-2016-108105,2/16/2016,3
GW-14605,CA-2016-108105,2/16/2016,4
GW-14605,CA-2014-168312,3/1/2014,5
GW-14605,CA-2014-168312,3/1/2014,6
GW-14605,CA-2014-124709,7/27/2014,7
GW-14605,US-2017-113852,7/29/2017,8
GW-14605,CA-2015-135489,9/19/2015,9
GZ-14470,CA-2015-123141,11/14/2015,1
GZ-14470,CA-2015-123141,11/14/2015,2
GZ-14470,CA-2016-129903,12/1/2016,3
GZ-14470,CA-2015-154795,12/20/2015,4
GZ-14470,CA-2015-154795,12/20/2015,5
GZ-14470,US-2017-123463,12/23/2017,6
GZ-14470,CA-2016-131737,3/17/2016,7
GZ-14470,CA-2016-131737,3/17/2016,8
GZ-14470,CA-2016-131737,3/17/2016,9
GZ-14470,CA-2017-156769,5/6/2017,10
GZ-14470,CA-2014-124723,8/5/2014,11
GZ-14470,CA-2017-126928,9/17/2017,12
GZ-14470,CA-2017-126928,9/17/2017,13
GZ-14470,CA-2014-132500,9/8/2014,14
GZ-14545,CA-2017-140515,3/19/2017,1
GZ-14545,CA-2017-137001,6/10/2017,2
GZ-14545,US-2017-167318,7/26/2017,3
GZ-14545,US-2017-167318,7/26/2017,4
GZ-14545,CA-2014-107153,9/28/2014,5
HA-14905,CA-2017-130141,10/22/2017,1
HA-14905,CA-2017-130141,10/22/2017,2
HA-14905,CA-2015-153073,11/13/2015,3
HA-14905,CA-2015-105634,11/8/2015,4
HA-14905,CA-2015-134075,12/12/2015,5
HA-14905,CA-2015-134075,12/12/2015,6
HA-14905,CA-2014-146640,6/30/2014,7
HA-14905,CA-2017-123036,9/10/2017,8
HA-14905,CA-2017-123036,9/10/2017,9
HA-14905,CA-2016-145611,9/20/2016,10
HA-14920,CA-2014-157924,10/11/2014,1
HA-14920,CA-2014-157924,10/11/2014,2
HA-14920,CA-2016-154018,10/13/2016,3
HA-14920,CA-2016-154018,10/13/2016,4
HA-14920,CA-2016-154018,10/13/2016,5
HA-14920,CA-2016-154018,10/13/2016,6
HA-14920,CA-2016-154018,10/13/2016,7
HA-14920,CA-2017-157651,12/10/2017,8
HA-14920,CA-2015-136735,7/26/2015,9
HA-14920,CA-2015-155334,7/30/2015,10
HA-14920,CA-2015-155334,7/30/2015,11
HA-14920,CA-2015-155334,7/30/2015,12
HA-14920,US-2016-113649,8/9/2016,13
HA-14920,US-2016-113649,8/9/2016,14
HA-14920,US-2016-113649,8/9/2016,15
HA-14920,CA-2017-117044,9/11/2017,16
HA-14920,CA-2017-117044,9/11/2017,17
HA-14920,CA-2015-110744,9/7/2015,18
HD-14785,CA-2015-162376,11/22/2015,1
HD-14785,CA-2015-162376,11/22/2015,2
HD-14785,CA-2014-119172,5/11/2014,3
HD-14785,CA-2014-119172,5/11/2014,4
HD-14785,CA-2015-157343,6/7/2015,5
HD-14785,CA-2015-157343,6/7/2015,6
HD-14785,CA-2015-157343,6/7/2015,7
HE-14800,CA-2016-114944,1/30/2016,1
HE-14800,CA-2017-143252,12/18/2017,2
HE-14800,CA-2017-143252,12/18/2017,3
HE-14800,CA-2016-146374,12/5/2016,4
HE-14800,CA-2016-146374,12/5/2016,5
HE-14800,CA-2016-146374,12/5/2016,6
HE-14800,CA-2017-140480,7/8/2017,7
HE-14800,CA-2017-140480,7/8/2017,8
HE-14800,CA-2017-140480,7/8/2017,9
HE-14800,CA-2017-140480,7/8/2017,10
HE-14800,CA-2017-140480,7/8/2017,11
HF-14995,CA-2016-104276,11/27/2016,1
HF-14995,CA-2016-104276,11/27/2016,2
HF-14995,CA-2017-129833,12/9/2017,3
HF-14995,CA-2017-129833,12/9/2017,4
HF-14995,CA-2016-117681,4/9/2016,5
HF-14995,CA-2016-164784,5/1/2016,6
HF-14995,CA-2016-164784,5/1/2016,7
HF-14995,CA-2016-164784,5/1/2016,8
HF-14995,CA-2014-158029,5/26/2014,9
HF-14995,CA-2014-153969,9/21/2014,10
HF-14995,CA-2014-153969,9/21/2014,11
HF-14995,CA-2014-153969,9/21/2014,12
HF-14995,CA-2014-153969,9/21/2014,13
HF-14995,CA-2014-153969,9/21/2014,14
HF-14995,CA-2014-153969,9/21/2014,15
HF-14995,US-2016-147711,9/3/2016,16
HF-14995,US-2016-147711,9/3/2016,17
HF-14995,US-2016-147711,9/3/2016,18
HF-14995,US-2016-147711,9/3/2016,19
HG-14845,CA-2017-141873,10/9/2017,1
HG-14845,CA-2017-141873,10/9/2017,2
HG-14845,CA-2017-141873,10/9/2017,3
HG-14845,CA-2017-141873,10/9/2017,4
HG-14845,CA-2017-150504,11/6/2017,5
HG-14845,CA-2017-122763,3/20/2017,6
HG-14845,CA-2017-122763,3/20/2017,7
HG-14845,CA-2014-142727,4/29/2014,8
HG-14845,CA-2014-142727,4/29/2014,9
HG-14845,US-2015-161347,9/13/2015,10
HG-14965,CA-2016-109407,1/24/2016,1
HG-14965,CA-2016-146437,1/28/2016,2
HG-14965,US-2017-122672,11/4/2017,3
HG-14965,US-2017-122672,11/4/2017,4
HG-14965,CA-2016-145919,12/18/2016,5
HG-14965,CA-2016-145919,12/18/2016,6
HG-14965,US-2017-122714,12/7/2017,7
HG-14965,CA-2015-156118,12/8/2015,8
HG-14965,US-2017-160143,3/31/2017,9
HG-14965,CA-2015-122168,8/21/2015,10
HG-14965,CA-2015-122168,8/21/2015,11
HG-14965,CA-2014-126480,9/20/2014,12
HG-14965,US-2014-152723,9/26/2014,13
HG-14965,CA-2015-169201,9/28/2015,14
HG-14965,CA-2015-169201,9/28/2015,15
HG-15025,CA-2016-111794,10/1/2016,1
HG-15025,CA-2016-111794,10/1/2016,2
HG-15025,CA-2014-163748,10/14/2014,3
HG-15025,CA-2014-163748,10/14/2014,4
HG-15025,CA-2017-146724,11/20/2017,5
HG-15025,CA-2017-169978,12/24/2017,6
HG-15025,CA-2017-169978,12/24/2017,7
HG-15025,CA-2015-165162,5/14/2015,8
HG-15025,CA-2017-117821,6/12/2017,9
HG-15025,US-2016-156692,8/13/2016,10
HG-15025,US-2016-156692,8/13/2016,11
HH-15010,CA-2017-131492,10/19/2017,1
HH-15010,CA-2017-131492,10/19/2017,2
HH-15010,CA-2017-131492,10/19/2017,3
HH-15010,CA-2014-135699,8/29/2014,4
HH-15010,CA-2014-135699,8/29/2014,5
HJ-14875,CA-2016-118500,11/17/2016,1
HJ-14875,CA-2016-165470,11/25/2016,2
HJ-14875,CA-2015-100216,4/13/2015,3
HJ-14875,CA-2015-100216,4/13/2015,4
HJ-14875,CA-2017-132584,8/26/2017,5
HJ-14875,CA-2016-166772,9/20/2016,6
HK-14890,CA-2016-165484,10/23/2016,1
HK-14890,CA-2016-165484,10/23/2016,2
HK-14890,CA-2015-109862,10/25/2015,3
HK-14890,CA-2015-109862,10/25/2015,4
HK-14890,CA-2015-150875,11/16/2015,5
HK-14890,CA-2015-150875,11/16/2015,6
HK-14890,US-2017-141677,3/26/2017,7
HK-14890,US-2017-141677,3/26/2017,8
HK-14890,US-2017-141677,3/26/2017,9
HK-14890,US-2017-141677,3/26/2017,10
HK-14890,US-2017-141677,3/26/2017,11
HK-14890,CA-2016-130001,4/23/2016,12
HK-14890,CA-2014-144281,6/10/2014,13
HK-14890,CA-2017-126382,6/3/2017,14
HK-14890,CA-2017-124576,8/1/2017,15
HL-15040,US-2014-147627,1/20/2014,1
HL-15040,US-2014-147627,1/20/2014,2
HL-15040,US-2014-147627,1/20/2014,3
HL-15040,US-2014-147627,1/20/2014,4
HL-15040,US-2014-147627,1/20/2014,5
HL-15040,US-2014-147627,1/20/2014,6
HL-15040,CA-2016-140634,10/3/2016,7
HL-15040,CA-2017-134607,10/3/2017,8
HL-15040,CA-2017-166709,11/17/2017,9
HL-15040,CA-2014-127159,5/12/2014,10
HL-15040,CA-2016-101987,6/24/2016,11
HM-14860,CA-2017-125199,10/19/2017,1
HM-14860,CA-2017-125199,10/19/2017,2
HM-14860,CA-2017-125199,10/19/2017,3
HM-14860,US-2015-128587,12/24/2015,4
HM-14860,US-2015-128587,12/24/2015,5
HM-14860,CA-2017-129805,12/28/2017,6
HM-14860,CA-2015-118871,12/4/2015,7
HM-14860,CA-2015-118871,12/4/2015,8
HM-14860,CA-2015-118871,12/4/2015,9
HM-14860,CA-2017-127117,4/14/2017,10
HM-14860,CA-2016-100510,5/12/2016,11
HM-14860,CA-2016-100510,5/12/2016,12
HM-14860,CA-2014-129189,7/21/2014,13
HM-14860,CA-2014-129189,7/21/2014,14
HM-14860,CA-2014-129189,7/21/2014,15
HM-14860,CA-2017-132738,8/4/2017,16
HM-14860,CA-2017-146367,8/4/2017,17
HM-14860,CA-2017-132738,8/4/2017,18
HM-14860,US-2016-110170,9/27/2016,19
HM-14980,CA-2015-129917,10/2/2015,1
HM-14980,CA-2015-129917,10/2/2015,2
HM-14980,CA-2015-129917,10/2/2015,3
HM-14980,CA-2017-130904,4/11/2017,4
HM-14980,CA-2017-130904,4/11/2017,5
HM-14980,CA-2017-151281,4/27/2017,6
HM-14980,CA-2016-106075,9/18/2016,7
HP-14815,CA-2017-161893,1/23/2017,1
HP-14815,CA-2017-161893,1/23/2017,2
HP-14815,CA-2015-122259,10/31/2015,3
HP-14815,US-2015-118983,11/22/2015,4
HP-14815,US-2015-118983,11/22/2015,5
HP-14815,CA-2014-122217,11/24/2014,6
HP-14815,CA-2017-111689,11/30/2017,7
HP-14815,CA-2017-111689,11/30/2017,8
HP-14815,CA-2015-156853,12/3/2015,9
HP-14815,CA-2014-121664,5/6/2014,10
HR-14770,CA-2017-113278,1/14/2017,1
HR-14770,CA-2017-113278,1/14/2017,2
HR-14770,CA-2017-113278,1/14/2017,3
HR-14770,CA-2017-113278,1/14/2017,4
HR-14770,CA-2017-113278,1/14/2017,5
HR-14770,CA-2017-113278,1/14/2017,6
HR-14770,CA-2017-113278,1/14/2017,7
HR-14770,CA-2017-113278,1/14/2017,8
HR-14770,CA-2017-106964,12/17/2017,9
HR-14770,US-2014-143707,3/1/2014,10
HR-14770,CA-2017-165904,4/7/2017,11
HR-14770,CA-2017-165904,4/7/2017,12
HR-14770,CA-2015-103954,8/9/2015,13
HR-14830,CA-2014-127131,11/24/2014,1
HR-14830,CA-2014-127131,11/24/2014,2
HR-14830,CA-2014-127131,11/24/2014,3
HR-14830,CA-2014-127131,11/24/2014,4
HR-14830,CA-2015-157287,12/22/2015,5
HR-14830,CA-2015-157287,12/22/2015,6
HR-14830,CA-2015-135538,12/24/2015,7
HR-14830,CA-2015-110632,3/17/2015,8
HR-14830,CA-2015-110632,3/17/2015,9
HR-14830,CA-2017-166184,3/24/2017,10
HR-14830,CA-2017-166184,3/24/2017,11
HR-14830,CA-2017-166184,3/24/2017,12
HR-14830,CA-2015-147011,6/18/2015,13
HR-14830,US-2017-135013,7/24/2017,14
HW-14935,CA-2016-140130,10/31/2016,1
HW-14935,CA-2016-140130,10/31/2016,2
HW-14935,CA-2016-140130,10/31/2016,3
HW-14935,CA-2016-140130,10/31/2016,4
HW-14935,CA-2017-105809,2/20/2017,5
HW-14935,CA-2017-105809,2/20/2017,6
HW-14935,CA-2017-165491,3/20/2017,7
HW-14935,CA-2017-121559,6/1/2017,8
HW-14935,CA-2017-121559,6/1/2017,9
HW-14935,CA-2017-121559,6/1/2017,10
HW-14935,CA-2017-121559,6/1/2017,11
HW-14935,CA-2017-121559,6/1/2017,12
HW-14935,CA-2016-136133,8/18/2016,13
HW-14935,CA-2017-121027,8/18/2017,14
HW-14935,CA-2017-121027,8/18/2017,15
HW-14935,CA-2015-103072,9/27/2015,16
HW-14935,CA-2015-103072,9/27/2015,17
HW-14935,CA-2017-140326,9/4/2017,18
HW-14935,CA-2017-140326,9/4/2017,19
HW-14935,CA-2017-140326,9/4/2017,20
HZ-14950,CA-2017-157420,11/21/2017,1
HZ-14950,CA-2017-124765,11/25/2017,2
HZ-14950,US-2016-154361,3/14/2016,3
HZ-14950,CA-2017-168739,5/29/2017,4
HZ-14950,CA-2017-108931,9/14/2017,5
HZ-14950,CA-2017-108931,9/14/2017,6
IG-15085,CA-2014-143168,10/18/2014,1
IG-15085,CA-2014-143168,10/18/2014,2
IG-15085,CA-2017-158743,10/20/2017,3
IG-15085,CA-2017-158743,10/20/2017,4
IG-15085,CA-2017-158743,10/20/2017,5
IG-15085,CA-2015-101000,4/9/2015,6
IG-15085,CA-2016-159345,6/17/2016,7
IL-15100,CA-2015-151722,10/5/2015,1
IL-15100,US-2015-114741,12/6/2015,2
IL-15100,US-2015-114741,12/6/2015,3
IL-15100,US-2015-114741,12/6/2015,4
IL-15100,CA-2015-156482,2/6/2015,5
IL-15100,CA-2015-156482,2/6/2015,6
IL-15100,CA-2015-156482,2/6/2015,7
IL-15100,CA-2016-111318,7/23/2016,8
IL-15100,CA-2014-152296,8/1/2014,9
IL-15100,CA-2017-143063,8/10/2017,10
IL-15100,CA-2017-143063,8/10/2017,11
IL-15100,CA-2017-143063,8/10/2017,12
IL-15100,CA-2016-169971,9/4/2016,13
IL-15100,CA-2016-169971,9/4/2016,14
IM-15055,CA-2014-102645,1/23/2014,1
IM-15055,CA-2016-124527,11/16/2016,2
IM-15055,CA-2016-129630,9/4/2016,3
IM-15070,CA-2015-100545,11/22/2015,1
IM-15070,CA-2016-109925,11/6/2016,2
IM-15070,CA-2015-104346,12/11/2015,3
IM-15070,CA-2015-104346,12/11/2015,4
IM-15070,CA-2015-104346,12/11/2015,5
IM-15070,CA-2015-104346,12/11/2015,6
IM-15070,CA-2015-104346,12/11/2015,7
IM-15070,CA-2015-104346,12/11/2015,8
IM-15070,CA-2015-104346,12/11/2015,9
IM-15070,CA-2015-104346,12/11/2015,10
IM-15070,CA-2015-104346,12/11/2015,11
IM-15070,CA-2014-120768,12/19/2014,12
IM-15070,CA-2014-120768,12/19/2014,13
IM-15070,CA-2014-120768,12/19/2014,14
IM-15070,CA-2016-161389,12/5/2016,15
IM-15070,CA-2016-140501,6/23/2016,16
IM-15070,CA-2016-140501,6/23/2016,17
IM-15070,CA-2016-140501,6/23/2016,18
IM-15070,CA-2016-140501,6/23/2016,19
IM-15070,CA-2016-140501,6/23/2016,20
IM-15070,CA-2015-154956,7/4/2015,21
JA-15970,CA-2014-151295,11/12/2014,1
JA-15970,CA-2014-151295,11/12/2014,2
JA-15970,CA-2017-152261,3/2/2017,3
JA-15970,CA-2017-102414,5/15/2017,4
JA-15970,CA-2017-102414,5/15/2017,5
JA-15970,CA-2016-116526,9/1/2016,6
JA-15970,CA-2016-116526,9/1/2016,7
JA-15970,CA-2016-116526,9/1/2016,8
JA-15970,CA-2016-116526,9/1/2016,9
JA-15970,CA-2016-116526,9/1/2016,10
JA-15970,CA-2016-116526,9/1/2016,11
JA-15970,CA-2014-131947,9/17/2014,12
JA-15970,CA-2014-131947,9/17/2014,13
JA-15970,CA-2014-131947,9/17/2014,14
JA-15970,CA-2014-131947,9/17/2014,15
JA-15970,CA-2014-131947,9/17/2014,16
JA-15970,CA-2014-131947,9/17/2014,17
JA-15970,CA-2017-158379,9/22/2017,18
JA-15970,CA-2017-158379,9/22/2017,19
JA-15970,CA-2017-158379,9/22/2017,20
JA-15970,CA-2017-128335,9/29/2017,21
JA-15970,CA-2017-128335,9/29/2017,22
JA-15970,US-2017-150070,9/7/2017,23
JB-15400,CA-2017-142125,10/21/2017,1
JB-15400,CA-2017-142125,10/21/2017,2
JB-15400,CA-2017-158246,11/9/2017,3
JB-15400,CA-2017-117443,12/23/2017,4
JB-15400,CA-2017-117443,12/23/2017,5
JB-15400,CA-2016-101189,2/4/2016,6
JB-15400,CA-2015-145821,5/1/2015,7
JB-15400,CA-2016-165316,7/23/2016,8
JB-15400,CA-2016-165316,7/23/2016,9
JB-15400,CA-2016-165316,7/23/2016,10
JB-15400,CA-2017-132339,8/19/2017,11
JB-15400,US-2014-100853,9/14/2014,12
JB-15400,US-2014-100853,9/14/2014,13
JB-15400,CA-2015-121608,9/3/2015,14
JB-15400,CA-2015-121608,9/3/2015,15
JB-15400,US-2015-104185,9/3/2015,16
JB-15925,US-2015-167220,12/12/2015,1
JB-15925,CA-2015-169397,12/24/2015,2
JB-15925,CA-2015-169397,12/24/2015,3
JB-15925,CA-2015-169397,12/24/2015,4
JB-15925,CA-2015-169397,12/24/2015,5
JB-15925,CA-2015-169397,12/24/2015,6
JB-15925,CA-2015-169397,12/24/2015,7
JB-15925,CA-2014-150203,12/5/2014,8
JB-16000,CA-2016-163937,1/10/2016,1
JB-16000,CA-2017-124674,11/17/2017,2
JB-16000,CA-2017-168179,11/2/2017,3
JB-16000,CA-2017-107713,3/13/2017,4
JB-16000,CA-2016-121993,6/10/2016,5
JB-16000,US-2017-157224,9/14/2017,6
JB-16000,US-2017-159562,9/9/2017,7
JB-16045,CA-2017-110625,12/23/2017,1
JB-16045,US-2016-155173,3/6/2016,2
JB-16045,US-2016-155173,3/6/2016,3
JB-16045,US-2016-155173,3/6/2016,4
JB-16045,CA-2016-139269,5/25/2016,5
JB-16045,CA-2016-139269,5/25/2016,6
JB-16045,CA-2016-139269,5/25/2016,7
JC-15340,CA-2016-102792,12/13/2016,1
JC-15340,CA-2016-154536,9/5/2016,2
JC-15340,US-2017-129441,9/7/2017,3
JC-15385,CA-2017-108560,7/8/2017,1
JC-15385,CA-2017-108560,7/8/2017,2
JC-15385,CA-2017-108560,7/8/2017,3
JC-15775,CA-2015-127824,10/18/2015,1
JC-15775,CA-2015-127824,10/18/2015,2
JC-15775,CA-2015-127824,10/18/2015,3
JC-15775,CA-2014-109127,12/21/2014,4
JC-15775,CA-2017-112039,3/25/2017,5
JC-15775,CA-2017-118360,4/1/2017,6
JC-15775,US-2017-120607,5/19/2017,7
JC-15775,CA-2017-109393,6/30/2017,8
JC-15775,CA-2017-121293,7/25/2017,9
JC-15775,CA-2017-121293,7/25/2017,10
JC-15775,CA-2017-121293,7/25/2017,11
JC-15775,CA-2017-121293,7/25/2017,12
JC-15775,CA-2017-121293,7/25/2017,13
JC-15775,CA-2016-118626,8/15/2016,14
JC-15775,CA-2014-159184,9/14/2014,15
JC-15775,CA-2014-159184,9/14/2014,16
JC-16105,CA-2017-139913,10/23/2017,1
JC-16105,CA-2017-139913,10/23/2017,2
JC-16105,CA-2017-139913,10/23/2017,3
JC-16105,CA-2017-139913,10/23/2017,4
JC-16105,CA-2014-141173,11/18/2014,5
JC-16105,CA-2017-126046,11/3/2017,6
JC-16105,US-2014-167738,12/24/2014,7
JC-16105,US-2014-167738,12/24/2014,8
JC-16105,CA-2015-149734,9/3/2015,9
JD-15790,CA-2015-134719,10/10/2015,1
JD-15790,CA-2016-134138,2/16/2016,2
JD-15790,US-2015-159513,4/2/2015,3
JD-15790,CA-2017-143294,6/2/2017,4
JD-15790,CA-2017-152485,9/4/2017,5
JD-15790,CA-2017-152485,9/4/2017,6
JD-15790,CA-2017-152485,9/4/2017,7
JD-15895,CA-2016-168046,1/25/2016,1
JD-15895,CA-2016-168046,1/25/2016,2
JD-15895,CA-2016-168046,1/25/2016,3
JD-15895,CA-2016-168046,1/25/2016,4
JD-15895,CA-2016-142545,10/28/2016,5
JD-15895,CA-2016-142545,10/28/2016,6
JD-15895,CA-2016-142545,10/28/2016,7
JD-15895,CA-2016-142545,10/28/2016,8
JD-15895,CA-2016-144218,10/31/2016,9
JD-15895,CA-2016-143805,12/1/2016,10
JD-15895,CA-2016-143805,12/1/2016,11
JD-15895,CA-2015-127481,12/12/2015,12
JD-15895,CA-2015-127481,12/12/2015,13
JD-15895,CA-2014-138436,3/26/2014,14
JD-15895,CA-2014-122336,4/13/2014,15
JD-15895,CA-2014-122336,4/13/2014,16
JD-15895,CA-2014-122336,4/13/2014,17
JD-15895,CA-2016-157161,7/16/2016,18
JD-15895,CA-2016-157161,7/16/2016,19
JD-15895,CA-2016-157161,7/16/2016,20
JD-15895,CA-2016-157161,7/16/2016,21
JD-15895,CA-2016-157161,7/16/2016,22
JD-15895,CA-2016-157161,7/16/2016,23
JD-15895,CA-2014-127866,7/20/2014,24
JD-15895,CA-2014-127866,7/20/2014,25
JD-15895,CA-2014-127866,7/20/2014,26
JD-15895,CA-2014-127866,7/20/2014,27
JD-15895,CA-2016-136329,7/9/2016,28
JD-15895,CA-2016-136329,7/9/2016,29
JD-15895,CA-2016-110366,9/5/2016,30
JD-16015,CA-2014-102085,10/4/2014,1
JD-16015,CA-2014-110611,10/6/2014,2
JD-16015,CA-2014-148950,12/14/2014,3
JD-16015,CA-2014-148950,12/14/2014,4
JD-16015,CA-2014-148950,12/14/2014,5
JD-16015,US-2017-152569,5/15/2017,6
JD-16015,US-2017-152569,5/15/2017,7
JD-16015,CA-2017-156818,7/11/2017,8
JD-16015,CA-2017-152198,9/9/2017,9
JD-16015,CA-2017-152198,9/9/2017,10
JD-16015,CA-2017-152198,9/9/2017,11
JD-16060,US-2015-125374,3/23/2015,1
JD-16060,CA-2017-168123,3/5/2017,2
JD-16060,CA-2017-168123,3/5/2017,3
JD-16060,CA-2017-168123,3/5/2017,4
JD-16060,CA-2017-168123,3/5/2017,5
JD-16060,CA-2014-123344,9/24/2014,6
JD-16150,CA-2014-119144,11/16/2014,1
JD-16150,CA-2014-119144,11/16/2014,2
JD-16150,CA-2014-119144,11/16/2014,3
JD-16150,CA-2017-168858,11/19/2017,4
JD-16150,CA-2017-168858,11/19/2017,5
JD-16150,CA-2015-145184,11/27/2015,6
JD-16150,CA-2015-145184,11/27/2015,7
JD-16150,CA-2016-147067,12/18/2016,8
JD-16150,US-2015-147739,12/25/2015,9
JD-16150,US-2015-163279,3/22/2015,10
JD-16150,US-2015-163279,3/22/2015,11
JD-16150,US-2015-163279,3/22/2015,12
JD-16150,CA-2017-155880,3/25/2017,13
JD-16150,CA-2017-155880,3/25/2017,14
JD-16150,CA-2017-155880,3/25/2017,15
JD-16150,CA-2016-116911,9/15/2016,16
JD-16150,CA-2016-116911,9/15/2016,17
JE-15475,CA-2016-152632,10/27/2016,1
JE-15475,US-2016-132577,11/22/2016,2
JE-15475,US-2016-132577,11/22/2016,3
JE-15475,US-2016-132577,11/22/2016,4
JE-15475,US-2016-132577,11/22/2016,5
JE-15475,US-2016-132577,11/22/2016,6
JE-15475,CA-2015-163762,11/27/2015,7
JE-15475,CA-2016-133795,12/18/2016,8
JE-15475,CA-2016-133795,12/18/2016,9
JE-15475,CA-2016-133795,12/18/2016,10
JE-15475,CA-2015-112116,3/16/2015,11
JE-15475,CA-2017-132934,6/20/2017,12
JE-15475,CA-2017-132934,6/20/2017,13
JE-15610,US-2014-146353,10/14/2014,1
JE-15610,US-2014-146353,10/14/2014,2
JE-15610,US-2017-136707,11/12/2017,3
JE-15610,CA-2017-119494,11/9/2017,4
JE-15610,CA-2017-133263,3/31/2017,5
JE-15610,CA-2017-133263,3/31/2017,6
JE-15610,CA-2017-133263,3/31/2017,7
JE-15610,CA-2016-154081,5/22/2016,8
JE-15610,CA-2015-121720,6/11/2015,9
JE-15610,CA-2015-121720,6/11/2015,10
JE-15610,CA-2015-121720,6/11/2015,11
JE-15610,CA-2015-121720,6/11/2015,12
JE-15610,CA-2015-121720,6/11/2015,13
JE-15610,CA-2015-121720,6/11/2015,14
JE-15610,CA-2015-121720,6/11/2015,15
JE-15610,CA-2015-121720,6/11/2015,16
JE-15610,CA-2017-166317,9/22/2017,17
JE-15610,CA-2017-166317,9/22/2017,18
JE-15610,CA-2017-166317,9/22/2017,19
JE-15610,CA-2017-166317,9/22/2017,20
JE-15715,CA-2015-110877,10/23/2015,1
JE-15715,CA-2015-110877,10/23/2015,2
JE-15715,CA-2017-124261,11/14/2017,3
JE-15715,CA-2016-105081,12/25/2016,4
JE-15715,CA-2016-169670,12/25/2016,5
JE-15715,CA-2016-105081,12/25/2016,6
JE-15715,CA-2015-129770,2/21/2015,7
JE-15715,CA-2017-126914,6/15/2017,8
JE-15715,CA-2017-126914,6/15/2017,9
JE-15715,CA-2016-112109,7/8/2016,10
JE-15715,CA-2016-112109,7/8/2016,11
JE-15715,CA-2016-112109,7/8/2016,12
JE-15715,CA-2016-112109,7/8/2016,13
JE-15715,CA-2014-126200,8/25/2014,14
JE-15715,US-2017-105697,8/25/2017,15
JE-15715,CA-2016-106950,9/2/2016,16
JE-15715,CA-2016-106950,9/2/2016,17
JE-15715,CA-2016-106950,9/2/2016,18
JE-15715,CA-2016-106950,9/2/2016,19
JE-15715,CA-2016-106950,9/2/2016,20
JE-15715,CA-2016-106950,9/2/2016,21
JE-15745,CA-2015-139731,10/15/2015,1
JE-15745,CA-2015-139731,10/15/2015,2
JE-15745,US-2016-162026,10/8/2016,3
JE-15745,US-2015-101511,11/21/2015,4
JE-15745,US-2015-101511,11/21/2015,5
JE-15745,US-2014-147606,11/26/2014,6
JE-15745,US-2017-141852,11/9/2017,7
JE-15745,CA-2016-113621,12/1/2016,8
JE-15745,CA-2016-113621,12/1/2016,9
JE-15745,CA-2017-108070,4/16/2017,10
JE-15745,US-2015-134026,4/26/2015,11
JE-15745,US-2015-134026,4/26/2015,12
JE-15745,US-2015-134026,4/26/2015,13
JE-15745,US-2015-168914,5/21/2015,14
JE-15745,CA-2017-129462,6/16/2017,15
JE-15745,CA-2017-129462,6/16/2017,16
JE-15745,CA-2017-129462,6/16/2017,17
JE-15745,CA-2017-129462,6/16/2017,18
JE-15745,CA-2014-142048,6/22/2014,19
JE-15745,CA-2017-161053,9/22/2017,20
JE-15745,CA-2017-161053,9/22/2017,21
JE-16165,US-2017-146416,10/20/2017,1
JE-16165,US-2017-146416,10/20/2017,2
JE-16165,US-2017-135503,12/10/2017,3
JE-16165,CA-2016-114489,12/5/2016,4
JE-16165,CA-2016-114489,12/5/2016,5
JE-16165,CA-2016-114489,12/5/2016,6
JE-16165,CA-2016-114489,12/5/2016,7
JF-15190,US-2017-123862,1/7/2017,1
JF-15190,US-2017-123862,1/7/2017,2
JF-15190,US-2017-123862,1/7/2017,3
JF-15190,US-2017-123862,1/7/2017,4
JF-15190,US-2017-110646,10/26/2017,5
JF-15190,US-2017-110646,10/26/2017,6
JF-15190,US-2017-110646,10/26/2017,7
JF-15190,CA-2014-116407,11/15/2014,8
JF-15190,CA-2014-116407,11/15/2014,9
JF-15190,CA-2014-116407,11/15/2014,10
JF-15190,US-2016-155103,12/2/2016,11
JF-15190,US-2016-155103,12/2/2016,12
JF-15190,US-2016-155103,12/2/2016,13
JF-15190,US-2017-123281,4/2/2017,14
JF-15190,CA-2017-121083,7/9/2017,15
JF-15190,CA-2017-121083,7/9/2017,16
JF-15190,CA-2017-121083,7/9/2017,17
JF-15190,CA-2017-121083,7/9/2017,18
JF-15190,CA-2015-105508,9/24/2015,19
JF-15295,CA-2016-167290,10/30/2016,1
JF-15295,CA-2014-114510,3/14/2014,2
JF-15295,CA-2014-114510,3/14/2014,3
JF-15295,CA-2014-114510,3/14/2014,4
JF-15295,CA-2014-114510,3/14/2014,5
JF-15295,CA-2014-114510,3/14/2014,6
JF-15295,CA-2016-163594,4/12/2016,7
JF-15295,CA-2016-163594,4/12/2016,8
JF-15295,CA-2016-163594,4/12/2016,9
JF-15295,US-2017-110604,5/15/2017,10
JF-15295,US-2017-110604,5/15/2017,11
JF-15295,US-2017-110604,5/15/2017,12
JF-15295,CA-2017-122077,5/19/2017,13
JF-15295,CA-2017-122077,5/19/2017,14
JF-15355,CA-2015-132486,10/23/2015,1
JF-15355,CA-2015-132486,10/23/2015,2
JF-15355,CA-2015-132486,10/23/2015,3
JF-15355,CA-2015-132486,10/23/2015,4
JF-15355,CA-2015-132486,10/23/2015,5
JF-15355,CA-2015-132486,10/23/2015,6
JF-15355,CA-2017-169474,2/4/2017,7
JF-15355,CA-2017-136651,4/23/2017,8
JF-15355,CA-2017-136651,4/23/2017,9
JF-15355,CA-2017-136651,4/23/2017,10
JF-15355,CA-2016-152163,7/1/2016,11
JF-15355,CA-2016-152163,7/1/2016,12
JF-15355,CA-2016-152163,7/1/2016,13
JF-15355,CA-2017-141103,7/30/2017,14
JF-15355,CA-2017-144113,9/16/2017,15
JF-15355,CA-2017-144113,9/16/2017,16
JF-15415,CA-2015-105844,10/25/2015,1
JF-15415,CA-2017-164826,12/28/2017,2
JF-15415,CA-2017-164826,12/28/2017,3
JF-15415,CA-2017-164826,12/28/2017,4
JF-15415,CA-2017-164826,12/28/2017,5
JF-15415,CA-2015-102855,4/5/2015,6
JF-15415,CA-2015-102855,4/5/2015,7
JF-15415,CA-2014-156342,6/17/2014,8
JF-15415,US-2014-166828,8/22/2014,9
JF-15415,US-2017-142188,9/11/2017,10
JF-15415,US-2017-142188,9/11/2017,11
JF-15415,US-2017-142188,9/11/2017,12
JF-15415,US-2017-142188,9/11/2017,13
JF-15415,US-2017-142188,9/11/2017,14
JF-15490,US-2017-120649,1/20/2017,1
JF-15490,CA-2016-164483,1/30/2016,2
JF-15490,CA-2014-117317,10/19/2014,3
JF-15490,CA-2015-133445,10/5/2015,4
JF-15490,CA-2015-133445,10/5/2015,5
JF-15490,CA-2015-141740,11/1/2015,6
JF-15490,US-2014-106334,12/27/2014,7
JF-15490,US-2014-106334,12/27/2014,8
JF-15490,CA-2015-130736,12/7/2015,9
JF-15490,CA-2015-130736,12/7/2015,10
JF-15490,US-2017-150847,4/30/2017,11
JF-15490,CA-2016-159653,5/22/2016,12
JF-15490,US-2017-162124,5/6/2017,13
JF-15490,CA-2017-159884,8/31/2017,14
JF-15490,CA-2017-159884,8/31/2017,15
JF-15565,US-2014-126571,10/11/2014,1
JF-15565,US-2014-126571,10/11/2014,2
JF-15565,CA-2016-166373,10/21/2016,3
JF-15565,CA-2017-167941,11/6/2017,4
JF-15565,CA-2017-167941,11/6/2017,5
JF-15565,CA-2017-167941,11/6/2017,6
JF-15565,CA-2017-167941,11/6/2017,7
JF-15565,CA-2017-167941,11/6/2017,8
JF-15565,CA-2016-105781,2/16/2016,9
JF-15565,CA-2016-105781,2/16/2016,10
JF-15565,US-2015-153374,2/9/2015,11
JF-15565,CA-2015-137750,6/25/2015,12
JF-15565,CA-2016-121034,8/8/2016,13
JF-15565,CA-2016-121034,8/8/2016,14
JF-15565,CA-2016-102162,9/11/2016,15
JF-15565,CA-2016-102162,9/11/2016,16
JG-15115,CA-2014-142951,10/8/2014,1
JG-15115,CA-2015-123092,12/3/2015,2
JG-15115,CA-2015-123092,12/3/2015,3
JG-15115,CA-2015-123092,12/3/2015,4
JG-15115,CA-2015-123092,12/3/2015,5
JG-15115,US-2014-135972,9/21/2014,6
JG-15115,US-2014-135972,9/21/2014,7
JG-15160,CA-2015-157084,12/19/2015,1
JG-15160,CA-2015-157084,12/19/2015,2
JG-15160,CA-2017-118885,12/29/2017,3
JG-15160,CA-2017-118885,12/29/2017,4
JG-15160,CA-2016-124772,12/5/2016,5
JG-15160,CA-2016-108434,12/5/2016,6
JG-15160,CA-2015-131856,5/12/2015,7
JG-15160,CA-2015-131856,5/12/2015,8
JG-15160,CA-2015-131856,5/12/2015,9
JG-15160,US-2017-116897,5/27/2017,10
JG-15160,US-2017-116897,5/27/2017,11
JG-15160,US-2017-116897,5/27/2017,12
JG-15160,CA-2014-105872,5/30/2014,13
JG-15160,CA-2014-141796,6/21/2014,14
JG-15160,CA-2016-102498,7/24/2016,15
JG-15160,CA-2017-138548,8/15/2017,16
JG-15160,CA-2016-123176,9/27/2016,17
JG-15160,CA-2016-123176,9/27/2016,18
JG-15310,CA-2017-103765,11/24/2017,1
JG-15310,CA-2017-119578,12/22/2017,2
JG-15310,CA-2017-119578,12/22/2017,3
JG-15310,CA-2017-101322,12/28/2017,4
JG-15310,CA-2016-116799,3/3/2016,5
JG-15310,CA-2016-129728,5/30/2016,6
JG-15310,CA-2016-141957,7/21/2016,7
JG-15310,CA-2016-141957,7/21/2016,8
JG-15310,CA-2016-141957,7/21/2016,9
JG-15310,CA-2016-141957,7/21/2016,10
JG-15805,CA-2014-132801,10/7/2014,1
JG-15805,CA-2015-120446,11/16/2015,2
JG-15805,CA-2014-104829,11/18/2014,3
JG-15805,CA-2014-151001,4/5/2014,4
JG-15805,CA-2014-151001,4/5/2014,5
JG-15805,CA-2017-167899,5/21/2017,6
JG-15805,CA-2017-167899,5/21/2017,7
JG-15805,CA-2016-100790,6/26/2016,8
JG-15805,CA-2016-100790,6/26/2016,9
JH-15430,US-2017-108014,11/19/2017,1
JH-15430,CA-2017-121818,11/20/2017,2
JH-15430,CA-2017-121818,11/20/2017,3
JH-15430,CA-2017-105620,12/25/2017,4
JH-15430,CA-2017-105620,12/25/2017,5
JH-15430,US-2014-137680,2/24/2014,6
JH-15820,CA-2017-117870,1/27/2017,1
JH-15820,CA-2017-117870,1/27/2017,2
JH-15820,CA-2017-117870,1/27/2017,3
JH-15820,CA-2015-102778,11/21/2015,4
JH-15820,CA-2015-133536,3/28/2015,5
JH-15820,US-2014-107699,5/19/2014,6
JH-15820,CA-2017-132122,7/9/2017,7
JH-15820,CA-2015-169537,9/3/2015,8
JH-15910,CA-2016-130162,10/28/2016,1
JH-15910,CA-2016-130162,10/28/2016,2
JH-15910,US-2016-115952,10/6/2016,3
JH-15910,US-2017-152380,11/19/2017,4
JH-15910,CA-2017-152226,5/12/2017,5
JH-15910,US-2017-112613,5/28/2017,6
JH-15910,CA-2015-104115,6/12/2015,7
JH-15910,CA-2015-118843,9/13/2015,8
JH-15910,CA-2015-118843,9/13/2015,9
JH-15985,CA-2015-116638,1/28/2015,1
JH-15985,CA-2016-148908,11/5/2016,2
JH-15985,CA-2017-135860,12/1/2017,3
JH-15985,CA-2017-135860,12/1/2017,4
JH-15985,CA-2017-135860,12/1/2017,5
JH-15985,CA-2017-135860,12/1/2017,6
JH-15985,CA-2017-135860,12/1/2017,7
JH-15985,CA-2015-109638,12/15/2015,8
JH-15985,CA-2015-109638,12/15/2015,9
JH-15985,CA-2015-109638,12/15/2015,10
JH-15985,CA-2014-169726,8/9/2014,11
JH-15985,CA-2016-151372,9/5/2016,12
JH-15985,CA-2016-151372,9/5/2016,13
JH-15985,CA-2016-151372,9/5/2016,14
JH-16180,CA-2015-126739,11/1/2015,1
JH-16180,US-2016-114293,11/21/2016,2
JH-16180,CA-2016-161907,4/5/2016,3
JH-16180,CA-2016-161907,4/5/2016,4
JH-16180,CA-2015-138898,5/25/2015,5
JJ-15445,CA-2015-151785,3/5/2015,1
JJ-15445,CA-2015-127418,6/13/2015,2
JJ-15445,CA-2016-137127,6/16/2016,3
JJ-15445,CA-2015-120915,9/28/2015,4
JJ-15445,CA-2015-120915,9/28/2015,5
JJ-15445,CA-2016-163986,9/3/2016,6
JJ-15760,CA-2015-115091,10/5/2015,1
JJ-15760,CA-2015-115091,10/5/2015,2
JJ-15760,CA-2015-103205,12/8/2015,3
JK-15205,CA-2016-116918,10/1/2016,1
JK-15205,CA-2016-116918,10/1/2016,2
JK-15205,CA-2017-123491,10/30/2017,3
JK-15205,CA-2017-123491,10/30/2017,4
JK-15205,CA-2017-123491,10/30/2017,5
JK-15205,CA-2017-123491,10/30/2017,6
JK-15205,CA-2017-123491,10/30/2017,7
JK-15205,CA-2015-116484,11/20/2015,8
JK-15205,CA-2014-166555,7/11/2014,9
JK-15205,CA-2015-125976,9/27/2015,10
JK-15205,CA-2015-125976,9/27/2015,11
JK-15325,CA-2016-158043,1/31/2016,1
JK-15325,US-2014-168501,11/21/2014,2
JK-15325,US-2014-168501,11/21/2014,3
JK-15325,CA-2017-122007,3/18/2017,4
JK-15370,CA-2017-100601,11/16/2017,1
JK-15370,CA-2016-132549,11/25/2016,2
JK-15370,CA-2015-127453,12/19/2015,3
JK-15370,CA-2015-127453,12/19/2015,4
JK-15370,CA-2015-127453,12/19/2015,5
JK-15370,US-2014-102715,4/11/2014,6
JK-15370,US-2014-102715,4/11/2014,7
JK-15370,US-2014-102715,4/11/2014,8
JK-15370,US-2014-102715,4/11/2014,9
JK-15370,CA-2015-142027,4/9/2015,10
JK-15370,US-2017-103828,8/13/2017,11
JK-15370,US-2017-103828,8/13/2017,12
JK-15370,US-2017-103828,8/13/2017,13
JK-15370,US-2017-103828,8/13/2017,14
JK-15370,CA-2016-122581,8/21/2016,15
JK-15370,US-2017-155999,8/7/2017,16
JK-15370,US-2017-155999,8/7/2017,17
JK-15625,CA-2017-142622,10/30/2017,1
JK-15625,CA-2017-142622,10/30/2017,2
JK-15625,CA-2017-142622,10/30/2017,3
JK-15625,CA-2015-113152,12/25/2015,4
JK-15625,CA-2015-113152,12/25/2015,5
JK-15625,CA-2014-135608,12/8/2014,6
JK-15625,CA-2014-135608,12/8/2014,7
JK-15625,CA-2014-166051,5/31/2014,8
JK-15625,CA-2014-166051,5/31/2014,9
JK-15625,CA-2014-111773,6/29/2014,10
JK-15625,CA-2014-121727,8/19/2014,11
JK-15625,CA-2015-138331,8/7/2015,12
JK-15640,CA-2015-134082,12/11/2015,1
JK-15640,CA-2015-137225,12/15/2015,2
JK-15640,US-2015-137533,12/18/2015,3
JK-15640,CA-2015-143980,12/25/2015,4
JK-15640,US-2015-150231,3/16/2015,5
JK-15640,CA-2015-157434,4/29/2015,6
JK-15640,CA-2017-168109,7/3/2017,7
JK-15640,CA-2017-168109,7/3/2017,8
JK-15640,CA-2017-168109,7/3/2017,9
JK-15640,CA-2014-159849,9/19/2014,10
JK-15640,CA-2014-147900,9/23/2014,11
JK-15730,CA-2017-128426,10/7/2017,1
JK-15730,CA-2015-111199,11/13/2015,2
JK-15730,CA-2014-163468,11/18/2014,3
JK-15730,CA-2014-163468,11/18/2014,4
JK-15730,CA-2014-163468,11/18/2014,5
JK-15730,CA-2014-163468,11/18/2014,6
JK-15730,CA-2014-163468,11/18/2014,7
JK-15730,CA-2014-150798,12/1/2014,8
JK-15730,CA-2014-150798,12/1/2014,9
JK-15730,CA-2014-150798,12/1/2014,10
JK-15730,CA-2014-150798,12/1/2014,11
JK-15730,CA-2015-127607,3/20/2015,12
JK-15730,CA-2015-127607,3/20/2015,13
JK-15730,CA-2016-105256,5/20/2016,14
JK-15730,CA-2017-155936,6/22/2017,15
JK-15730,CA-2016-108616,9/29/2016,16
JK-15730,CA-2016-108616,9/29/2016,17
JK-15730,CA-2016-108616,9/29/2016,18
JK-15730,US-2017-153255,9/3/2017,19
JK-16090,CA-2017-141117,10/2/2017,1
JK-16090,CA-2017-141117,10/2/2017,2
JK-16090,CA-2017-141117,10/2/2017,3
JK-16090,CA-2017-141117,10/2/2017,4
JK-16090,CA-2017-160885,12/2/2017,5
JK-16090,CA-2015-107678,4/21/2015,6
JK-16090,CA-2015-107678,4/21/2015,7
JK-16090,CA-2015-107678,4/21/2015,8
JK-16090,CA-2015-107678,4/21/2015,9
JK-16120,CA-2015-134859,10/4/2015,1
JK-16120,CA-2015-134859,10/4/2015,2
JK-16120,CA-2014-120670,11/2/2014,3
JK-16120,CA-2016-113425,11/21/2016,4
JK-16120,CA-2016-150945,12/18/2016,5
JK-16120,CA-2017-154039,2/17/2017,6
JK-16120,CA-2017-154039,2/17/2017,7
JK-16120,CA-2016-117849,4/15/2016,8
JK-16120,CA-2017-140298,5/11/2017,9
JK-16120,CA-2017-140298,5/11/2017,10
JK-16120,CA-2017-140298,5/11/2017,11
JK-16120,CA-2017-140298,5/11/2017,12
JK-16120,CA-2015-130022,8/10/2015,13
JK-16120,CA-2015-130022,8/10/2015,14
JK-16120,CA-2015-130022,8/10/2015,15
JK-16120,US-2016-100566,9/3/2016,16
JK-16120,CA-2017-100783,9/4/2017,17
JL-15130,CA-2017-150910,12/22/2017,1
JL-15130,CA-2017-150910,12/22/2017,2
JL-15130,CA-2017-150910,12/22/2017,3
JL-15130,CA-2017-150910,12/22/2017,4
JL-15130,CA-2017-150910,12/22/2017,5
JL-15130,US-2017-100482,4/11/2017,6
JL-15130,US-2017-100482,4/11/2017,7
JL-15130,CA-2016-138933,4/24/2016,8
JL-15130,CA-2017-120894,4/28/2017,9
JL-15130,CA-2014-138198,7/18/2014,10
JL-15130,CA-2014-165428,9/1/2014,11
JL-15130,CA-2014-165428,9/1/2014,12
JL-15175,CA-2015-158701,1/5/2015,1
JL-15175,CA-2015-158701,1/5/2015,2
JL-15175,US-2017-156083,11/4/2017,3
JL-15175,CA-2017-128734,12/24/2017,4
JL-15175,CA-2017-128734,12/24/2017,5
JL-15175,US-2014-133949,12/31/2014,6
JL-15175,CA-2016-140977,6/16/2016,7
JL-15235,CA-2015-137925,11/30/2015,1
JL-15235,CA-2015-137925,11/30/2015,2
JL-15235,CA-2017-137631,4/28/2017,3
JL-15235,US-2014-130379,5/25/2014,4
JL-15235,US-2014-130379,5/25/2014,5
JL-15235,CA-2016-165169,6/5/2016,6
JL-15235,CA-2016-165169,6/5/2016,7
JL-15235,CA-2016-165169,6/5/2016,8
JL-15235,US-2017-163657,9/2/2017,9
JL-15235,US-2017-163657,9/2/2017,10
JL-15505,CA-2017-167976,11/11/2017,1
JL-15505,CA-2014-162362,11/14/2014,2
JL-15505,CA-2014-162362,11/14/2014,3
JL-15505,CA-2014-103590,11/30/2014,4
JL-15505,CA-2016-138520,4/8/2016,5
JL-15505,CA-2016-138520,4/8/2016,6
JL-15505,CA-2016-138520,4/8/2016,7
JL-15505,CA-2016-138520,4/8/2016,8
JL-15505,CA-2017-112473,5/25/2017,9
JL-15505,CA-2017-156776,8/7/2017,10
JL-15505,CA-2017-156776,8/7/2017,11
JL-15505,CA-2017-156776,8/7/2017,12
JL-15505,CA-2017-156776,8/7/2017,13
JL-15505,CA-2017-156776,8/7/2017,14
JL-15505,CA-2017-156776,8/7/2017,15
JL-15505,CA-2017-156776,8/7/2017,16
JL-15835,CA-2017-164028,11/24/2017,1
JL-15835,US-2015-138121,12/17/2015,2
JL-15835,US-2015-138121,12/17/2015,3
JL-15835,US-2015-138121,12/17/2015,4
JL-15835,US-2015-138121,12/17/2015,5
JL-15835,US-2015-138121,12/17/2015,6
JL-15835,US-2017-167920,12/9/2017,7
JL-15835,US-2017-167920,12/9/2017,8
JL-15835,US-2017-167920,12/9/2017,9
JL-15835,US-2017-167920,12/9/2017,10
JL-15835,US-2017-167920,12/9/2017,11
JL-15835,US-2017-167920,12/9/2017,12
JL-15835,US-2017-167920,12/9/2017,13
JL-15835,CA-2017-161333,2/2/2017,14
JL-15835,CA-2017-161333,2/2/2017,15
JL-15835,CA-2017-161333,2/2/2017,16
JL-15835,CA-2017-105193,3/25/2017,17
JL-15835,CA-2014-110849,4/18/2014,18
JL-15835,CA-2014-110849,4/18/2014,19
JL-15835,CA-2014-110849,4/18/2014,20
JL-15835,CA-2014-110849,4/18/2014,21
JL-15835,CA-2016-154788,4/30/2016,22
JL-15835,US-2017-161935,7/14/2017,23
JL-15835,US-2017-161935,7/14/2017,24
JL-15835,US-2017-161935,7/14/2017,25
JL-15835,US-2017-161935,7/14/2017,26
JL-15835,US-2017-161935,7/14/2017,27
JL-15835,CA-2017-167913,7/30/2017,28
JL-15835,CA-2017-167913,7/30/2017,29
JL-15835,US-2014-138758,7/7/2014,30
JL-15835,US-2014-138758,7/7/2014,31
JL-15835,CA-2014-127299,9/19/2014,32
JL-15835,CA-2014-127299,9/19/2014,33
JL-15850,CA-2015-142944,3/6/2015,1
JL-15850,CA-2015-142944,3/6/2015,2
JL-15850,US-2015-142811,4/2/2015,3
JL-15850,CA-2015-112557,4/25/2015,4
JL-15850,US-2016-150147,4/25/2016,5
JL-15850,US-2016-150147,4/25/2016,6
JL-15850,US-2016-150147,4/25/2016,7
JL-15850,CA-2015-120880,5/29/2015,8
JL-15850,CA-2015-120880,5/29/2015,9
JL-15850,CA-2015-120880,5/29/2015,10
JL-15850,US-2014-164644,7/22/2014,11
JM-15250,CA-2017-151750,1/1/2017,1
JM-15250,CA-2017-151750,1/1/2017,2
JM-15250,CA-2017-151750,1/1/2017,3
JM-15250,CA-2017-151750,1/1/2017,4
JM-15250,CA-2017-151750,1/1/2017,5
JM-15250,CA-2017-151750,1/1/2017,6
JM-15250,CA-2017-139353,10/28/2017,7
JM-15250,CA-2017-139353,10/28/2017,8
JM-15250,CA-2017-139353,10/28/2017,9
JM-15250,CA-2017-119004,11/23/2017,10
JM-15250,CA-2017-119004,11/23/2017,11
JM-15250,CA-2017-119004,11/23/2017,12
JM-15250,CA-2016-167556,3/29/2016,13
JM-15250,CA-2016-167556,3/29/2016,14
JM-15250,CA-2016-167556,3/29/2016,15
JM-15250,CA-2016-167556,3/29/2016,16
JM-15250,CA-2017-128853,4/21/2017,17
JM-15250,CA-2017-105921,8/14/2017,18
JM-15265,CA-2016-126858,11/19/2016,1
JM-15265,CA-2017-149160,11/23/2017,2
JM-15265,CA-2017-149160,11/23/2017,3
JM-15265,CA-2016-105816,12/11/2016,4
JM-15265,CA-2016-105816,12/11/2016,5
JM-15265,CA-2015-100818,5/31/2015,6
JM-15265,CA-2015-100818,5/31/2015,7
JM-15265,CA-2015-100818,5/31/2015,8
JM-15265,CA-2015-100818,5/31/2015,9
JM-15265,CA-2014-104178,8/25/2014,10
JM-15265,CA-2014-104178,8/25/2014,11
JM-15265,CA-2014-104178,8/25/2014,12
JM-15265,CA-2014-104178,8/25/2014,13
JM-15535,CA-2016-157259,12/24/2016,1
JM-15535,CA-2015-148712,4/17/2015,2
JM-15535,CA-2015-148712,4/17/2015,3
JM-15535,CA-2015-148712,4/17/2015,4
JM-15535,CA-2016-108735,4/17/2016,5
JM-15535,CA-2015-138534,7/17/2015,6
JM-15535,CA-2017-103611,9/12/2017,7
JM-15535,CA-2014-132962,9/13/2014,8
JM-15535,CA-2014-132962,9/13/2014,9
JM-15535,US-2017-148866,9/19/2017,10
JM-15580,CA-2017-156720,12/30/2017,1
JM-15580,CA-2016-166625,4/14/2016,2
JM-15580,CA-2016-167416,5/12/2016,3
JM-15580,CA-2016-136021,8/14/2016,4
JM-15580,CA-2016-136021,8/14/2016,5
JM-15580,CA-2016-155138,9/8/2016,6
JM-15580,CA-2016-155138,9/8/2016,7
JM-15655,CA-2017-151225,10/27/2017,1
JM-15655,CA-2017-151225,10/27/2017,2
JM-15655,CA-2016-112389,10/29/2016,3
JM-15655,CA-2016-112389,10/29/2016,4
JM-15655,US-2016-108777,12/12/2016,5
JM-15655,US-2016-108777,12/12/2016,6
JM-15655,CA-2017-115931,12/22/2017,7
JM-15655,CA-2017-115931,12/22/2017,8
JM-15655,CA-2017-115931,12/22/2017,9
JM-15655,CA-2017-115931,12/22/2017,10
JM-15655,CA-2014-100363,4/8/2014,11
JM-15655,CA-2014-100363,4/8/2014,12
JM-15865,CA-2014-144624,11/19/2014,1
JM-15865,CA-2015-107685,11/30/2015,2
JM-15865,CA-2015-107685,11/30/2015,3
JM-15865,CA-2016-130393,12/1/2016,4
JM-15865,CA-2016-130393,12/1/2016,5
JM-15865,CA-2016-130393,12/1/2016,6
JM-15865,CA-2015-158148,12/20/2015,7
JM-15865,CA-2017-166576,5/16/2017,8
JM-15865,US-2015-128090,8/16/2015,9
JM-15865,US-2015-128090,8/16/2015,10
JM-15865,US-2015-128090,8/16/2015,11
JM-15865,US-2015-128090,8/16/2015,12
JM-15865,US-2017-109582,9/12/2017,13
JM-16195,US-2016-117541,11/14/2016,1
JM-16195,US-2016-117541,11/14/2016,2
JM-16195,CA-2017-130834,11/3/2017,3
JM-16195,CA-2015-145485,11/5/2015,4
JM-16195,CA-2015-116092,2/15/2015,5
JM-16195,CA-2015-116092,2/15/2015,6
JM-16195,CA-2015-116092,2/15/2015,7
JM-16195,CA-2015-116092,2/15/2015,8
JM-16195,CA-2015-116092,2/15/2015,9
JM-16195,CA-2014-160094,4/30/2014,10
JM-16195,CA-2014-160094,4/30/2014,11
JM-16195,CA-2016-158547,5/30/2016,12
JM-16195,US-2015-136427,6/20/2015,13
JM-16195,CA-2017-158169,8/12/2017,14
JM-16195,CA-2017-158169,8/12/2017,15
JM-16195,CA-2014-157721,9/2/2014,16
JM-16195,CA-2014-157721,9/2/2014,17
JM-16195,CA-2017-151008,9/7/2017,18
JM-16195,CA-2017-151008,9/7/2017,19
JO-15145,CA-2017-125913,1/16/2017,1
JO-15145,CA-2017-125913,1/16/2017,2
JO-15145,CA-2014-106054,1/6/2014,3
JO-15145,US-2016-100461,1/8/2016,4
JO-15145,US-2016-100461,1/8/2016,5
JO-15145,CA-2017-130764,10/27/2017,6
JO-15145,CA-2017-130764,10/27/2017,7
JO-15145,CA-2014-152562,11/1/2014,8
JO-15145,CA-2014-152562,11/1/2014,9
JO-15145,CA-2014-167486,11/27/2014,10
JO-15145,US-2017-168802,11/3/2017,11
JO-15145,CA-2014-159121,7/26/2014,12
JO-15145,CA-2016-116344,7/29/2016,13
JO-15280,CA-2015-130890,11/2/2015,1
JO-15280,CA-2014-116673,12/15/2014,2
JO-15280,CA-2015-109197,12/31/2015,3
JO-15280,CA-2014-112403,3/31/2014,4
JO-15280,US-2016-115819,4/19/2016,5
JO-15280,US-2016-115819,4/19/2016,6
JO-15280,US-2016-115819,4/19/2016,7
JO-15280,US-2016-115819,4/19/2016,8
JO-15280,US-2016-115819,4/19/2016,9
JO-15280,CA-2017-118402,9/29/2017,10
JO-15550,CA-2015-132101,3/19/2015,1
JO-15550,US-2017-138086,4/16/2017,2
JO-15550,CA-2015-119291,5/14/2015,3
JO-15550,CA-2015-119291,5/14/2015,4
JO-15550,CA-2015-119291,5/14/2015,5
JO-15550,CA-2015-119291,5/14/2015,6
JO-15550,CA-2015-119291,5/14/2015,7
JO-15550,CA-2015-119291,5/14/2015,8
JO-15550,CA-2015-119291,5/14/2015,9
JO-15550,CA-2017-144568,5/29/2017,10
JP-15460,US-2015-137008,10/2/2015,1
JP-15460,US-2015-137008,10/2/2015,2
JP-15460,US-2015-137008,10/2/2015,3
JP-15460,CA-2017-156622,11/23/2017,4
JP-15460,CA-2017-156622,11/23/2017,5
JP-15460,CA-2017-156622,11/23/2017,6
JP-15460,CA-2017-156622,11/23/2017,7
JP-15460,CA-2017-104906,2/13/2017,8
JP-15460,CA-2016-161676,7/18/2016,9
JP-15460,CA-2016-158001,8/23/2016,10
JP-15460,CA-2016-158001,8/23/2016,11
JP-15460,CA-2016-158001,8/23/2016,12
JP-15460,CA-2014-107916,8/24/2014,13
JP-15460,CA-2014-107916,8/24/2014,14
JP-15520,CA-2015-145401,1/30/2015,1
JP-15520,CA-2014-144666,11/9/2014,2
JP-15520,CA-2014-144666,11/9/2014,3
JP-15520,CA-2014-144666,11/9/2014,4
JP-15520,CA-2014-144666,11/9/2014,5
JP-15520,CA-2014-144666,11/9/2014,6
JP-15520,CA-2017-145310,12/22/2017,7
JP-15520,CA-2017-117324,12/8/2017,8
JP-15520,CA-2017-117324,12/8/2017,9
JP-15520,CA-2017-117324,12/8/2017,10
JP-15520,CA-2017-117324,12/8/2017,11
JP-15520,CA-2017-117324,12/8/2017,12
JP-15520,CA-2016-113117,8/16/2016,13
JP-15520,CA-2014-130918,8/22/2014,14
JP-15520,CA-2016-117604,9/4/2016,15
JP-16135,CA-2016-134180,11/3/2016,1
JP-16135,CA-2016-134180,11/3/2016,2
JP-16135,US-2016-111528,12/30/2016,3
JP-16135,US-2016-111528,12/30/2016,4
JP-16135,CA-2016-124562,12/8/2016,5
JP-16135,CA-2017-150525,2/20/2017,6
JP-16135,CA-2017-150525,2/20/2017,7
JP-16135,CA-2016-146171,3/11/2016,8
JP-16135,CA-2016-146171,3/11/2016,9
JP-16135,US-2017-106796,5/12/2017,10
JP-16135,CA-2015-152513,7/4/2015,11
JP-16135,CA-2017-139787,9/19/2017,12
JP-16135,CA-2014-113964,9/23/2014,13
JR-15670,US-2015-103471,12/24/2015,1
JR-15670,US-2015-103471,12/24/2015,2
JR-15670,CA-2016-122133,5/16/2016,3
JR-15700,CA-2017-117079,10/23/2017,1
JR-16210,CA-2017-159506,11/27/2017,1
JR-16210,CA-2017-159506,11/27/2017,2
JR-16210,US-2016-112396,2/9/2016,3
JR-16210,US-2016-112396,2/9/2016,4
JR-16210,US-2016-114622,4/10/2016,5
JR-16210,CA-2015-142202,9/18/2015,6
JR-16210,CA-2017-143378,9/19/2017,7
JR-16210,CA-2017-143378,9/19/2017,8
JR-16210,CA-2017-143378,9/19/2017,9
JR-16210,CA-2017-143378,9/19/2017,10
JS-15595,CA-2016-153318,10/25/2016,1
JS-15595,US-2014-127978,3/3/2014,2
JS-15595,US-2014-127978,3/3/2014,3
JS-15595,US-2014-127978,3/3/2014,4
JS-15595,CA-2015-143602,4/25/2015,5
JS-15595,CA-2017-111220,9/2/2017,6
JS-15595,CA-2017-111220,9/2/2017,7
JS-15685,CA-2017-104864,11/18/2017,1
JS-15685,CA-2017-104864,11/18/2017,2
JS-15685,CA-2017-104864,11/18/2017,3
JS-15685,CA-2017-104864,11/18/2017,4
JS-15685,CA-2017-104864,11/18/2017,5
JS-15685,CA-2016-155747,6/14/2016,6
JS-15685,CA-2017-169999,6/19/2017,7
JS-15685,CA-2017-169999,6/19/2017,8
JS-15685,CA-2016-109806,9/17/2016,9
JS-15685,CA-2016-109806,9/17/2016,10
JS-15685,CA-2016-109806,9/17/2016,11
JS-15880,US-2015-126214,12/21/2015,1
JS-15880,US-2015-126214,12/21/2015,2
JS-15880,CA-2016-110492,2/12/2016,3
JS-15880,CA-2016-110492,2/12/2016,4
JS-15880,CA-2016-162082,3/14/2016,5
JS-15880,CA-2016-162082,3/14/2016,6
JS-15880,CA-2016-162082,3/14/2016,7
JS-15880,CA-2014-121769,4/8/2014,8
JS-15880,CA-2016-115483,7/14/2016,9
JS-15940,US-2015-101399,1/17/2015,1
JS-15940,CA-2014-130274,5/3/2014,2
JS-15940,US-2016-134908,6/5/2016,3
JS-15940,US-2016-134908,6/5/2016,4
JS-15940,US-2014-166310,9/21/2014,5
JS-15940,CA-2016-124016,9/23/2016,6
JS-15940,CA-2016-124016,9/23/2016,7
JS-15940,CA-2016-124016,9/23/2016,8
JS-16030,CA-2017-125990,10/19/2017,1
JS-16030,CA-2016-160220,10/20/2016,2
JS-16030,CA-2016-160220,10/20/2016,3
JS-16030,CA-2016-160220,10/20/2016,4
JS-16030,US-2017-147221,12/2/2017,5
JS-16030,US-2017-147221,12/2/2017,6
JS-16030,CA-2017-163265,2/16/2017,7
JS-16030,CA-2017-163265,2/16/2017,8
JS-16030,CA-2017-163265,2/16/2017,9
JS-16030,CA-2017-163265,2/16/2017,10
JS-16030,CA-2017-163265,2/16/2017,11
JS-16030,CA-2014-156545,2/27/2014,12
JS-16030,CA-2016-163776,7/19/2016,13
JS-16030,CA-2016-163776,7/19/2016,14
JS-16030,CA-2016-163776,7/19/2016,15
JS-16030,CA-2016-163776,7/19/2016,16
JS-16030,CA-2016-163776,7/19/2016,17
JS-16030,CA-2016-163776,7/19/2016,18
JW-15220,CA-2017-135909,10/13/2017,1
JW-15220,CA-2017-135909,10/13/2017,2
JW-15220,CA-2017-135909,10/13/2017,3
JW-15220,CA-2017-116113,10/2/2017,4
JW-15220,CA-2017-139661,10/30/2017,5
JW-15220,US-2017-158946,11/18/2017,6
JW-15220,US-2015-115238,4/30/2015,7
JW-15220,US-2015-115238,4/30/2015,8
JW-15220,US-2015-115238,4/30/2015,9
JW-15220,US-2015-115238,4/30/2015,10
JW-15220,US-2015-115238,4/30/2015,11
JW-15220,CA-2016-133935,9/18/2016,12
JW-15220,CA-2016-133935,9/18/2016,13
JW-15220,CA-2016-133935,9/18/2016,14
JW-15955,CA-2017-168837,10/14/2017,1
JW-15955,CA-2017-163510,12/25/2017,2
JW-15955,CA-2017-163510,12/25/2017,3
JW-15955,CA-2016-111605,12/27/2016,4
JW-15955,CA-2017-166198,4/21/2017,5
JW-15955,CA-2017-166198,4/21/2017,6
JW-15955,CA-2017-107209,7/27/2017,7
JW-15955,US-2015-164238,8/16/2015,8
JW-15955,US-2015-164238,8/16/2015,9
JW-15955,CA-2017-117023,8/7/2017,10
JW-15955,CA-2017-117023,8/7/2017,11
JW-16075,CA-2015-106208,12/10/2015,1
JW-16075,CA-2015-120621,3/21/2015,2
JW-16075,CA-2015-120621,3/21/2015,3
JW-16075,CA-2015-120621,3/21/2015,4
JW-16075,CA-2016-109176,5/9/2016,5
JW-16075,CA-2016-109176,5/9/2016,6
JW-16075,CA-2016-101385,9/25/2016,7
KA-16525,CA-2015-142993,10/12/2015,1
KA-16525,CA-2015-142993,10/12/2015,2
KA-16525,US-2017-110996,11/20/2017,3
KA-16525,CA-2017-168641,11/24/2017,4
KA-16525,CA-2017-168641,11/24/2017,5
KA-16525,CA-2017-168641,11/24/2017,6
KA-16525,CA-2017-168641,11/24/2017,7
KA-16525,CA-2016-124051,12/29/2016,8
KA-16525,CA-2015-152611,2/20/2015,9
KA-16525,CA-2014-158337,3/11/2014,10
KA-16525,CA-2017-116498,5/30/2017,11
KB-16240,CA-2015-102848,11/7/2015,1
KB-16240,CA-2015-134922,11/7/2015,2
KB-16240,CA-2017-136238,12/26/2017,3
KB-16240,CA-2016-125017,2/6/2016,4
KB-16240,CA-2014-101770,3/31/2014,5
KB-16240,CA-2017-162015,7/11/2017,6
KB-16240,CA-2017-162015,7/11/2017,7
KB-16240,CA-2017-142034,9/24/2017,8
KB-16240,CA-2017-142034,9/24/2017,9
KB-16240,CA-2017-142034,9/24/2017,10
KB-16315,CA-2015-149587,1/31/2015,1
KB-16315,CA-2015-149587,1/31/2015,2
KB-16315,CA-2015-149587,1/31/2015,3
KB-16315,US-2014-159611,12/27/2014,4
KB-16315,US-2014-159611,12/27/2014,5
KB-16315,US-2015-147662,2/14/2015,6
KB-16315,US-2015-147662,2/14/2015,7
KB-16315,US-2015-147662,2/14/2015,8
KB-16315,US-2015-147662,2/14/2015,9
KB-16315,US-2015-147662,2/14/2015,10
KB-16315,CA-2017-147354,3/9/2017,11
KB-16315,CA-2017-147354,3/9/2017,12
KB-16315,CA-2015-131758,5/28/2015,13
KB-16315,CA-2015-131758,5/28/2015,14
KB-16315,CA-2015-168277,5/29/2015,15
KB-16315,CA-2015-111703,7/2/2015,16
KB-16315,CA-2015-111703,7/2/2015,17
KB-16315,CA-2014-103331,8/26/2014,18
KB-16315,CA-2014-103331,8/26/2014,19
KB-16315,CA-2014-103331,8/26/2014,20
KB-16315,CA-2016-133123,9/6/2016,21
KB-16315,CA-2016-133123,9/6/2016,22
KB-16405,CA-2015-112305,11/20/2015,1
KB-16405,CA-2015-112305,11/20/2015,2
KB-16405,CA-2015-112305,11/20/2015,3
KB-16405,CA-2017-161067,9/3/2017,4
KB-16405,CA-2017-161067,9/3/2017,5
KB-16405,CA-2017-161067,9/3/2017,6
KB-16405,CA-2017-161067,9/3/2017,7
KB-16405,CA-2017-101182,9/4/2017,8
KB-16405,CA-2017-101182,9/4/2017,9
KB-16585,CA-2016-116547,1/10/2016,1
KB-16585,CA-2016-116547,1/10/2016,2
KB-16585,CA-2015-138674,11/14/2015,3
KB-16585,CA-2015-138674,11/14/2015,4
KB-16585,CA-2015-138674,11/14/2015,5
KB-16585,CA-2014-153913,12/16/2014,6
KB-16585,CA-2016-137330,12/9/2016,7
KB-16585,CA-2016-137330,12/9/2016,8
KB-16585,US-2015-118906,3/10/2015,9
KB-16585,CA-2017-159352,3/12/2017,10
KB-16585,CA-2015-103716,4/30/2015,11
KB-16585,CA-2015-103716,4/30/2015,12
KB-16585,CA-2014-149538,4/4/2014,13
KB-16585,CA-2014-149538,4/4/2014,14
KB-16585,CA-2014-149538,4/4/2014,15
KB-16585,CA-2014-149538,4/4/2014,16
KB-16585,CA-2017-129357,5/14/2017,17
KB-16585,CA-2017-129357,5/14/2017,18
KB-16585,CA-2014-129168,8/17/2014,19
KB-16585,CA-2015-101924,9/4/2015,20
KB-16585,CA-2016-108868,9/8/2016,21
KB-16585,CA-2016-108868,9/8/2016,22
KB-16600,CA-2017-159156,11/13/2017,1
KB-16600,CA-2017-158673,12/29/2017,2
KB-16600,CA-2014-130960,12/30/2014,3
KB-16600,CA-2015-157035,12/9/2015,4
KB-16600,US-2017-118038,12/9/2017,5
KB-16600,US-2017-118038,12/9/2017,6
KB-16600,CA-2016-168361,6/21/2016,7
KB-16600,CA-2016-149671,6/5/2016,8
KC-16255,US-2016-138408,11/18/2016,1
KC-16255,CA-2015-109470,12/31/2015,2
KC-16255,CA-2015-109470,12/31/2015,3
KC-16255,CA-2015-109470,12/31/2015,4
KC-16255,CA-2015-109470,12/31/2015,5
KC-16255,US-2016-128293,6/2/2016,6
KC-16255,CA-2015-159590,7/18/2015,7
KC-16255,CA-2014-163293,9/8/2014,8
KC-16255,CA-2014-163293,9/8/2014,9
KC-16540,CA-2016-134691,11/14/2016,1
KC-16540,CA-2015-125416,11/2/2015,2
KC-16540,CA-2016-145625,9/11/2016,3
KC-16540,CA-2016-145625,9/11/2016,4
KC-16540,CA-2017-108910,9/24/2017,5
KC-16675,CA-2017-142636,11/3/2017,1
KC-16675,CA-2017-142636,11/3/2017,2
KC-16675,CA-2014-129819,12/13/2014,3
KC-16675,CA-2017-123687,5/26/2017,4
KC-16675,CA-2017-123687,5/26/2017,5
KC-16675,CA-2016-138695,5/28/2016,6
KC-16675,CA-2016-138695,5/28/2016,7
KD-16270,CA-2014-165309,11/11/2014,1
KD-16270,CA-2014-165309,11/11/2014,2
KD-16270,CA-2014-165309,11/11/2014,3
KD-16270,CA-2014-165309,11/11/2014,4
KD-16270,CA-2014-165309,11/11/2014,5
KD-16270,CA-2014-165309,11/11/2014,6
KD-16270,CA-2014-165309,11/11/2014,7
KD-16270,CA-2015-110870,12/12/2015,8
KD-16270,CA-2015-110870,12/12/2015,9
KD-16270,US-2016-143819,3/1/2016,10
KD-16270,US-2016-143819,3/1/2016,11
KD-16270,US-2016-143819,3/1/2016,12
KD-16270,US-2016-143819,3/1/2016,13
KD-16270,CA-2016-119823,6/4/2016,14
KD-16270,CA-2016-130407,9/2/2016,15
KD-16270,CA-2016-130407,9/2/2016,16
KD-16345,CA-2015-145814,11/19/2015,1
KD-16345,CA-2015-145814,11/19/2015,2
KD-16345,CA-2017-121468,11/19/2017,3
KD-16345,CA-2014-113579,12/13/2014,4
KD-16345,US-2015-123218,12/20/2015,5
KD-16345,US-2015-123218,12/20/2015,6
KD-16345,US-2015-123218,12/20/2015,7
KD-16345,CA-2017-157833,6/17/2017,8
KD-16345,US-2014-138828,9/2/2014,9
KD-16345,US-2014-138828,9/2/2014,10
KD-16495,CA-2017-104619,1/24/2017,1
KD-16495,CA-2017-104619,1/24/2017,2
KD-16495,CA-2017-104619,1/24/2017,3
KD-16495,CA-2015-114811,11/8/2015,4
KD-16495,CA-2015-114811,11/8/2015,5
KD-16495,CA-2015-114811,11/8/2015,6
KD-16495,CA-2015-114811,11/8/2015,7
KD-16495,CA-2015-114811,11/8/2015,8
KD-16495,US-2015-148817,12/1/2015,9
KD-16495,US-2015-148817,12/1/2015,10
KD-16495,CA-2015-121650,12/10/2015,11
KD-16495,CA-2015-121650,12/10/2015,12
KD-16495,CA-2015-121650,12/10/2015,13
KD-16495,CA-2015-121650,12/10/2015,14
KD-16495,CA-2015-125066,12/14/2015,15
KD-16495,CA-2015-125066,12/14/2015,16
KD-16495,US-2016-104794,12/16/2016,17
KD-16495,US-2016-113985,12/2/2016,18
KD-16495,US-2016-113985,12/2/2016,19
KD-16495,US-2016-113985,12/2/2016,20
KD-16495,US-2016-113985,12/2/2016,21
KD-16495,CA-2016-117226,12/30/2016,22
KD-16495,CA-2017-167542,8/13/2017,23
KD-16495,CA-2016-123337,9/16/2016,24
KD-16495,CA-2016-123337,9/16/2016,25
KD-16495,CA-2014-125136,9/28/2014,26
KD-16495,CA-2014-125136,9/28/2014,27
KD-16495,CA-2017-100825,9/9/2017,28
KD-16615,CA-2017-129294,3/16/2017,1
KD-16615,CA-2017-129294,3/16/2017,2
KD-16615,CA-2017-129294,3/16/2017,3
KD-16615,CA-2017-129294,3/16/2017,4
KD-16615,CA-2017-155712,3/2/2017,5
KD-16615,CA-2016-144792,4/30/2016,6
KD-16615,US-2016-102141,8/26/2016,7
KD-16615,US-2015-129007,9/13/2015,8
KD-16615,US-2015-129007,9/13/2015,9
KD-16615,US-2015-129007,9/13/2015,10
KD-16615,US-2015-129007,9/13/2015,11
KD-16615,US-2015-129007,9/13/2015,12
KD-16615,US-2015-129007,9/13/2015,13
KE-16420,CA-2017-113873,11/13/2017,1
KE-16420,CA-2017-113873,11/13/2017,2
KE-16420,CA-2017-147550,12/4/2017,3
KE-16420,CA-2014-112291,4/3/2014,4
KE-16420,CA-2014-112291,4/3/2014,5
KE-16420,CA-2014-112291,4/3/2014,6
KE-16420,US-2015-163685,6/1/2015,7
KE-16420,US-2015-163685,6/1/2015,8
KE-16420,US-2014-109162,6/8/2014,9
KE-16420,US-2015-166520,7/16/2015,10
KE-16420,US-2015-166520,7/16/2015,11
KE-16420,CA-2014-120096,7/4/2014,12
KE-16420,CA-2014-120096,7/4/2014,13
KE-16420,CA-2016-140417,9/25/2016,14
KF-16285,CA-2016-159016,3/10/2016,1
KF-16285,CA-2016-159016,3/10/2016,2
KF-16285,CA-2017-166296,3/13/2017,3
KF-16285,CA-2017-112333,4/8/2017,4
KF-16285,CA-2017-112333,4/8/2017,5
KF-16285,US-2017-148362,7/1/2017,6
KF-16285,US-2017-148362,7/1/2017,7
KF-16285,US-2017-148362,7/1/2017,8
KF-16285,CA-2017-149559,9/11/2017,9
KF-16285,CA-2017-149559,9/11/2017,10
KF-16285,CA-2017-149559,9/11/2017,11
KF-16285,US-2017-132675,9/24/2017,12
KF-16285,US-2017-132675,9/24/2017,13
KF-16285,US-2017-132675,9/24/2017,14
KF-16285,US-2017-132675,9/24/2017,15
KF-16285,US-2017-132675,9/24/2017,16
KF-16285,CA-2014-132451,9/26/2014,17
KF-16285,CA-2014-132451,9/26/2014,18
KH-16330,CA-2017-158120,11/17/2017,1
KH-16330,CA-2017-158120,11/17/2017,2
KH-16330,CA-2014-140396,11/20/2014,3
KH-16330,CA-2014-140396,11/20/2014,4
KH-16330,CA-2014-140396,11/20/2014,5
KH-16330,CA-2014-140396,11/20/2014,6
KH-16330,CA-2017-120404,11/20/2017,7
KH-16330,CA-2017-120404,11/20/2017,8
KH-16330,CA-2017-120404,11/20/2017,9
KH-16330,CA-2014-138359,4/1/2014,10
KH-16330,CA-2014-138359,4/1/2014,11
KH-16330,CA-2014-160738,5/5/2014,12
KH-16330,CA-2017-128944,6/19/2017,13
KH-16330,CA-2017-128944,6/19/2017,14
KH-16330,CA-2017-128944,6/19/2017,15
KH-16330,CA-2016-153577,6/27/2016,16
KH-16330,CA-2016-153577,6/27/2016,17
KH-16330,CA-2016-157763,7/18/2016,18
KH-16360,US-2017-158526,12/29/2017,1
KH-16360,US-2017-158526,12/29/2017,2
KH-16360,US-2017-158526,12/29/2017,3
KH-16360,US-2017-158526,12/29/2017,4
KH-16360,US-2017-158526,12/29/2017,5
KH-16360,CA-2014-118304,4/29/2014,6
KH-16360,CA-2017-131156,4/3/2017,7
KH-16360,CA-2014-127166,5/21/2014,8
KH-16360,CA-2014-127166,5/21/2014,9
KH-16360,CA-2014-127166,5/21/2014,10
KH-16360,CA-2014-127166,5/21/2014,11
KH-16360,CA-2016-101469,7/2/2016,12
KH-16360,CA-2016-137743,7/30/2016,13
KH-16360,CA-2016-137743,7/30/2016,14
KH-16510,CA-2017-111262,10/28/2017,1
KH-16510,CA-2017-111262,10/28/2017,2
KH-16510,CA-2017-111262,10/28/2017,3
KH-16510,CA-2014-152233,10/5/2014,4
KH-16510,CA-2015-104948,11/13/2015,5
KH-16510,CA-2015-104948,11/13/2015,6
KH-16510,CA-2015-104948,11/13/2015,7
KH-16510,US-2014-109036,12/20/2014,8
KH-16510,CA-2017-117457,12/8/2017,9
KH-16510,CA-2017-117457,12/8/2017,10
KH-16510,CA-2017-117457,12/8/2017,11
KH-16510,CA-2017-117457,12/8/2017,12
KH-16510,CA-2017-117457,12/8/2017,13
KH-16510,CA-2017-117457,12/8/2017,14
KH-16510,CA-2017-117457,12/8/2017,15
KH-16510,CA-2017-117457,12/8/2017,16
KH-16510,CA-2017-117457,12/8/2017,17
KH-16510,CA-2015-133242,6/18/2015,18
KH-16510,CA-2015-133242,6/18/2015,19
KH-16510,CA-2015-133242,6/18/2015,20
KH-16510,CA-2015-133242,6/18/2015,21
KH-16510,CA-2015-133242,6/18/2015,22
KH-16510,CA-2014-138023,8/15/2014,23
KH-16630,CA-2017-152275,10/1/2017,1
KH-16630,CA-2014-102673,11/1/2014,2
KH-16630,CA-2014-102673,11/1/2014,3
KH-16630,CA-2014-102673,11/1/2014,4
KH-16630,CA-2014-102673,11/1/2014,5
KH-16630,CA-2017-164049,11/2/2017,6
KH-16630,CA-2016-100153,12/13/2016,7
KH-16630,CA-2015-132633,2/3/2015,8
KH-16630,CA-2016-103037,7/25/2016,9
KH-16630,CA-2017-147403,9/10/2017,10
KH-16630,CA-2017-166898,9/11/2017,11
KH-16630,CA-2017-166898,9/11/2017,12
KH-16630,CA-2015-109575,9/18/2015,13
KH-16630,CA-2015-109575,9/18/2015,14
KH-16630,CA-2015-109575,9/18/2015,15
KH-16630,CA-2015-109575,9/18/2015,16
KH-16630,CA-2015-109575,9/18/2015,17
KH-16690,CA-2015-150714,10/26/2015,1
KH-16690,CA-2015-150714,10/26/2015,2
KH-16690,CA-2015-150714,10/26/2015,3
KH-16690,CA-2015-150714,10/26/2015,4
KH-16690,CA-2015-150714,10/26/2015,5
KH-16690,CA-2017-163979,12/28/2017,6
KH-16690,US-2015-120957,12/7/2015,7
KH-16690,CA-2014-163223,3/21/2014,8
KH-16690,CA-2014-163223,3/21/2014,9
KH-16690,CA-2014-163223,3/21/2014,10
KH-16690,CA-2014-163223,3/21/2014,11
KH-16690,CA-2015-119102,5/23/2015,12
KH-16690,CA-2017-118864,6/15/2017,13
KH-16690,CA-2016-103891,7/12/2016,14
KL-16555,CA-2017-147760,11/4/2017,1
KL-16555,CA-2017-147760,11/4/2017,2
KL-16555,US-2016-153815,11/6/2016,3
KL-16555,US-2016-153815,11/6/2016,4
KL-16555,US-2016-153815,11/6/2016,5
KL-16555,US-2016-153815,11/6/2016,6
KL-16555,CA-2017-147333,12/14/2017,7
KL-16555,CA-2017-147333,12/14/2017,8
KL-16555,CA-2014-111451,12/26/2014,9
KL-16555,CA-2014-111451,12/26/2014,10
KL-16555,CA-2014-111451,12/26/2014,11
KL-16555,CA-2014-111451,12/26/2014,12
KL-16555,CA-2014-111451,12/26/2014,13
KL-16555,CA-2017-160395,12/31/2016,14
KL-16555,CA-2017-160395,12/31/2016,15
KL-16555,US-2014-141215,6/15/2014,16
KL-16555,US-2014-141215,6/15/2014,17
KL-16555,US-2014-141215,6/15/2014,18
KL-16555,CA-2017-103478,7/21/2017,19
KL-16555,CA-2017-103478,7/21/2017,20
KL-16555,US-2016-129469,9/23/2016,21
KL-16645,CA-2015-115798,11/13/2015,1
KL-16645,CA-2015-115798,11/13/2015,2
KL-16645,CA-2015-115798,11/13/2015,3
KL-16645,CA-2015-115798,11/13/2015,4
KL-16645,US-2017-140312,11/13/2017,5
KL-16645,CA-2016-157742,12/29/2016,6
KL-16645,CA-2017-112900,4/9/2017,7
KL-16645,CA-2016-133725,5/23/2016,8
KL-16645,CA-2017-164042,5/23/2017,9
KL-16645,CA-2017-164042,5/23/2017,10
KL-16645,CA-2017-164042,5/23/2017,11
KL-16645,CA-2017-164042,5/23/2017,12
KL-16645,CA-2016-157749,6/4/2016,13
KL-16645,CA-2016-157749,6/4/2016,14
KL-16645,CA-2016-157749,6/4/2016,15
KL-16645,CA-2016-157749,6/4/2016,16
KL-16645,CA-2016-157749,6/4/2016,17
KL-16645,CA-2016-157749,6/4/2016,18
KL-16645,CA-2016-157749,6/4/2016,19
KL-16645,CA-2014-143917,7/25/2014,20
KL-16645,CA-2014-143917,7/25/2014,21
KL-16645,CA-2014-143917,7/25/2014,22
KL-16645,CA-2016-133550,7/31/2016,23
KL-16645,CA-2016-133550,7/31/2016,24
KL-16645,CA-2016-133550,7/31/2016,25
KL-16645,CA-2016-133550,7/31/2016,26
KL-16645,CA-2014-154641,8/11/2014,27
KM-16225,CA-2016-119935,11/10/2016,1
KM-16225,CA-2017-116358,11/2/2017,2
KM-16225,CA-2017-116358,11/2/2017,3
KM-16225,US-2015-138093,12/10/2015,4
KM-16225,US-2015-138093,12/10/2015,5
KM-16225,US-2015-138093,12/10/2015,6
KM-16225,US-2015-138093,12/10/2015,7
KM-16225,CA-2017-137463,12/16/2017,8
KM-16225,CA-2017-137463,12/16/2017,9
KM-16225,CA-2017-137463,12/16/2017,10
KM-16225,CA-2017-137463,12/16/2017,11
KM-16225,CA-2017-137463,12/16/2017,12
KM-16225,CA-2017-148012,12/9/2017,13
KM-16225,CA-2015-108665,7/6/2015,14
KM-16225,CA-2015-108665,7/6/2015,15
KM-16225,CA-2015-108665,7/6/2015,16
KM-16225,CA-2015-108665,7/6/2015,17
KM-16375,CA-2016-159212,11/1/2016,1
KM-16375,CA-2016-159212,11/1/2016,2
KM-16375,CA-2017-159135,11/4/2017,3
KM-16375,CA-2014-133592,12/31/2014,4
KM-16375,CA-2014-133592,12/31/2014,5
KM-16375,CA-2014-133592,12/31/2014,6
KM-16375,CA-2014-133592,12/31/2014,7
KM-16375,CA-2014-133592,12/31/2014,8
KM-16375,CA-2015-148628,12/6/2015,9
KM-16375,CA-2017-135937,2/20/2017,10
KM-16375,CA-2017-135937,2/20/2017,11
KM-16375,CA-2017-135937,2/20/2017,12
KM-16375,CA-2017-135937,2/20/2017,13
KM-16375,CA-2017-135937,2/20/2017,14
KM-16375,CA-2017-135937,2/20/2017,15
KM-16375,CA-2015-163734,6/19/2015,16
KM-16375,CA-2014-143903,7/20/2014,17
KM-16375,CA-2014-143903,7/20/2014,18
KM-16375,CA-2014-143903,7/20/2014,19
KM-16660,US-2015-168732,12/10/2015,1
KM-16660,US-2015-168732,12/10/2015,2
KM-16660,US-2015-168732,12/10/2015,3
KM-16660,CA-2017-154116,12/15/2017,4
KM-16660,CA-2017-154116,12/15/2017,5
KM-16660,CA-2017-154116,12/15/2017,6
KM-16660,CA-2014-133543,12/22/2014,7
KM-16660,CA-2016-140046,7/28/2016,8
KM-16660,CA-2016-132990,8/1/2016,9
KM-16720,CA-2015-135545,11/24/2015,1
KM-16720,CA-2015-135545,11/24/2015,2
KM-16720,CA-2015-135545,11/24/2015,3
KM-16720,CA-2015-135545,11/24/2015,4
KM-16720,CA-2017-167395,12/2/2017,5
KM-16720,CA-2017-167395,12/2/2017,6
KM-16720,CA-2017-167395,12/2/2017,7
KM-16720,CA-2014-169033,3/30/2014,8
KM-16720,US-2014-157021,4/1/2014,9
KM-16720,US-2014-157021,4/1/2014,10
KM-16720,CA-2014-100678,4/18/2014,11
KM-16720,CA-2014-100678,4/18/2014,12
KM-16720,CA-2014-100678,4/18/2014,13
KM-16720,CA-2014-100678,4/18/2014,14
KM-16720,CA-2016-109666,4/19/2016,15
KM-16720,CA-2016-109666,4/19/2016,16
KM-16720,CA-2016-109666,4/19/2016,17
KM-16720,CA-2016-109666,4/19/2016,18
KM-16720,CA-2016-109666,4/19/2016,19
KM-16720,CA-2016-109666,4/19/2016,20
KM-16720,CA-2016-109666,4/19/2016,21
KM-16720,CA-2014-126760,7/26/2014,22
KM-16720,CA-2014-126760,7/26/2014,23
KM-16720,CA-2014-126760,7/26/2014,24
KM-16720,CA-2014-126760,7/26/2014,25
KM-16720,US-2015-106873,9/24/2015,26
KM-16720,US-2015-106873,9/24/2015,27
KM-16720,US-2015-106873,9/24/2015,28
KN-16390,CA-2015-132388,10/10/2015,1
KN-16390,CA-2015-132388,10/10/2015,2
KN-16390,CA-2017-113460,11/7/2017,3
KN-16390,CA-2017-129581,12/11/2017,4
KN-16390,CA-2014-132864,12/2/2014,5
KN-16390,CA-2015-109001,3/5/2015,6
KN-16390,CA-2015-109001,3/5/2015,7
KN-16390,CA-2015-109001,3/5/2015,8
KN-16390,CA-2017-140802,4/21/2017,9
KN-16390,CA-2017-140802,4/21/2017,10
KN-16390,CA-2017-113908,6/3/2017,11
KN-16390,CA-2017-113908,6/3/2017,12
KN-16390,CA-2017-113908,6/3/2017,13
KN-16390,CA-2017-164959,7/11/2017,14
KN-16390,CA-2015-154823,8/21/2015,15
KN-16390,CA-2015-154823,8/21/2015,16
KN-16390,CA-2015-154823,8/21/2015,17
KN-16450,CA-2017-155621,11/8/2017,1
KN-16450,CA-2014-112718,12/16/2014,2
KN-16450,CA-2015-155145,12/27/2015,3
KN-16450,CA-2014-154599,4/12/2014,4
KN-16450,CA-2014-154599,4/12/2014,5
KN-16450,CA-2014-154599,4/12/2014,6
KN-16450,CA-2014-154599,4/12/2014,7
KN-16450,CA-2015-123456,7/9/2015,8
KN-16705,CA-2015-105613,10/18/2015,1
KN-16705,CA-2015-105613,10/18/2015,2
KN-16705,US-2014-143287,11/11/2014,3
KN-16705,US-2014-143287,11/11/2014,4
KN-16705,CA-2014-157609,3/16/2014,5
KN-16705,CA-2014-107524,3/2/2014,6
KN-16705,CA-2014-107524,3/2/2014,7
KN-16705,CA-2017-102554,6/11/2017,8
KN-16705,CA-2017-126067,8/28/2017,9
KN-16705,CA-2017-126067,8/28/2017,10
KN-16705,CA-2017-126067,8/28/2017,11
KN-16705,CA-2017-126067,8/28/2017,12
KN-16705,CA-2017-138422,9/23/2017,13
KS-16300,CA-2015-169677,1/13/2015,1
KS-16300,CA-2017-155824,3/10/2017,2
KS-16300,CA-2017-155824,3/10/2017,3
KS-16300,CA-2015-155124,3/15/2015,4
KT-16465,CA-2015-158456,12/24/2015,1
KT-16465,CA-2015-158456,12/24/2015,2
KT-16465,CA-2016-112060,12/4/2016,3
KT-16465,US-2016-133879,3/21/2016,4
KT-16465,US-2016-133879,3/21/2016,5
KT-16465,US-2016-133879,3/21/2016,6
KT-16465,CA-2016-112669,4/14/2016,7
KT-16465,CA-2016-112669,4/14/2016,8
KT-16465,US-2014-117170,9/17/2014,9
KT-16465,US-2014-117170,9/17/2014,10
KT-16465,US-2014-151925,9/26/2014,11
KT-16465,CA-2014-146283,9/8/2014,12
KT-16465,CA-2014-146283,9/8/2014,13
KT-16465,CA-2014-146283,9/8/2014,14
KT-16480,CA-2015-132570,10/31/2015,1
KT-16480,CA-2015-132570,10/31/2015,2
KT-16480,US-2014-140116,3/10/2014,3
KT-16480,US-2014-140116,3/10/2014,4
KT-16480,CA-2017-126718,4/29/2017,5
KT-16480,CA-2014-155887,5/12/2014,6
KT-16480,CA-2017-142461,5/30/2017,7
KT-16480,CA-2014-116666,5/8/2014,8
KT-16480,CA-2017-159107,6/24/2017,9
KT-16480,CA-2017-105326,8/20/2017,10
KT-16480,CA-2016-146206,9/10/2016,11
KT-16480,CA-2016-146206,9/10/2016,12
KT-16480,CA-2017-123351,9/21/2017,13
KW-16435,CA-2016-146682,10/29/2016,1
KW-16435,US-2015-149692,12/6/2015,2
KW-16435,CA-2017-115805,7/31/2017,3
KW-16435,CA-2015-102491,8/24/2015,4
KW-16435,CA-2015-102491,8/24/2015,5
KW-16435,CA-2015-102491,8/24/2015,6
KW-16435,CA-2017-144904,9/25/2017,7
KW-16435,CA-2017-144904,9/25/2017,8
KW-16435,CA-2017-144904,9/25/2017,9
KW-16435,CA-2017-144904,9/25/2017,10
KW-16570,US-2015-158589,11/20/2015,1
KW-16570,CA-2015-102722,4/18/2015,2
KW-16570,US-2015-124219,8/7/2015,3
KW-16570,CA-2014-140886,9/30/2014,4
LA-16780,CA-2016-108882,1/9/2016,1
LA-16780,CA-2016-108882,1/9/2016,2
LA-16780,CA-2016-123806,11/24/2016,3
LA-16780,CA-2016-132829,12/23/2016,4
LA-16780,CA-2016-132829,12/23/2016,5
LA-16780,CA-2016-132829,12/23/2016,6
LA-16780,CA-2016-132829,12/23/2016,7
LA-16780,CA-2016-132829,12/23/2016,8
LA-16780,CA-2014-107811,4/29/2014,9
LA-16780,CA-2014-107811,4/29/2014,10
LA-16780,CA-2016-122903,5/27/2016,11
LA-16780,CA-2016-122903,5/27/2016,12
LA-16780,CA-2016-122903,5/27/2016,13
LA-16780,CA-2015-129700,5/4/2015,14
LA-16780,CA-2015-125395,6/26/2015,15
LA-16780,CA-2014-163552,7/11/2014,16
LA-16780,CA-2014-163552,7/11/2014,17
LA-16780,CA-2014-163552,7/11/2014,18
LA-16780,CA-2014-163552,7/11/2014,19
LA-16780,CA-2014-163552,7/11/2014,20
LA-16780,CA-2017-130771,7/29/2017,21
LA-16780,CA-2017-130771,7/29/2017,22
LA-16780,CA-2016-164091,9/17/2016,23
LA-16780,CA-2016-164091,9/17/2016,24
LA-16780,CA-2016-155187,9/24/2016,25
LB-16735,CA-2017-154088,11/12/2017,1
LB-16735,CA-2017-160045,4/26/2017,2
LB-16735,CA-2016-111115,7/25/2016,3
LB-16795,US-2016-157490,10/6/2016,1
LB-16795,US-2016-157490,10/6/2016,2
LB-16795,US-2016-157490,10/6/2016,3
LB-16795,US-2016-157490,10/6/2016,4
LB-16795,CA-2016-131968,11/11/2016,5
LB-16795,CA-2016-131968,11/11/2016,6
LB-16795,US-2016-162103,11/13/2016,7
LB-16795,US-2016-155768,12/1/2016,8
LB-16795,US-2016-155768,12/1/2016,9
LB-16795,US-2016-155768,12/1/2016,10
LB-16795,US-2016-155768,12/1/2016,11
LB-16795,US-2014-150119,4/23/2014,12
LB-16795,US-2014-150119,4/23/2014,13
LB-16795,US-2014-150119,4/23/2014,14
LB-16795,US-2014-150119,4/23/2014,15
LB-16795,CA-2017-118199,5/9/2017,16
LB-16795,CA-2017-118199,5/9/2017,17
LB-16795,CA-2017-118199,5/9/2017,18
LB-16795,CA-2017-118199,5/9/2017,19
LB-16795,CA-2017-118199,5/9/2017,20
LB-16795,CA-2017-147032,7/31/2017,21
LB-16795,CA-2017-147032,7/31/2017,22
LB-16795,CA-2017-147032,7/31/2017,23
LB-16795,CA-2016-124583,9/1/2016,24
LC-16870,US-2015-156867,11/13/2015,1
LC-16870,US-2015-156867,11/13/2015,2
LC-16870,CA-2017-118017,12/3/2017,3
LC-16870,CA-2017-118017,12/3/2017,4
LC-16870,CA-2017-118017,12/3/2017,5
LC-16870,CA-2017-118017,12/3/2017,6
LC-16870,CA-2017-118017,12/3/2017,7
LC-16870,CA-2017-118017,12/3/2017,8
LC-16870,CA-2017-118017,12/3/2017,9
LC-16870,CA-2017-118017,12/3/2017,10
LC-16870,CA-2016-111283,2/29/2016,11
LC-16870,CA-2017-113705,3/27/2017,12
LC-16870,CA-2017-113705,3/27/2017,13
LC-16870,CA-2017-113705,3/27/2017,14
LC-16870,CA-2017-113705,3/27/2017,15
LC-16870,CA-2017-113705,3/27/2017,16
LC-16870,CA-2016-110898,3/6/2016,17
LC-16870,CA-2016-110898,3/6/2016,18
LC-16870,CA-2016-110898,3/6/2016,19
LC-16870,CA-2016-110898,3/6/2016,20
LC-16870,CA-2015-150770,5/3/2015,21
LC-16870,CA-2015-150770,5/3/2015,22
LC-16870,CA-2015-150770,5/3/2015,23
LC-16870,CA-2015-150770,5/3/2015,24
LC-16870,CA-2016-167584,8/12/2016,25
LC-16870,US-2017-125647,9/23/2017,26
LC-16870,US-2017-125647,9/23/2017,27
LC-16870,US-2017-125647,9/23/2017,28
LC-16885,CA-2016-145583,10/13/2016,1
LC-16885,CA-2016-145583,10/13/2016,2
LC-16885,CA-2016-145583,10/13/2016,3
LC-16885,CA-2016-145583,10/13/2016,4
LC-16885,CA-2016-145583,10/13/2016,5
LC-16885,CA-2016-145583,10/13/2016,6
LC-16885,CA-2016-145583,10/13/2016,7
LC-16885,CA-2017-157448,11/16/2017,8
LC-16885,CA-2017-157448,11/16/2017,9
LC-16885,CA-2015-124058,11/20/2015,10
LC-16885,CA-2015-124058,11/20/2015,11
LC-16885,CA-2015-157133,11/28/2015,12
LC-16885,CA-2015-106362,12/11/2015,13
LC-16885,US-2017-113992,12/14/2017,14
LC-16885,CA-2016-103359,12/22/2016,15
LC-16885,CA-2014-110100,4/25/2014,16
LC-16885,CA-2014-139192,5/27/2014,17
LC-16885,CA-2014-139192,5/27/2014,18
LC-16885,CA-2017-143861,6/12/2017,19
LC-16885,US-2015-163825,6/16/2015,20
LC-16885,US-2015-163825,6/16/2015,21
LC-16885,CA-2016-107146,6/17/2016,22
LC-16930,US-2017-137491,11/19/2017,1
LC-16930,CA-2014-109491,2/20/2014,2
LC-16930,CA-2014-109491,2/20/2014,3
LC-16930,CA-2016-107202,5/21/2016,4
LC-16930,CA-2017-167080,6/10/2017,5
LC-16930,CA-2016-152289,8/26/2016,6
LC-16930,CA-2016-152289,8/26/2016,7
LC-16930,CA-2016-111913,8/4/2016,8
LC-16930,CA-2016-111913,8/4/2016,9
LC-16930,CA-2017-120999,9/10/2017,10
LC-16930,CA-2016-143476,9/11/2016,11
LC-16930,CA-2016-143476,9/11/2016,12
LC-16930,CA-2016-143476,9/11/2016,13
LC-16960,CA-2016-105753,10/20/2016,1
LC-16960,CA-2015-111038,12/1/2015,2
LC-16960,US-2016-139262,2/21/2016,3
LC-16960,US-2016-139262,2/21/2016,4
LC-16960,US-2016-139262,2/21/2016,5
LC-16960,CA-2015-132276,2/23/2015,6
LC-16960,CA-2015-132276,2/23/2015,7
LC-17050,CA-2014-115161,1/31/2014,1
LC-17050,CA-2014-129147,11/2/2014,2
LC-17050,CA-2014-129147,11/2/2014,3
LC-17050,CA-2014-129147,11/2/2014,4
LC-17050,CA-2016-118514,2/3/2016,5
LC-17050,CA-2017-137498,9/9/2017,6
LC-17050,CA-2017-137498,9/9/2017,7
LC-17050,CA-2017-137498,9/9/2017,8
LC-17140,CA-2015-119907,12/1/2015,1
LC-17140,US-2017-116701,12/17/2017,2
LC-17140,CA-2016-137043,12/23/2016,3
LC-17140,CA-2016-137043,12/23/2016,4
LC-17140,CA-2016-130477,4/8/2016,5
LC-17140,CA-2016-130477,4/8/2016,6
LC-17140,CA-2016-130477,4/8/2016,7
LC-17140,CA-2016-101693,6/25/2016,8
LC-17140,CA-2016-101693,6/25/2016,9
LC-17140,CA-2017-162789,9/22/2017,10
LC-17140,CA-2017-162789,9/22/2017,11
LC-17140,CA-2014-102869,9/9/2014,12
LC-17140,CA-2014-102869,9/9/2014,13
LC-17140,CA-2014-102869,9/9/2014,14
LC-17140,CA-2014-102869,9/9/2014,15
LC-17140,CA-2017-169439,9/9/2017,16
LC-17140,CA-2017-169439,9/9/2017,17
LD-16855,CA-2016-152331,6/26/2016,1
LD-17005,CA-2016-139878,11/11/2016,1
LD-17005,CA-2016-116379,11/7/2016,2
LD-17005,CA-2016-142762,5/23/2016,3
LD-17005,CA-2014-124856,9/29/2014,4
LD-17005,CA-2014-124856,9/29/2014,5
LD-17005,CA-2014-124856,9/29/2014,6
LD-17005,CA-2014-124856,9/29/2014,7
LE-16810,CA-2014-100706,12/16/2014,1
LE-16810,CA-2014-100706,12/16/2014,2
LE-16810,CA-2017-108329,12/9/2017,3
LE-16810,CA-2016-157245,5/19/2016,4
LE-16810,US-2017-150595,5/22/2017,5
LE-16810,US-2017-150595,5/22/2017,6
LE-16810,US-2017-150595,5/22/2017,7
LE-16810,US-2014-117058,5/27/2014,8
LE-16810,CA-2015-131779,6/12/2015,9
LF-17185,CA-2016-106341,10/20/2016,1
LF-17185,CA-2014-113166,12/24/2014,2
LF-17185,CA-2014-110030,12/6/2014,3
LF-17185,CA-2017-148264,12/8/2017,4
LF-17185,CA-2017-148264,12/8/2017,5
LF-17185,CA-2017-148264,12/8/2017,6
LF-17185,CA-2017-118521,2/16/2017,7
LF-17185,CA-2015-109512,3/5/2015,8
LF-17185,CA-2015-109512,3/5/2015,9
LF-17185,CA-2015-109512,3/5/2015,10
LF-17185,CA-2014-169019,7/26/2014,11
LF-17185,CA-2014-169019,7/26/2014,12
LF-17185,CA-2014-169019,7/26/2014,13
LF-17185,CA-2014-169019,7/26/2014,14
LF-17185,CA-2014-169019,7/26/2014,15
LF-17185,CA-2014-169019,7/26/2014,16
LH-16750,CA-2017-129707,4/25/2017,1
LH-16750,CA-2017-133235,8/1/2017,2
LH-16750,CA-2014-117478,9/21/2014,3
LH-16900,CA-2014-123323,11/7/2014,1
LH-16900,US-2015-136749,12/25/2015,2
LH-16900,US-2015-136749,12/25/2015,3
LH-16900,CA-2016-113733,12/8/2016,4
LH-16900,CA-2016-113733,12/8/2016,5
LH-16900,CA-2016-113733,12/8/2016,6
LH-16900,US-2017-103814,12/9/2017,7
LH-16900,CA-2016-169194,6/20/2016,8
LH-16900,CA-2016-169194,6/20/2016,9
LH-16900,US-2017-169320,7/23/2017,10
LH-16900,US-2017-169320,7/23/2017,11
LH-16900,US-2014-156559,8/19/2014,12
LH-16900,CA-2014-109855,9/1/2014,13
LH-16900,CA-2014-109855,9/1/2014,14
LH-16900,CA-2014-126277,9/13/2014,15
LH-17020,CA-2016-166443,11/4/2016,1
LH-17020,CA-2015-114923,2/8/2015,2
LH-17020,CA-2017-105991,5/5/2017,3
LH-17020,CA-2017-105991,5/5/2017,4
LH-17020,CA-2017-105991,5/5/2017,5
LH-17020,US-2014-115987,9/8/2014,6
LH-17155,US-2016-131912,10/29/2016,1
LH-17155,CA-2016-144092,11/5/2016,2
LH-17155,CA-2016-144092,11/5/2016,3
LH-17155,CA-2016-144092,11/5/2016,4
LH-17155,CA-2016-154739,12/10/2016,5
LH-17155,CA-2014-113320,12/12/2014,6
LH-17155,CA-2014-113320,12/12/2014,7
LH-17155,CA-2014-113320,12/12/2014,8
LH-17155,CA-2016-133340,12/9/2016,9
LH-17155,CA-2016-133340,12/9/2016,10
LH-17155,CA-2016-133340,12/9/2016,11
LH-17155,US-2016-139486,5/21/2016,12
LH-17155,US-2016-139486,5/21/2016,13
LH-17155,CA-2015-121965,6/19/2015,14
LH-17155,CA-2015-121965,6/19/2015,15
LH-17155,CA-2015-121965,6/19/2015,16
LH-17155,US-2016-131149,7/10/2016,17
LH-17155,US-2016-131149,7/10/2016,18
LL-16840,US-2017-163195,2/17/2017,1
LL-16840,CA-2015-137974,4/16/2015,2
LL-16840,CA-2015-137974,4/16/2015,3
LL-16840,CA-2015-137974,4/16/2015,4
LL-16840,CA-2015-137974,4/16/2015,5
LL-16840,CA-2017-120222,4/25/2017,6
LL-16840,CA-2017-120222,4/25/2017,7
LL-16840,CA-2014-134061,4/29/2014,8
LL-16840,CA-2015-164833,6/4/2015,9
LL-16840,CA-2015-164833,6/4/2015,10
LL-16840,CA-2014-153927,8/12/2014,11
LL-16840,CA-2014-153927,8/12/2014,12
LM-17065,US-2015-120161,12/18/2015,1
LM-17065,CA-2016-105277,12/4/2016,2
LM-17065,CA-2015-169740,2/20/2015,3
LM-17065,CA-2014-104283,6/27/2014,4
LM-17065,CA-2014-104283,6/27/2014,5
LM-17065,CA-2014-104283,6/27/2014,6
LM-17065,CA-2016-105263,8/6/2016,7
LO-17170,CA-2017-118367,10/28/2017,1
LO-17170,CA-2017-163860,12/28/2017,2
LO-17170,CA-2017-163860,12/28/2017,3
LO-17170,CA-2017-163860,12/28/2017,4
LO-17170,CA-2017-163860,12/28/2017,5
LO-17170,CA-2015-104038,2/6/2015,6
LO-17170,CA-2015-104038,2/6/2015,7
LO-17170,CA-2017-141572,5/28/2017,8
LO-17170,CA-2015-143238,9/6/2015,9
LP-17080,CA-2016-116722,11/11/2016,1
LP-17080,CA-2016-116722,11/11/2016,2
LP-17080,CA-2016-116722,11/11/2016,3
LP-17080,CA-2017-118731,11/20/2017,4
LP-17080,CA-2017-118731,11/20/2017,5
LP-17080,CA-2017-133823,5/11/2017,6
LP-17080,CA-2017-133823,5/11/2017,7
LP-17080,CA-2017-133823,5/11/2017,8
LP-17080,CA-2014-159814,6/24/2014,9
LP-17095,CA-2017-121790,1/30/2017,1
LP-17095,CA-2017-121790,1/30/2017,2
LP-17095,CA-2017-121790,1/30/2017,3
LP-17095,CA-2017-121790,1/30/2017,4
LP-17095,CA-2016-118969,10/2/2016,5
LP-17095,CA-2017-106782,12/21/2017,6
LP-17095,CA-2017-121804,3/3/2017,7
LP-17095,CA-2016-112830,6/6/2016,8
LP-17095,CA-2016-112830,6/6/2016,9
LP-17095,CA-2017-102736,9/5/2017,10
LP-17095,CA-2017-102736,9/5/2017,11
LP-17095,CA-2017-102736,9/5/2017,12
LP-17095,CA-2016-103709,9/8/2016,13
LP-17095,CA-2016-103709,9/8/2016,14
LP-17095,CA-2016-103709,9/8/2016,15
LR-16915,CA-2016-125206,1/3/2016,1
LR-16915,CA-2015-141327,11/30/2015,2
LR-16915,CA-2015-141327,11/30/2015,3
LR-16915,CA-2015-141327,11/30/2015,4
LR-16915,US-2016-148803,12/11/2016,5
LR-16915,CA-2017-109183,12/4/2017,6
LR-16915,CA-2014-131450,8/8/2014,7
LR-16915,CA-2014-131450,8/8/2014,8
LR-16915,CA-2014-131450,8/8/2014,9
LR-16915,CA-2014-131450,8/8/2014,10
LR-16915,CA-2016-126732,9/2/2016,11
LR-16915,CA-2016-126732,9/2/2016,12
LR-16915,CA-2016-126732,9/2/2016,13
LR-16915,CA-2016-126732,9/2/2016,14
LR-16915,CA-2016-126732,9/2/2016,15
LR-16915,CA-2016-126732,9/2/2016,16
LR-17035,CA-2017-103506,7/23/2017,1
LR-17035,CA-2017-119011,8/20/2017,2
LR-17035,CA-2017-119011,8/20/2017,3
LR-17035,CA-2017-119011,8/20/2017,4
LR-17035,CA-2016-143406,9/26/2016,5
LR-17035,CA-2016-143406,9/26/2016,6
LR-17035,CA-2014-109918,9/7/2014,7
LR-17035,CA-2015-102876,9/7/2015,8
LR-17035,CA-2015-102876,9/7/2015,9
LR-17035,CA-2015-102876,9/7/2015,10
LS-16945,CA-2017-108000,1/12/2017,1
LS-16945,US-2017-128832,4/24/2017,2
LS-16945,CA-2015-115420,4/25/2015,3
LS-16945,CA-2016-114727,7/18/2016,4
LS-16945,CA-2016-114727,7/18/2016,5
LS-16945,CA-2016-114727,7/18/2016,6
LS-16945,CA-2016-114727,7/18/2016,7
LS-16945,CA-2016-114727,7/18/2016,8
LS-16945,CA-2017-100223,7/5/2017,9
LS-16945,CA-2017-100223,7/5/2017,10
LS-16945,CA-2017-100223,7/5/2017,11
LS-16945,CA-2017-100223,7/5/2017,12
LS-16945,CA-2017-100223,7/5/2017,13
LS-16945,CA-2016-134362,9/29/2016,14
LS-16975,US-2015-118766,10/15/2015,1
LS-16975,US-2015-118766,10/15/2015,2
LS-16975,CA-2014-137092,10/20/2014,3
LS-16975,CA-2014-137092,10/20/2014,4
LS-16975,CA-2014-137092,10/20/2014,5
LS-16975,CA-2014-137092,10/20/2014,6
LS-16975,CA-2014-137092,10/20/2014,7
LS-16975,CA-2017-164168,11/12/2017,8
LS-16975,CA-2017-164168,11/12/2017,9
LS-16975,CA-2017-164168,11/12/2017,10
LS-16975,CA-2017-164168,11/12/2017,11
LS-16975,CA-2017-164168,11/12/2017,12
LS-16975,CA-2017-164168,11/12/2017,13
LS-16975,US-2014-147648,11/26/2014,14
LS-16975,CA-2017-117702,11/28/2017,15
LS-16975,CA-2017-117702,11/28/2017,16
LS-16975,CA-2017-117702,11/28/2017,17
LS-16975,US-2016-125969,11/6/2016,18
LS-16975,US-2016-125969,11/6/2016,19
LS-16975,CA-2017-108294,12/10/2017,20
LS-16975,CA-2016-112025,7/30/2016,21
LS-16975,US-2015-138919,9/17/2015,22
LS-17200,CA-2014-115084,10/18/2014,1
LS-17200,CA-2016-160129,11/23/2016,2
LS-17200,CA-2016-160129,11/23/2016,3
LS-17200,CA-2016-160129,11/23/2016,4
LS-17200,CA-2014-141110,11/26/2014,5
LS-17200,CA-2014-141110,11/26/2014,6
LS-17200,CA-2014-141110,11/26/2014,7
LS-17200,CA-2014-141110,11/26/2014,8
LS-17200,CA-2017-131618,6/17/2017,9
LS-17200,CA-2017-131618,6/17/2017,10
LS-17200,US-2017-165869,7/31/2017,11
LS-17200,US-2017-165869,7/31/2017,12
LS-17200,CA-2017-169929,9/25/2017,13
LS-17230,CA-2014-130813,1/6/2014,1
LS-17230,US-2015-111927,11/14/2015,2
LS-17230,US-2015-111927,11/14/2015,3
LS-17230,CA-2015-118955,6/16/2015,4
LS-17230,CA-2015-118955,6/16/2015,5
LS-17230,CA-2015-118955,6/16/2015,6
LS-17245,US-2014-109456,10/16/2014,1
LS-17245,US-2014-109456,10/16/2014,2
LS-17245,CA-2014-124730,11/26/2014,3
LS-17245,CA-2014-124730,11/26/2014,4
LS-17245,CA-2014-124730,11/26/2014,5
LS-17245,CA-2014-124730,11/26/2014,6
LS-17245,CA-2014-124730,11/26/2014,7
LS-17245,CA-2017-135307,11/26/2017,8
LS-17245,CA-2017-135307,11/26/2017,9
LS-17245,CA-2015-165414,12/21/2015,10
LS-17245,CA-2016-136994,5/27/2016,11
LS-17245,CA-2016-152765,6/15/2016,12
LT-16765,US-2015-122910,5/12/2015,1
LT-16765,CA-2014-126522,9/1/2014,2
LT-17110,US-2015-104430,10/22/2015,1
LT-17110,CA-2016-157364,11/19/2016,2
LT-17110,CA-2015-168207,11/2/2015,3
LT-17110,CA-2015-168207,11/2/2015,4
LT-17110,CA-2015-168207,11/2/2015,5
LT-17110,CA-2015-168207,11/2/2015,6
LT-17110,CA-2017-122700,11/26/2017,7
LT-17110,CA-2015-154620,12/12/2015,8
LT-17110,CA-2016-159373,3/13/2016,9
LT-17110,CA-2016-159373,3/13/2016,10
LT-17110,CA-2016-159373,3/13/2016,11
LT-17110,US-2014-165659,6/1/2014,12
LT-17110,US-2014-165659,6/1/2014,13
LT-17110,CA-2017-147725,9/14/2017,14
LW-16825,CA-2017-144820,10/3/2017,1
LW-16825,CA-2014-164721,11/25/2014,2
LW-16825,CA-2014-164721,11/25/2014,3
LW-16825,CA-2014-164721,11/25/2014,4
LW-16825,CA-2016-109827,12/25/2016,5
LW-16825,CA-2016-109827,12/25/2016,6
LW-16825,CA-2016-109827,12/25/2016,7
LW-16825,CA-2016-109827,12/25/2016,8
LW-16825,CA-2016-109827,12/25/2016,9
LW-16825,CA-2014-103429,5/30/2014,10
LW-16825,CA-2014-103429,5/30/2014,11
LW-16825,CA-2014-103429,5/30/2014,12
LW-16825,CA-2014-103429,5/30/2014,13
LW-16825,CA-2014-160773,7/1/2014,14
LW-16825,CA-2014-160773,7/1/2014,15
LW-16990,CA-2017-152142,11/14/2017,1
LW-16990,CA-2017-101245,11/27/2017,2
LW-16990,CA-2017-101245,11/27/2017,3
LW-16990,CA-2017-102834,3/9/2017,4
LW-16990,CA-2017-162978,5/4/2017,5
LW-16990,CA-2017-162978,5/4/2017,6
LW-16990,CA-2017-162978,5/4/2017,7
LW-16990,US-2016-102239,5/5/2016,8
LW-16990,US-2016-102239,5/5/2016,9
LW-16990,CA-2017-158407,6/4/2017,10
LW-16990,CA-2017-158407,6/4/2017,11
LW-17125,CA-2016-157280,11/5/2016,1
LW-17125,CA-2016-157280,11/5/2016,2
LW-17125,CA-2016-157280,11/5/2016,3
LW-17125,CA-2017-117436,6/8/2017,4
LW-17125,CA-2014-112837,9/11/2014,5
LW-17215,CA-2016-132997,11/7/2016,1
LW-17215,CA-2016-132997,11/7/2016,2
LW-17215,CA-2016-132997,11/7/2016,3
LW-17215,CA-2016-132997,11/7/2016,4
LW-17215,CA-2016-132997,11/7/2016,5
LW-17215,CA-2017-102659,12/9/2017,6
LW-17215,CA-2017-166128,4/11/2017,7
LW-17215,CA-2017-166128,4/11/2017,8
LW-17215,US-2016-117037,5/17/2016,9
LW-17215,US-2016-117037,5/17/2016,10
LW-17215,US-2016-117037,5/17/2016,11
LW-17215,US-2016-117037,5/17/2016,12
LW-17215,CA-2014-116246,9/12/2014,13
LW-17215,CA-2016-111416,9/17/2016,14
LW-17215,CA-2017-102218,9/2/2017,15
MA-17560,CA-2017-107727,10/19/2017,1
MA-17560,CA-2017-158722,10/20/2017,2
MA-17560,CA-2017-110373,10/27/2017,3
MA-17560,CA-2017-110373,10/27/2017,4
MA-17560,CA-2014-140732,11/11/2014,5
MA-17560,CA-2014-140732,11/11/2014,6
MA-17560,CA-2014-140732,11/11/2014,7
MA-17560,CA-2015-130974,11/27/2015,8
MA-17560,CA-2015-130974,11/27/2015,9
MA-17560,CA-2015-130974,11/27/2015,10
MA-17560,CA-2015-130974,11/27/2015,11
MA-17560,CA-2015-130974,11/27/2015,12
MA-17560,CA-2015-130974,11/27/2015,13
MA-17560,CA-2015-130974,11/27/2015,14
MA-17560,CA-2015-110324,12/1/2015,15
MA-17560,CA-2015-110324,12/1/2015,16
MA-17560,CA-2015-143105,12/10/2015,17
MA-17560,CA-2015-143105,12/10/2015,18
MA-17560,CA-2015-143105,12/10/2015,19
MA-17560,CA-2015-143105,12/10/2015,20
MA-17560,CA-2016-128916,8/18/2016,21
MA-17560,CA-2016-128916,8/18/2016,22
MA-17560,US-2016-117793,8/23/2016,23
MA-17560,US-2016-117793,8/23/2016,24
MA-17560,US-2016-117793,8/23/2016,25
MA-17560,US-2016-117793,8/23/2016,26
MA-17560,CA-2014-124478,8/8/2014,27
MA-17560,CA-2014-124478,8/8/2014,28
MA-17560,CA-2014-124478,8/8/2014,29
MA-17560,CA-2014-124478,8/8/2014,30
MA-17560,CA-2014-124478,8/8/2014,31
MA-17560,CA-2014-168823,9/21/2014,32
MA-17560,CA-2014-168823,9/21/2014,33
MA-17995,CA-2014-132010,10/13/2014,1
MA-17995,CA-2014-132010,10/13/2014,2
MA-17995,CA-2014-132010,10/13/2014,3
MA-17995,CA-2014-132010,10/13/2014,4
MA-17995,CA-2015-157028,11/28/2015,5
MA-17995,US-2016-165078,11/5/2016,6
MA-17995,US-2016-165078,11/5/2016,7
MA-17995,US-2016-165078,11/5/2016,8
MA-17995,CA-2016-152247,11/7/2016,9
MA-17995,CA-2017-123638,6/27/2017,10
MA-17995,CA-2014-133704,9/20/2014,11
MA-17995,CA-2014-133704,9/20/2014,12
MB-17305,CA-2015-145828,10/5/2015,1
MB-17305,CA-2015-168529,10/8/2015,2
MB-17305,CA-2017-163125,10/9/2017,3
MB-17305,CA-2017-163125,10/9/2017,4
MB-17305,CA-2017-149944,11/12/2017,5
MB-17305,CA-2017-149944,11/12/2017,6
MB-17305,CA-2016-118759,11/14/2016,7
MB-17305,CA-2016-118759,11/14/2016,8
MB-17305,CA-2015-144288,12/25/2015,9
MB-17305,CA-2015-144288,12/25/2015,10
MB-17305,CA-2017-105074,6/24/2017,11
MB-17305,CA-2017-169124,7/3/2017,12
MB-17305,CA-2014-151708,8/8/2014,13
MB-17305,CA-2015-113131,9/24/2015,14
MB-17305,CA-2015-113131,9/24/2015,15
MB-17305,CA-2015-113131,9/24/2015,16
MB-17305,CA-2015-113131,9/24/2015,17
MB-17305,CA-2015-113131,9/24/2015,18
MB-18085,CA-2014-141817,1/5/2014,1
MB-18085,CA-2017-122945,11/16/2017,2
MB-18085,US-2016-128902,3/11/2016,3
MB-18085,CA-2017-151071,4/25/2017,4
MB-18085,CA-2017-144498,5/6/2017,5
MB-18085,CA-2017-144498,5/6/2017,6
MB-18085,CA-2017-144498,5/6/2017,7
MB-18085,CA-2016-112382,5/9/2016,8
MB-18085,CA-2016-142524,9/4/2016,9
MB-18085,CA-2016-142524,9/4/2016,10
MC-17275,CA-2016-146318,1/22/2016,1
MC-17275,CA-2017-154949,10/15/2017,2
MC-17275,CA-2015-168459,11/22/2015,3
MC-17275,CA-2015-114237,3/13/2015,4
MC-17275,CA-2016-118899,3/22/2016,5
MC-17275,CA-2015-143119,9/24/2015,6
MC-17275,CA-2015-105599,9/7/2015,7
MC-17275,CA-2015-105599,9/7/2015,8
MC-17275,CA-2014-107818,9/8/2014,9
MC-17275,CA-2014-107818,9/8/2014,10
MC-17275,CA-2014-107818,9/8/2014,11
MC-17275,CA-2014-107818,9/8/2014,12
MC-17425,CA-2016-133711,11/26/2016,1
MC-17425,CA-2016-133711,11/26/2016,2
MC-17425,CA-2016-133711,11/26/2016,3
MC-17425,CA-2016-133711,11/26/2016,4
MC-17425,CA-2015-161711,11/28/2015,5
MC-17425,CA-2015-161711,11/28/2015,6
MC-17425,CA-2014-140473,5/30/2014,7
MC-17425,US-2016-168095,7/15/2016,8
MC-17425,US-2016-168095,7/15/2016,9
MC-17425,CA-2016-130050,7/16/2016,10
MC-17575,CA-2015-125423,12/13/2015,1
MC-17575,CA-2014-101147,12/2/2014,2
MC-17575,US-2016-157840,12/20/2016,3
MC-17575,US-2017-149510,12/3/2017,4
MC-17575,US-2017-149510,12/3/2017,5
MC-17575,CA-2017-167703,2/3/2017,6
MC-17575,CA-2017-167703,2/3/2017,7
MC-17575,CA-2015-135314,7/9/2015,8
MC-17575,CA-2017-115175,8/7/2017,9
MC-17590,CA-2014-127446,11/25/2014,1
MC-17590,CA-2014-127446,11/25/2014,2
MC-17590,CA-2014-127446,11/25/2014,3
MC-17590,CA-2014-127446,11/25/2014,4
MC-17590,CA-2014-127446,11/25/2014,5
MC-17590,CA-2014-127446,11/25/2014,6
MC-17590,CA-2017-159597,11/9/2017,7
MC-17590,CA-2016-157868,12/23/2016,8
MC-17590,CA-2014-130673,5/20/2014,9
MC-17590,CA-2014-130673,5/20/2014,10
MC-17590,CA-2014-130673,5/20/2014,11
MC-17590,CA-2014-130673,5/20/2014,12
MC-17590,CA-2016-131835,7/17/2016,13
MC-17590,CA-2016-131835,7/17/2016,14
MC-17590,CA-2016-131835,7/17/2016,15
MC-17590,CA-2016-113082,9/12/2016,16
MC-17605,CA-2017-145142,1/23/2017,1
MC-17605,CA-2015-145394,11/16/2015,2
MC-17605,CA-2015-145394,11/16/2015,3
MC-17605,CA-2015-145394,11/16/2015,4
MC-17605,CA-2016-145492,11/20/2016,5
MC-17605,US-2014-161613,12/1/2014,6
MC-17605,CA-2014-103989,3/19/2014,7
MC-17605,CA-2014-103989,3/19/2014,8
MC-17605,CA-2014-103989,3/19/2014,9
MC-17605,CA-2014-103989,3/19/2014,10
MC-17605,CA-2014-103989,3/19/2014,11
MC-17605,CA-2014-103989,3/19/2014,12
MC-17605,CA-2014-103989,3/19/2014,13
MC-17605,CA-2017-160962,4/28/2017,14
MC-17605,CA-2017-160962,4/28/2017,15
MC-17605,CA-2017-134810,5/9/2017,16
MC-17605,CA-2017-134810,5/9/2017,17
MC-17605,US-2017-146213,9/9/2017,18
MC-17635,US-2014-120175,11/28/2014,1
MC-17635,CA-2014-164861,12/3/2014,2
MC-17635,CA-2016-139010,2/21/2016,3
MC-17635,CA-2016-139010,2/21/2016,4
MC-17635,CA-2016-139010,2/21/2016,5
MC-17635,CA-2016-139010,2/21/2016,6
MC-17635,US-2017-151316,6/24/2017,7
MC-17635,US-2017-151316,6/24/2017,8
MC-17845,US-2017-128447,11/10/2017,1
MC-17845,US-2017-128447,11/10/2017,2
MC-17845,CA-2016-116337,11/7/2016,3
MC-17845,CA-2016-116337,11/7/2016,4
MC-17845,CA-2017-148446,12/10/2017,5
MC-17845,CA-2016-146143,12/14/2016,6
MC-17845,CA-2014-156594,12/20/2014,7
MC-17845,CA-2014-156594,12/20/2014,8
MC-17845,CA-2014-156594,12/20/2014,9
MC-17845,CA-2014-156594,12/20/2014,10
MC-17845,US-2017-102638,12/29/2017,11
MC-17845,CA-2014-157784,7/5/2014,12
MC-17845,CA-2014-157784,7/5/2014,13
MC-17845,CA-2014-157784,7/5/2014,14
MC-18100,CA-2017-152807,10/30/2017,1
MC-18100,CA-2017-152807,10/30/2017,2
MC-18100,CA-2017-152807,10/30/2017,3
MC-18100,CA-2017-152807,10/30/2017,4
MC-18100,CA-2016-139808,10/7/2016,5
MC-18100,CA-2017-126242,11/19/2017,6
MC-18100,CA-2017-126242,11/19/2017,7
MC-18100,CA-2014-101602,12/15/2014,8
MC-18100,CA-2014-101602,12/15/2014,9
MC-18100,US-2015-129637,12/17/2015,10
MC-18100,US-2015-129637,12/17/2015,11
MC-18100,US-2015-129637,12/17/2015,12
MC-18100,CA-2015-111073,12/26/2015,13
MC-18100,CA-2015-116512,4/9/2015,14
MC-18100,CA-2014-123855,6/18/2014,15
MC-18100,CA-2015-168809,8/25/2015,16
MC-18100,CA-2015-168809,8/25/2015,17
MC-18100,CA-2015-168809,8/25/2015,18
MC-18100,CA-2017-113075,9/2/2017,19
MC-18130,CA-2015-148432,11/7/2015,1
MC-18130,CA-2015-148432,11/7/2015,2
MC-18130,CA-2016-129868,12/26/2016,3
MC-18130,CA-2016-129868,12/26/2016,4
MC-18130,CA-2016-129868,12/26/2016,5
MC-18130,CA-2016-129868,12/26/2016,6
MC-18130,CA-2016-129868,12/26/2016,7
MC-18130,CA-2016-129868,12/26/2016,8
MC-18130,CA-2016-115504,3/12/2016,9
MC-18130,CA-2015-163104,3/19/2015,10
MC-18130,CA-2014-132787,9/19/2014,11
MD-17350,CA-2014-114251,11/5/2014,1
MD-17350,CA-2014-114251,11/5/2014,2
MD-17350,CA-2014-114251,11/5/2014,3
MD-17350,CA-2014-114251,11/5/2014,4
MD-17350,CA-2014-114251,11/5/2014,5
MD-17350,CA-2015-134782,12/27/2015,6
MD-17350,CA-2014-143371,12/28/2014,7
MD-17350,CA-2014-143371,12/28/2014,8
MD-17350,CA-2017-132290,3/10/2017,9
MD-17350,CA-2017-149181,5/8/2017,10
MD-17350,CA-2017-109757,9/4/2017,11
MD-17350,CA-2017-109757,9/4/2017,12
MD-17350,CA-2017-109757,9/4/2017,13
MD-17350,CA-2017-109757,9/4/2017,14
MD-17350,CA-2016-162383,9/5/2016,15
MD-17350,CA-2016-162383,9/5/2016,16
MD-17350,CA-2016-162383,9/5/2016,17
MD-17860,CA-2017-154410,10/21/2017,1
MD-17860,CA-2017-153654,11/24/2017,2
MD-17860,US-2014-117744,12/2/2014,3
MD-17860,US-2014-117744,12/2/2014,4
MD-17860,US-2014-117744,12/2/2014,5
MD-17860,CA-2017-100055,5/28/2017,6
MD-17860,CA-2017-100055,5/28/2017,7
MD-17860,CA-2017-104024,8/29/2017,8
ME-17320,CA-2014-167199,1/6/2014,1
ME-17320,CA-2014-167199,1/6/2014,2
ME-17320,CA-2014-167199,1/6/2014,3
ME-17320,CA-2014-167199,1/6/2014,4
ME-17320,CA-2014-167199,1/6/2014,5
ME-17320,CA-2014-167199,1/6/2014,6
ME-17320,CA-2014-167199,1/6/2014,7
ME-17320,CA-2017-137624,11/10/2017,8
ME-17320,US-2017-124926,11/13/2017,9
ME-17320,CA-2017-143434,11/18/2017,10
ME-17320,CA-2016-152555,3/29/2016,11
ME-17320,CA-2016-152555,3/29/2016,12
ME-17320,CA-2016-152555,3/29/2016,13
ME-17320,CA-2017-129910,3/30/2017,14
ME-17320,CA-2016-159142,4/4/2016,15
ME-17320,CA-2017-148474,6/12/2017,16
ME-17320,CA-2017-148474,6/12/2017,17
ME-17320,CA-2015-144302,6/19/2015,18
ME-17320,CA-2016-160717,6/6/2016,19
ME-17320,CA-2016-160717,6/6/2016,20
ME-17320,CA-2016-160717,6/6/2016,21
ME-17725,CA-2017-116645,11/30/2017,1
ME-17725,CA-2017-143756,12/2/2017,2
ME-17725,CA-2017-166415,2/19/2017,3
ME-17725,CA-2015-155635,5/9/2015,4
ME-17725,CA-2017-137449,6/29/2017,5
ME-17725,CA-2017-137449,6/29/2017,6
ME-17725,CA-2017-137449,6/29/2017,7
ME-17725,CA-2014-124807,7/12/2014,8
ME-17725,CA-2014-124807,7/12/2014,9
ME-17725,US-2016-123470,8/15/2016,10
ME-17725,US-2016-123470,8/15/2016,11
ME-17725,CA-2015-161830,9/24/2015,12
ME-17725,CA-2015-161830,9/24/2015,13
ME-18010,CA-2014-126333,12/23/2014,1
ME-18010,CA-2015-169278,5/21/2015,2
ME-18010,CA-2014-116932,7/21/2014,3
ME-18010,CA-2014-116932,7/21/2014,4
ME-18010,CA-2014-116932,7/21/2014,5
ME-18010,CA-2017-148138,9/29/2017,6
MF-17665,CA-2016-126543,1/9/2016,1
MF-17665,CA-2016-165827,11/4/2016,2
MF-17665,US-2014-169789,12/30/2014,3
MF-17665,CA-2016-114307,7/22/2016,4
MF-17665,CA-2016-114307,7/22/2016,5
MF-17665,CA-2016-114307,7/22/2016,6
MF-17665,CA-2016-114307,7/22/2016,7
MF-17665,US-2016-102232,8/5/2016,8
MF-18250,CA-2015-162964,11/12/2015,1
MF-18250,CA-2015-162964,11/12/2015,2
MF-18250,CA-2015-162964,11/12/2015,3
MF-18250,US-2017-162670,12/23/2017,4
MF-18250,US-2017-162670,12/23/2017,5
MF-18250,US-2017-162670,12/23/2017,6
MF-18250,US-2017-162670,12/23/2017,7
MF-18250,CA-2015-144722,3/16/2015,8
MF-18250,CA-2015-128013,8/9/2015,9
MF-18250,CA-2015-128013,8/9/2015,10
MF-18250,CA-2014-149594,9/15/2014,11
MG-17650,CA-2017-152933,10/12/2017,1
MG-17650,CA-2017-152933,10/12/2017,2
MG-17650,CA-2017-152933,10/12/2017,3
MG-17650,CA-2016-105284,11/24/2016,4
MG-17650,CA-2017-145660,12/1/2017,5
MG-17650,CA-2016-139395,12/12/2016,6
MG-17650,CA-2016-139395,12/12/2016,7
MG-17650,CA-2016-139395,12/12/2016,8
MG-17650,CA-2016-139395,12/12/2016,9
MG-17650,CA-2017-152135,3/16/2017,10
MG-17650,US-2017-169502,8/28/2017,11
MG-17650,US-2017-169502,8/28/2017,12
MG-17650,CA-2014-166471,8/9/2014,13
MG-17650,CA-2014-166471,8/9/2014,14
MG-17680,CA-2014-110072,10/22/2014,1
MG-17680,CA-2015-151043,11/14/2015,2
MG-17680,US-2017-109316,6/8/2017,3
MG-17680,US-2017-109316,6/8/2017,4
MG-17680,CA-2017-121300,9/29/2017,5
MG-17680,CA-2017-121300,9/29/2017,6
MG-17680,CA-2017-121300,9/29/2017,7
MG-17680,CA-2017-121300,9/29/2017,8
MG-17680,CA-2017-121300,9/29/2017,9
MG-17680,CA-2017-121300,9/29/2017,10
MG-17695,CA-2014-139598,12/26/2014,1
MG-17695,CA-2014-139598,12/26/2014,2
MG-17695,CA-2014-139598,12/26/2014,3
MG-17695,CA-2014-139598,12/26/2014,4
MG-17695,US-2016-142685,6/23/2016,5
MG-17695,CA-2015-164007,6/8/2015,6
MG-17695,CA-2015-164007,6/8/2015,7
MG-17875,CA-2014-103744,2/23/2014,1
MG-17875,CA-2014-103744,2/23/2014,2
MG-17875,CA-2015-124975,6/22/2015,3
MG-17875,CA-2015-134992,9/22/2015,4
MG-17875,CA-2015-134992,9/22/2015,5
MG-17875,CA-2017-120705,9/5/2017,6
MG-17875,CA-2016-131499,9/8/2016,7
MG-17890,CA-2016-163972,10/17/2016,1
MG-17890,CA-2014-118276,12/29/2014,2
MG-17890,CA-2016-154053,3/4/2016,3
MG-17890,CA-2017-136672,3/7/2017,4
MG-17890,CA-2017-166933,4/24/2017,5
MG-17890,CA-2017-121125,5/30/2017,6
MG-17890,CA-2017-121125,5/30/2017,7
MG-17890,CA-2017-121125,5/30/2017,8
MG-17890,CA-2015-146948,7/16/2015,9
MG-17890,CA-2015-146948,7/16/2015,10
MG-17890,CA-2015-146948,7/16/2015,11
MG-17890,CA-2017-127712,8/31/2017,12
MG-17890,CA-2017-102967,9/22/2017,13
MG-18145,CA-2017-108574,10/7/2017,1
MG-18145,CA-2017-108574,10/7/2017,2
MG-18145,CA-2014-137274,3/29/2014,3
MG-18145,US-2015-138303,9/3/2015,4
MG-18145,US-2015-138303,9/3/2015,5
MG-18145,US-2015-138303,9/3/2015,6
MG-18205,CA-2017-115070,4/10/2017,1
MH-17290,US-2016-135209,12/29/2016,1
MH-17290,US-2016-135209,12/29/2016,2
MH-17290,US-2017-141558,3/11/2017,3
MH-17290,US-2017-141558,3/11/2017,4
MH-17290,US-2017-141558,3/11/2017,5
MH-17290,CA-2014-116785,4/26/2014,6
MH-17290,CA-2014-116785,4/26/2014,7
MH-17290,US-2016-108497,6/14/2016,8
MH-17290,CA-2015-137603,9/19/2015,9
MH-17290,CA-2017-169327,9/2/2017,10
MH-17290,CA-2017-169327,9/2/2017,11
MH-17290,CA-2017-169327,9/2/2017,12
MH-17440,CA-2016-141523,12/19/2016,1
MH-17440,CA-2016-141523,12/19/2016,2
MH-17440,CA-2014-104808,2/4/2014,3
MH-17440,CA-2016-163048,2/8/2016,4
MH-17440,US-2014-164763,3/17/2014,5
MH-17440,US-2014-164763,3/17/2014,6
MH-17440,US-2014-164763,3/17/2014,7
MH-17455,CA-2017-146269,10/6/2017,1
MH-17455,CA-2017-146269,10/6/2017,2
MH-17455,CA-2016-113341,11/25/2016,3
MH-17455,US-2016-143448,12/10/2016,4
MH-17455,CA-2014-160157,12/20/2014,5
MH-17455,CA-2017-154809,2/13/2017,6
MH-17455,CA-2015-100888,4/6/2015,7
MH-17455,CA-2014-133305,7/11/2014,8
MH-17455,CA-2014-133305,7/11/2014,9
MH-17455,CA-2017-136364,7/13/2017,10
MH-17455,CA-2017-136364,7/13/2017,11
MH-17620,CA-2015-156440,12/5/2015,1
MH-17620,CA-2017-130841,7/28/2017,2
MH-17620,CA-2017-130841,7/28/2017,3
MH-17620,CA-2017-130841,7/28/2017,4
MH-17620,CA-2016-132017,9/26/2016,5
MH-17620,CA-2016-153185,9/3/2016,6
MH-17785,CA-2015-138954,11/15/2015,1
MH-17785,CA-2015-138954,11/15/2015,2
MH-17785,CA-2015-138954,11/15/2015,3
MH-17785,CA-2014-124702,11/18/2014,4
MH-17785,CA-2014-124702,11/18/2014,5
MH-17785,CA-2015-154144,12/20/2015,6
MH-17785,CA-2016-108959,3/10/2016,7
MH-17785,CA-2014-124429,5/27/2014,8
MH-17785,CA-2014-124429,5/27/2014,9
MH-17785,CA-2017-103520,9/23/2017,10
MH-17785,CA-2014-159478,9/30/2014,11
MH-18025,CA-2017-103212,10/13/2017,1
MH-18025,CA-2017-103212,10/13/2017,2
MH-18025,CA-2017-103212,10/13/2017,3
MH-18025,CA-2017-115448,11/11/2017,4
MH-18025,CA-2017-125878,2/25/2017,5
MH-18025,CA-2015-148635,7/25/2015,6
MH-18025,CA-2015-148635,7/25/2015,7
MH-18025,CA-2015-148635,7/25/2015,8
MH-18025,CA-2015-148635,7/25/2015,9
MH-18025,CA-2014-150301,7/8/2014,10
MH-18115,CA-2017-127026,1/21/2017,1
MH-18115,CA-2017-127026,1/21/2017,2
MH-18115,CA-2017-127026,1/21/2017,3
MH-18115,CA-2017-127026,1/21/2017,4
MH-18115,CA-2017-127026,1/21/2017,5
MH-18115,US-2017-114657,11/16/2017,6
MH-18115,CA-2017-114055,12/25/2017,7
MH-18115,CA-2017-114055,12/25/2017,8
MH-18115,CA-2017-114055,12/25/2017,9
MH-18115,CA-2017-114055,12/25/2017,10
MH-18115,CA-2017-144638,3/10/2017,11
MH-18115,CA-2017-144638,3/10/2017,12
MH-18115,CA-2017-144638,3/10/2017,13
MH-18115,CA-2017-144638,3/10/2017,14
MH-18115,US-2017-108315,4/30/2017,15
MH-18115,US-2017-108315,4/30/2017,16
MH-18115,CA-2017-137785,5/13/2017,17
MH-18115,CA-2017-161088,5/25/2017,18
MH-18115,US-2016-160528,8/23/2016,19
MH-18115,US-2016-160528,8/23/2016,20
MH-18115,US-2016-160528,8/23/2016,21
MH-18115,CA-2017-121839,9/24/2017,22
MJ-17740,CA-2016-113817,11/7/2016,1
MJ-17740,US-2017-131961,12/8/2017,2
MJ-17740,US-2017-131961,12/8/2017,3
MJ-17740,CA-2017-147291,3/11/2017,4
MJ-17740,CA-2016-124149,4/23/2016,5
MJ-17740,CA-2016-124149,4/23/2016,6
MJ-17740,CA-2016-124149,4/23/2016,7
MJ-17740,CA-2016-100300,6/24/2016,8
MJ-17740,CA-2016-100300,6/24/2016,9
MJ-17740,CA-2016-100300,6/24/2016,10
MJ-17740,CA-2015-101868,6/9/2015,11
MJ-17740,CA-2015-101868,6/9/2015,12
MJ-17740,CA-2016-106397,7/7/2016,13
MJ-17740,CA-2016-106397,7/7/2016,14
MK-17905,CA-2016-155516,10/21/2016,1
MK-17905,CA-2016-155516,10/21/2016,2
MK-17905,CA-2016-155516,10/21/2016,3
MK-17905,CA-2016-155516,10/21/2016,4
MK-17905,CA-2014-161032,11/18/2014,5
MK-17905,CA-2015-107468,12/18/2015,6
MK-17905,CA-2017-164917,12/2/2017,7
MK-17905,US-2016-148901,5/14/2016,8
MK-17905,US-2016-148901,5/14/2016,9
MK-17905,US-2016-148901,5/14/2016,10
MK-17905,US-2016-148901,5/14/2016,11
MK-17905,US-2016-148901,5/14/2016,12
MK-17905,US-2016-148901,5/14/2016,13
MK-17905,US-2016-148901,5/14/2016,14
MK-17905,US-2017-132206,6/16/2017,15
MK-17905,CA-2017-100580,8/13/2017,16
MK-17905,CA-2016-132479,9/24/2016,17
MK-18160,US-2014-150574,12/19/2014,1
MK-18160,US-2014-150574,12/19/2014,2
MK-18160,US-2016-108455,12/2/2016,3
MK-18160,US-2016-108455,12/2/2016,4
MK-18160,US-2016-108455,12/2/2016,5
MK-18160,CA-2017-163209,5/3/2017,6
MK-18160,CA-2017-163209,5/3/2017,7
MK-18160,CA-2017-128755,5/4/2017,8
MK-18160,CA-2017-128755,5/4/2017,9
MK-18160,CA-2017-128755,5/4/2017,10
MK-18160,CA-2017-128755,5/4/2017,11
ML-17395,CA-2014-164742,10/13/2014,1
ML-17395,CA-2014-164742,10/13/2014,2
ML-17395,CA-2017-156363,10/22/2017,3
ML-17395,CA-2017-156363,10/22/2017,4
ML-17395,CA-2016-168830,11/7/2016,5
ML-17395,CA-2014-121762,2/14/2014,6
ML-17395,CA-2014-121762,2/14/2014,7
ML-17395,CA-2014-121762,2/14/2014,8
ML-17395,CA-2017-150602,2/9/2017,9
ML-17395,CA-2014-156349,5/26/2014,10
ML-17395,CA-2014-156349,5/26/2014,11
ML-17395,CA-2014-156349,5/26/2014,12
ML-17395,CA-2014-134215,8/4/2014,13
ML-17395,CA-2014-134215,8/4/2014,14
ML-17395,CA-2014-134215,8/4/2014,15
ML-17395,CA-2015-120845,9/25/2015,16
ML-17395,CA-2015-120845,9/25/2015,17
ML-17395,CA-2015-120845,9/25/2015,18
ML-17395,CA-2015-120845,9/25/2015,19
ML-17395,CA-2016-137673,9/5/2016,20
ML-17410,CA-2017-152079,1/20/2017,1
ML-17410,CA-2014-125556,11/14/2014,2
ML-17410,CA-2014-125556,11/14/2014,3
ML-17410,CA-2017-154109,11/6/2017,4
ML-17410,CA-2017-154109,11/6/2017,5
ML-17410,CA-2017-121580,5/29/2017,6
ML-17410,CA-2017-121580,5/29/2017,7
ML-17410,CA-2017-121580,5/29/2017,8
ML-17410,CA-2017-121580,5/29/2017,9
ML-17410,US-2017-142573,7/18/2017,10
ML-17410,US-2017-142573,7/18/2017,11
ML-17410,US-2017-142573,7/18/2017,12
ML-17410,US-2017-142573,7/18/2017,13
ML-17410,US-2017-142573,7/18/2017,14
ML-17410,CA-2016-125794,9/29/2016,15
ML-17755,CA-2017-143455,11/11/2017,1
ML-17755,US-2017-120089,11/30/2017,2
ML-17755,CA-2017-103968,12/1/2017,3
ML-17755,CA-2017-107265,4/6/2017,4
ML-17755,CA-2017-140242,5/6/2017,5
ML-17755,CA-2017-140242,5/6/2017,6
ML-17755,CA-2017-133648,6/25/2017,7
ML-17755,CA-2017-133648,6/25/2017,8
ML-17755,CA-2017-133648,6/25/2017,9
ML-17755,CA-2016-110254,8/4/2016,10
ML-17755,CA-2016-110254,8/4/2016,11
ML-17755,CA-2016-110254,8/4/2016,12
ML-17755,CA-2016-110254,8/4/2016,13
ML-18040,CA-2017-168655,10/12/2017,1
ML-18040,CA-2017-168655,10/12/2017,2
ML-18040,CA-2017-158953,6/4/2017,3
ML-18265,CA-2015-136224,5/31/2015,1
ML-18265,CA-2017-132262,9/21/2017,2
ML-18265,CA-2017-132262,9/21/2017,3
MM-17260,CA-2017-138156,2/11/2017,1
MM-17260,CA-2014-108861,5/28/2014,2
MM-17260,CA-2017-166142,7/15/2017,3
MM-17260,CA-2017-166142,7/15/2017,4
MM-17260,CA-2016-120355,9/18/2016,5
MM-17260,CA-2016-120355,9/18/2016,6
MM-17920,US-2015-157154,1/10/2015,1
MM-17920,CA-2014-118192,1/13/2014,2
MM-17920,CA-2014-118192,1/13/2014,3
MM-17920,CA-2017-164329,1/30/2017,4
MM-17920,CA-2017-128160,12/19/2017,5
MM-17920,CA-2017-121216,12/23/2017,6
MM-17920,CA-2017-121216,12/23/2017,7
MM-17920,CA-2016-122063,12/3/2016,8
MM-17920,CA-2016-122063,12/3/2016,9
MM-17920,CA-2016-101329,4/22/2016,10
MM-17920,CA-2016-101329,4/22/2016,11
MM-17920,CA-2014-101266,8/27/2014,12
MM-17920,CA-2014-115049,9/26/2014,13
MM-17920,CA-2017-117394,9/4/2017,14
MM-17920,US-2016-121013,9/5/2016,15
MM-17920,US-2016-121013,9/5/2016,16
MM-18055,CA-2017-127285,10/30/2017,1
MM-18055,CA-2017-127285,10/30/2017,2
MM-18055,US-2015-165743,11/20/2015,3
MM-18055,US-2015-165743,11/20/2015,4
MM-18055,US-2015-165743,11/20/2015,5
MM-18055,CA-2014-110555,4/11/2014,6
MM-18055,CA-2014-110555,4/11/2014,7
MM-18055,CA-2014-110555,4/11/2014,8
MM-18055,CA-2014-144029,5/26/2014,9
MM-18055,CA-2014-144029,5/26/2014,10
MM-18055,CA-2014-144029,5/26/2014,11
MM-18055,US-2017-104451,5/8/2017,12
MM-18055,US-2015-141684,6/29/2015,13
MM-18055,CA-2017-164378,7/15/2017,14
MM-18055,CA-2017-164378,7/15/2017,15
MM-18055,CA-2017-164378,7/15/2017,16
MM-18055,CA-2017-164378,7/15/2017,17
MM-18055,CA-2017-164378,7/15/2017,18
MM-18055,US-2017-124968,9/8/2017,19
MM-18280,US-2014-147774,1/20/2014,1
MM-18280,CA-2017-109099,10/6/2017,2
MM-18280,CA-2015-119592,12/14/2015,3
MM-18280,CA-2016-124793,3/14/2016,4
MM-18280,CA-2015-132941,5/25/2015,5
MM-18280,CA-2015-132941,5/25/2015,6
MM-18280,CA-2015-132941,5/25/2015,7
MM-18280,CA-2017-112172,6/10/2017,8
MM-18280,CA-2017-148068,9/18/2017,9
MM-18280,CA-2017-148068,9/18/2017,10
MM-18280,CA-2015-168760,9/22/2015,11
MM-18280,US-2016-134656,9/28/2016,12
MN-17935,CA-2017-165204,11/13/2017,1
MN-17935,CA-2017-100097,11/26/2017,2
MN-17935,CA-2017-100097,11/26/2017,3
MN-17935,CA-2017-123659,2/10/2017,4
MN-17935,CA-2014-122567,2/16/2014,5
MN-17935,CA-2014-122567,2/16/2014,6
MN-17935,CA-2016-165673,5/15/2016,7
MN-17935,CA-2014-123225,7/11/2014,8
MN-17935,CA-2014-123225,7/11/2014,9
MO-17500,CA-2017-117653,10/19/2017,1
MO-17500,CA-2016-121601,10/4/2016,2
MO-17500,CA-2014-121167,11/28/2014,3
MO-17500,CA-2016-102981,9/6/2016,4
MO-17500,CA-2016-102981,9/6/2016,5
MO-17800,CA-2015-139094,11/22/2015,1
MO-17800,CA-2017-145506,6/3/2017,2
MO-17800,US-2017-106663,6/9/2017,3
MO-17800,US-2017-106663,6/9/2017,4
MO-17800,CA-2016-128727,8/29/2016,5
MO-17800,CA-2017-163020,9/15/2017,6
MO-17800,CA-2015-133025,9/17/2015,7
MO-17800,CA-2017-157931,9/17/2017,8
MO-17800,CA-2017-157931,9/17/2017,9
MO-17950,US-2015-122140,4/2/2015,1
MO-17950,US-2015-122140,4/2/2015,2
MO-17950,US-2015-122140,4/2/2015,3
MO-17950,US-2017-166233,7/3/2017,4
MP-17470,CA-2016-141887,1/11/2016,1
MP-17470,CA-2015-102281,10/12/2015,2
MP-17470,CA-2015-102281,10/12/2015,3
MP-17470,CA-2015-102281,10/12/2015,4
MP-17470,CA-2015-102281,10/12/2015,5
MP-17470,CA-2015-102281,10/12/2015,6
MP-17470,CA-2014-145926,11/17/2014,7
MP-17470,CA-2015-147851,12/3/2015,8
MP-17470,CA-2014-162089,3/30/2014,9
MP-17470,CA-2014-162089,3/30/2014,10
MP-17470,CA-2014-162089,3/30/2014,11
MP-17470,CA-2015-103772,6/28/2015,12
MP-17470,CA-2015-103772,6/28/2015,13
MP-17470,CA-2014-147914,6/4/2014,14
MP-17965,CA-2015-110765,10/16/2015,1
MP-17965,CA-2017-125388,10/19/2017,2
MP-17965,CA-2017-125388,10/19/2017,3
MP-17965,US-2015-145121,10/2/2015,4
MP-17965,CA-2016-116974,10/9/2016,5
MP-17965,CA-2016-142335,12/15/2016,6
MP-17965,CA-2016-142335,12/15/2016,7
MP-17965,CA-2016-139689,12/29/2016,8
MP-17965,CA-2016-139689,12/29/2016,9
MP-17965,US-2015-163433,4/18/2015,10
MP-17965,US-2015-163433,4/18/2015,11
MP-17965,US-2015-163433,4/18/2015,12
MP-17965,US-2015-163433,4/18/2015,13
MP-17965,US-2015-163433,4/18/2015,14
MP-17965,US-2015-163433,4/18/2015,15
MP-17965,US-2015-163433,4/18/2015,16
MP-17965,US-2015-163433,4/18/2015,17
MP-17965,US-2015-163433,4/18/2015,18
MP-17965,US-2015-149629,7/17/2015,19
MP-17965,CA-2017-155152,7/7/2017,20
MP-18175,CA-2017-167661,10/5/2017,1
MP-18175,CA-2017-167661,10/5/2017,2
MP-18175,CA-2017-167661,10/5/2017,3
MP-18175,CA-2015-135685,11/16/2015,4
MP-18175,CA-2015-135685,11/16/2015,5
MP-18175,CA-2015-135685,11/16/2015,6
MP-18175,CA-2015-135685,11/16/2015,7
MP-18175,CA-2015-135685,11/16/2015,8
MP-18175,CA-2014-119151,11/25/2014,9
MP-18175,CA-2014-119151,11/25/2014,10
MP-18175,CA-2017-169859,12/14/2017,11
MP-18175,CA-2017-169859,12/14/2017,12
MP-18175,CA-2017-169859,12/14/2017,13
MP-18175,US-2016-127334,12/15/2016,14
MP-18175,US-2016-127334,12/15/2016,15
MP-18175,CA-2016-163636,12/5/2016,16
MP-18175,CA-2015-166338,12/6/2015,17
MP-18175,CA-2017-124086,2/10/2017,18
MP-18175,US-2014-117380,3/28/2014,19
MR-17545,CA-2014-117429,10/7/2014,1
MR-17545,CA-2017-111759,7/8/2017,2
MR-17545,US-2017-139465,8/27/2017,3
MR-17545,US-2017-139465,8/27/2017,4
MR-17545,US-2017-139465,8/27/2017,5
MR-17545,US-2014-120236,9/3/2014,6
MS-17365,CA-2016-150658,11/17/2016,1
MS-17365,CA-2016-107104,11/26/2016,2
MS-17365,CA-2016-107104,11/26/2016,3
MS-17365,CA-2016-107104,11/26/2016,4
MS-17365,CA-2014-120278,11/7/2014,5
MS-17365,CA-2014-120278,11/7/2014,6
MS-17365,CA-2014-120278,11/7/2014,7
MS-17365,CA-2014-120278,11/7/2014,8
MS-17365,CA-2015-120103,12/24/2015,9
MS-17365,CA-2015-120103,12/24/2015,10
MS-17365,CA-2015-120103,12/24/2015,11
MS-17365,CA-2015-130659,12/4/2015,12
MS-17365,CA-2015-130659,12/4/2015,13
MS-17365,CA-2015-130659,12/4/2015,14
MS-17365,CA-2016-150077,2/4/2016,15
MS-17365,CA-2015-140221,3/5/2015,16
MS-17365,CA-2015-140221,3/5/2015,17
MS-17365,CA-2015-140221,3/5/2015,18
MS-17365,CA-2015-140221,3/5/2015,19
MS-17365,CA-2017-147942,4/1/2017,20
MS-17365,CA-2017-147942,4/1/2017,21
MS-17365,CA-2014-127488,9/22/2014,22
MS-17365,CA-2014-144407,9/9/2014,23
MS-17530,CA-2016-169887,10/22/2016,1
MS-17530,CA-2016-169887,10/22/2016,2
MS-17530,CA-2016-169887,10/22/2016,3
MS-17530,CA-2015-108119,11/1/2015,4
MS-17530,CA-2014-133809,11/18/2014,5
MS-17530,CA-2014-133809,11/18/2014,6
MS-17530,CA-2014-149244,11/4/2014,7
MS-17710,CA-2016-134348,11/12/2016,1
MS-17710,CA-2016-134348,11/12/2016,2
MS-17710,CA-2016-134348,11/12/2016,3
MS-17710,CA-2015-134257,3/16/2015,4
MS-17710,CA-2015-134257,3/16/2015,5
MS-17710,CA-2014-143637,3/24/2014,6
MS-17710,CA-2014-133228,4/4/2014,7
MS-17710,CA-2014-133228,4/4/2014,8
MS-17710,CA-2016-119186,5/26/2016,9
MS-17710,CA-2016-119186,5/26/2016,10
MS-17710,CA-2016-119186,5/26/2016,11
MS-17710,CA-2016-119186,5/26/2016,12
MS-17710,CA-2015-123939,8/24/2015,13
MS-17710,CA-2015-123939,8/24/2015,14
MS-17710,CA-2015-123939,8/24/2015,15
MS-17770,CA-2015-164623,10/20/2015,1
MS-17770,US-2016-144547,11/10/2016,2
MS-17770,CA-2014-119032,11/27/2014,3
MS-17770,CA-2014-137589,11/3/2014,4
MS-17770,CA-2015-135020,5/28/2015,5
MS-17770,CA-2015-135020,5/28/2015,6
MS-17770,CA-2015-135020,5/28/2015,7
MS-17770,CA-2014-138709,7/4/2014,8
MS-17770,CA-2014-138709,7/4/2014,9
MS-17770,US-2014-164616,8/19/2014,10
MS-17770,US-2014-164616,8/19/2014,11
MS-17770,CA-2016-150350,8/23/2016,12
MS-17770,CA-2016-150350,8/23/2016,13
MS-17770,CA-2016-150350,8/23/2016,14
MS-17770,CA-2016-150350,8/23/2016,15
MS-17770,CA-2016-150350,8/23/2016,16
MS-17770,CA-2016-150350,8/23/2016,17
MS-17770,CA-2017-132619,8/31/2017,18
MS-17830,CA-2014-135405,1/9/2014,1
MS-17830,CA-2014-135405,1/9/2014,2
MS-17830,CA-2016-131296,10/4/2016,3
MS-17830,CA-2015-135272,12/7/2015,4
MS-17830,CA-2015-124044,7/23/2015,5
MS-17980,CA-2015-142377,12/4/2015,1
MS-17980,CA-2017-117667,12/4/2017,2
MS-17980,CA-2017-117667,12/4/2017,3
MS-17980,CA-2017-117667,12/4/2017,4
MS-17980,CA-2017-117667,12/4/2017,5
MS-17980,CA-2017-117667,12/4/2017,6
MS-17980,CA-2015-101007,2/9/2015,7
MS-17980,CA-2015-153906,3/16/2015,8
MS-17980,CA-2014-116757,6/30/2014,9
MS-17980,CA-2014-116757,6/30/2014,10
MS-17980,CA-2015-160794,8/6/2015,11
MT-17815,CA-2017-154137,11/11/2017,1
MT-17815,CA-2015-105312,11/6/2015,2
MT-17815,CA-2015-105312,11/6/2015,3
MT-17815,CA-2015-127502,12/10/2015,4
MT-17815,CA-2016-162726,12/27/2016,5
MT-17815,CA-2016-162726,12/27/2016,6
MT-17815,US-2017-146906,3/13/2017,7
MT-17815,CA-2016-104157,7/25/2016,8
MT-17815,CA-2016-104157,7/25/2016,9
MT-17815,CA-2016-104157,7/25/2016,10
MT-18070,CA-2015-156608,10/24/2015,1
MT-18070,CA-2017-140963,6/10/2017,2
MT-18070,CA-2017-140963,6/10/2017,3
MT-18070,CA-2017-140963,6/10/2017,4
MT-18070,CA-2016-128671,8/11/2016,5
MT-18070,CA-2016-128671,8/11/2016,6
MT-18070,CA-2016-128671,8/11/2016,7
MT-18070,US-2014-112914,9/25/2014,8
MT-18070,US-2014-112914,9/25/2014,9
MT-18070,US-2014-112914,9/25/2014,10
MT-18070,US-2014-112914,9/25/2014,11
MV-17485,CA-2014-148614,1/20/2014,1
MV-17485,CA-2014-148614,1/20/2014,2
MV-17485,CA-2017-169894,11/24/2017,3
MV-17485,CA-2017-169894,11/24/2017,4
MV-17485,CA-2017-103415,12/3/2017,5
MV-17485,CA-2017-122994,2/6/2017,6
MV-17485,CA-2017-122308,3/24/2017,7
MV-17485,CA-2016-161361,3/26/2016,8
MV-17485,CA-2015-132948,3/27/2015,9
MV-17485,CA-2015-119690,6/25/2015,10
MV-17485,CA-2015-119690,6/25/2015,11
MV-17485,CA-2015-119690,6/25/2015,12
MV-17485,CA-2015-119690,6/25/2015,13
MV-17485,CA-2016-133319,9/5/2016,14
MV-18190,CA-2014-134103,1/30/2014,1
MV-18190,CA-2014-134103,1/30/2014,2
MV-18190,CA-2016-114895,11/21/2016,3
MV-18190,CA-2016-127698,12/1/2016,4
MV-18190,CA-2017-101798,12/11/2017,5
MV-18190,CA-2017-101798,12/11/2017,6
MV-18190,CA-2015-120320,3/5/2015,7
MV-18190,CA-2016-123512,6/17/2016,8
MV-18190,CA-2016-123512,6/17/2016,9
MV-18190,CA-2016-123512,6/17/2016,10
MV-18190,CA-2015-107020,7/10/2015,11
MW-18220,CA-2014-150518,11/19/2014,1
MW-18220,CA-2014-150518,11/19/2014,2
MW-18220,CA-2017-107986,12/13/2017,3
MW-18220,US-2015-137960,12/18/2015,4
MW-18220,CA-2016-138667,12/27/2016,5
MW-18220,CA-2015-164336,7/5/2015,6
MW-18220,CA-2015-164336,7/5/2015,7
MW-18220,CA-2014-103660,8/25/2014,8
MW-18220,CA-2014-125997,9/20/2014,9
MW-18220,CA-2014-125997,9/20/2014,10
MW-18220,CA-2014-125997,9/20/2014,11
MW-18220,CA-2014-125997,9/20/2014,12
MW-18220,CA-2014-125997,9/20/2014,13
MW-18220,CA-2014-125997,9/20/2014,14
MW-18235,CA-2017-136308,11/16/2017,1
MW-18235,CA-2014-117639,5/21/2014,2
MW-18235,CA-2014-117639,5/21/2014,3
MY-17380,CA-2017-132234,10/16/2017,1
MY-17380,CA-2015-139290,10/26/2015,2
MY-17380,US-2017-128118,11/24/2017,3
MY-17380,CA-2017-138618,12/1/2017,4
MY-17380,CA-2017-163902,3/2/2017,5
MY-17380,CA-2017-163902,3/2/2017,6
MY-17380,US-2016-105578,5/30/2016,7
MY-17380,US-2016-105578,5/30/2016,8
MY-17380,US-2016-105578,5/30/2016,9
MY-17380,US-2016-105578,5/30/2016,10
MY-17380,US-2016-105578,5/30/2016,11
MY-17380,US-2017-101721,7/23/2017,12
MY-18295,CA-2016-139549,10/20/2016,1
MY-18295,US-2017-115252,10/20/2017,2
MY-18295,US-2017-115252,10/20/2017,3
MY-18295,CA-2016-151169,10/21/2016,4
MY-18295,CA-2014-105984,11/24/2014,5
MY-18295,CA-2014-105984,11/24/2014,6
MY-18295,CA-2016-164770,12/2/2016,7
MY-18295,CA-2016-164770,12/2/2016,8
MY-18295,CA-2016-149272,3/15/2016,9
MY-18295,CA-2016-149272,3/15/2016,10
MY-18295,US-2016-160206,4/1/2016,11
MY-18295,US-2016-132423,4/15/2016,12
MY-18295,US-2016-132423,4/15/2016,13
MY-18295,CA-2014-118976,4/28/2014,14
MY-18295,CA-2014-118976,4/28/2014,15
MY-18295,CA-2014-118976,4/28/2014,16
MY-18295,CA-2014-118976,4/28/2014,17
MY-18295,CA-2017-133067,5/4/2017,18
MY-18295,CA-2017-167626,9/3/2017,19
MZ-17335,CA-2016-114748,10/9/2016,1
MZ-17335,CA-2017-107314,11/30/2017,2
MZ-17335,CA-2015-117611,11/8/2015,3
MZ-17335,CA-2015-117611,11/8/2015,4
MZ-17335,CA-2017-147144,3/26/2017,5
MZ-17515,CA-2015-125178,10/3/2015,1
MZ-17515,CA-2015-131457,10/31/2015,2
MZ-17515,CA-2014-128524,11/11/2014,3
MZ-17515,CA-2014-128524,11/11/2014,4
MZ-17515,CA-2014-128524,11/11/2014,5
MZ-17515,CA-2017-136511,3/23/2017,6
MZ-17515,US-2014-128685,4/4/2014,7
MZ-17515,CA-2016-169922,6/11/2016,8
MZ-17515,CA-2016-169922,6/11/2016,9
MZ-17515,CA-2016-169922,6/11/2016,10
NB-18580,CA-2014-151967,10/22/2014,1
NB-18580,CA-2014-164385,9/26/2014,2
NB-18655,CA-2016-132066,10/16/2016,1
NB-18655,CA-2017-110310,10/27/2017,2
NB-18655,CA-2017-110310,10/27/2017,3
NB-18655,CA-2017-110310,10/27/2017,4
NB-18655,CA-2015-110289,10/29/2015,5
NB-18655,CA-2015-110289,10/29/2015,6
NB-18655,CA-2017-107825,11/18/2017,7
NB-18655,CA-2017-107825,11/18/2017,8
NB-18655,CA-2017-107825,11/18/2017,9
NB-18655,CA-2017-107825,11/18/2017,10
NB-18655,US-2017-125213,12/11/2017,11
NB-18655,CA-2014-125542,12/5/2014,12
NB-18655,CA-2014-125542,12/5/2014,13
NB-18655,CA-2015-101126,2/10/2015,14
NB-18655,CA-2016-161816,4/28/2016,15
NB-18655,CA-2016-161816,4/28/2016,16
NB-18655,CA-2016-140928,9/18/2016,17
NC-18340,CA-2016-124485,11/24/2016,1
NC-18340,CA-2016-124485,11/24/2016,2
NC-18340,CA-2016-124485,11/24/2016,3
NC-18340,CA-2016-124485,11/24/2016,4
NC-18340,US-2014-113124,3/30/2014,5
NC-18340,CA-2015-112452,4/4/2015,6
NC-18340,CA-2015-112452,4/4/2015,7
NC-18340,CA-2015-112452,4/4/2015,8
NC-18340,CA-2015-112452,4/4/2015,9
NC-18340,CA-2015-112452,4/4/2015,10
NC-18340,CA-2017-111332,5/20/2017,11
NC-18340,CA-2017-111332,5/20/2017,12
NC-18340,CA-2017-111332,5/20/2017,13
NC-18340,CA-2017-111332,5/20/2017,14
NC-18340,CA-2017-111332,5/20/2017,15
NC-18340,CA-2014-111899,5/4/2014,16
NC-18340,CA-2014-111899,5/4/2014,17
NC-18415,CA-2016-156503,10/14/2016,1
NC-18415,CA-2016-156503,10/14/2016,2
NC-18415,CA-2016-156503,10/14/2016,3
NC-18415,CA-2016-156503,10/14/2016,4
NC-18415,CA-2016-156503,10/14/2016,5
NC-18415,CA-2016-156503,10/14/2016,6
NC-18415,CA-2017-131254,11/19/2017,7
NC-18415,CA-2017-131254,11/19/2017,8
NC-18415,CA-2017-131254,11/19/2017,9
NC-18415,CA-2014-165393,12/27/2014,10
NC-18415,US-2015-113593,4/18/2015,11
NC-18415,CA-2014-135755,5/3/2014,12
NC-18415,CA-2014-135755,5/3/2014,13
NC-18415,CA-2015-144190,6/9/2015,14
NC-18535,CA-2017-163874,11/10/2017,1
NC-18535,US-2016-131674,11/29/2016,2
NC-18535,CA-2017-148355,12/24/2017,3
NC-18535,CA-2017-148355,12/24/2017,4
NC-18535,CA-2017-139402,12/9/2017,5
NC-18535,CA-2017-139402,12/9/2017,6
NC-18535,CA-2017-149881,4/1/2017,7
NC-18535,CA-2017-149881,4/1/2017,8
NC-18535,CA-2014-145254,7/23/2014,9
NC-18535,CA-2014-145254,7/23/2014,10
NC-18535,CA-2014-145254,7/23/2014,11
NC-18535,CA-2014-145254,7/23/2014,12
NC-18535,CA-2014-114321,8/20/2014,13
NC-18535,CA-2014-114321,8/20/2014,14
NC-18535,CA-2014-114321,8/20/2014,15
NC-18625,US-2016-100839,10/13/2016,1
NC-18625,US-2016-100839,10/13/2016,2
NC-18625,CA-2014-166590,10/29/2014,3
NC-18625,CA-2014-166590,10/29/2014,4
NC-18625,CA-2017-169404,4/9/2017,5
NC-18625,CA-2017-169404,4/9/2017,6
NC-18625,CA-2015-116687,5/2/2015,7
NC-18625,CA-2015-116687,5/2/2015,8
NC-18625,CA-2017-100951,6/9/2017,9
ND-18370,CA-2014-109232,1/13/2014,1
ND-18370,US-2017-117331,10/21/2017,2
ND-18370,CA-2014-148915,11/1/2014,3
ND-18370,CA-2014-148915,11/1/2014,4
ND-18370,CA-2016-130778,11/19/2016,5
ND-18370,CA-2017-128699,12/3/2017,6
ND-18370,CA-2017-105410,3/19/2017,7
ND-18370,CA-2017-105410,3/19/2017,8
ND-18370,CA-2017-105410,3/19/2017,9
ND-18370,CA-2017-105410,3/19/2017,10
ND-18370,US-2017-156356,4/16/2017,11
ND-18370,US-2017-156356,4/16/2017,12
ND-18370,US-2017-156356,4/16/2017,13
ND-18370,CA-2016-145247,5/5/2016,14
ND-18370,CA-2015-114069,7/13/2015,15
ND-18370,CA-2015-114069,7/13/2015,16
ND-18370,CA-2015-114069,7/13/2015,17
ND-18460,CA-2014-131905,2/6/2014,1
ND-18460,CA-2014-131905,2/6/2014,2
ND-18460,CA-2014-131905,2/6/2014,3
ND-18460,CA-2017-127803,5/19/2017,4
ND-18460,CA-2017-107167,6/10/2017,5
ND-18460,CA-2017-164112,6/30/2017,6
ND-18460,US-2015-140851,7/13/2015,7
ND-18460,CA-2014-138177,9/19/2014,8
NF-18385,CA-2017-130505,10/12/2017,1
NF-18385,CA-2015-147830,12/15/2015,2
NF-18385,CA-2015-147830,12/15/2015,3
NF-18385,CA-2015-147830,12/15/2015,4
NF-18385,CA-2015-147830,12/15/2015,5
NF-18385,CA-2014-127614,2/11/2014,6
NF-18385,CA-2014-127614,2/11/2014,7
NF-18385,CA-2014-127614,2/11/2014,8
NF-18385,US-2017-152842,7/16/2017,9
NF-18385,CA-2016-113551,8/18/2016,10
NF-18385,CA-2016-113551,8/18/2016,11
NF-18385,CA-2017-155705,8/21/2017,12
NF-18385,US-2016-157945,9/26/2016,13
NF-18385,US-2016-157945,9/26/2016,14
NF-18475,US-2014-132745,10/1/2014,1
NF-18475,CA-2014-100293,3/14/2014,2
NF-18475,US-2015-100069,6/29/2015,3
NF-18475,CA-2016-162404,7/23/2016,4
NF-18595,US-2015-139675,3/13/2015,1
NF-18595,US-2015-139675,3/13/2015,2
NF-18595,CA-2014-169460,4/19/2014,3
NF-18595,CA-2015-110667,4/4/2015,4
NF-18595,CA-2015-110667,4/4/2015,5
NF-18595,CA-2015-110667,4/4/2015,6
NF-18595,CA-2015-110667,4/4/2015,7
NF-18595,CA-2015-160864,5/3/2015,8
NF-18595,CA-2017-151358,8/18/2017,9
NF-18595,CA-2017-100335,9/7/2017,10
NF-18595,US-2014-131870,9/9/2014,11
NF-18595,US-2014-131870,9/9/2014,12
NG-18355,US-2017-116659,11/12/2017,1
NG-18355,CA-2014-100762,11/24/2014,2
NG-18355,CA-2014-100762,11/24/2014,3
NG-18355,CA-2014-100762,11/24/2014,4
NG-18355,CA-2014-100762,11/24/2014,5
NG-18355,CA-2017-120019,2/16/2017,6
NG-18355,CA-2017-120019,2/16/2017,7
NG-18355,CA-2017-117947,8/18/2017,8
NG-18355,CA-2017-117947,8/18/2017,9
NG-18355,CA-2017-117947,8/18/2017,10
NG-18355,CA-2017-117947,8/18/2017,11
NG-18355,CA-2017-117947,8/18/2017,12
NG-18355,US-2015-130519,9/15/2015,13
NG-18355,US-2015-130519,9/15/2015,14
NG-18355,US-2015-130519,9/15/2015,15
NG-18355,US-2015-130519,9/15/2015,16
NG-18430,CA-2017-130386,11/12/2017,1
NG-18430,CA-2017-130386,11/12/2017,2
NG-18430,CA-2017-130386,11/12/2017,3
NG-18430,CA-2015-137708,11/22/2015,4
NG-18430,CA-2015-137708,11/22/2015,5
NG-18430,CA-2015-137708,11/22/2015,6
NG-18430,CA-2014-115973,11/24/2014,7
NG-18430,CA-2015-103961,11/5/2015,8
NG-18430,CA-2014-122749,12/3/2014,9
NH-18610,CA-2015-113901,10/19/2015,1
NH-18610,CA-2015-113901,10/19/2015,2
NH-18610,CA-2017-122693,2/19/2017,3
NH-18610,CA-2014-111157,3/2/2014,4
NH-18610,CA-2014-111157,3/2/2014,5
NH-18610,US-2017-136721,4/8/2017,6
NH-18610,US-2017-136721,4/8/2017,7
NH-18610,CA-2017-100384,6/24/2017,8
NH-18610,CA-2017-100384,6/24/2017,9
NH-18610,CA-2015-147102,9/19/2015,10
NH-18610,CA-2016-123722,9/25/2016,11
NK-18490,CA-2017-126536,10/12/2017,1
NK-18490,CA-2017-126536,10/12/2017,2
NK-18490,CA-2016-141586,10/17/2016,3
NK-18490,CA-2017-148166,10/21/2017,4
NK-18490,CA-2015-118948,5/28/2015,5
NK-18490,CA-2017-162712,6/18/2017,6
NK-18490,CA-2016-102561,7/18/2016,7
NK-18490,CA-2016-102561,7/18/2016,8
NK-18490,CA-2016-102561,7/18/2016,9
NK-18490,CA-2017-130148,9/24/2017,10
NK-18490,CA-2017-130148,9/24/2017,11
NL-18310,US-2014-120313,10/31/2014,1
NL-18310,US-2017-163790,11/2/2017,2
NL-18310,US-2017-163790,11/2/2017,3
NL-18310,US-2017-163790,11/2/2017,4
NL-18310,US-2017-163790,11/2/2017,5
NL-18310,US-2017-163790,11/2/2017,6
NL-18310,US-2017-163790,11/2/2017,7
NL-18310,CA-2016-147473,5/30/2016,8
NL-18310,US-2015-139759,8/25/2015,9
NL-18310,US-2015-139759,8/25/2015,10
NM-18445,CA-2014-164973,11/4/2014,1
NM-18445,CA-2014-164973,11/4/2014,2
NM-18445,CA-2014-164973,11/4/2014,3
NM-18445,CA-2014-164973,11/4/2014,4
NM-18445,CA-2014-164973,11/4/2014,5
NM-18445,CA-2014-125759,2/8/2014,6
NM-18445,CA-2014-111857,4/23/2014,7
NM-18445,CA-2014-150581,4/8/2014,8
NM-18445,CA-2014-150581,4/8/2014,9
NM-18445,CA-2015-136805,5/23/2015,10
NM-18445,CA-2015-136805,5/23/2015,11
NM-18445,US-2015-152128,5/25/2015,12
NM-18445,US-2015-152128,5/25/2015,13
NM-18445,CA-2017-125367,7/23/2017,14
NM-18520,CA-2016-158806,1/7/2016,1
NM-18520,CA-2016-158806,1/7/2016,2
NM-18520,US-2015-105676,12/1/2015,3
NM-18520,CA-2016-136049,12/23/2016,4
NM-18520,CA-2016-153598,12/3/2016,5
NM-18520,CA-2016-153598,12/3/2016,6
NM-18520,US-2017-107636,4/30/2017,7
NM-18520,CA-2016-168844,5/31/2016,8
NM-18520,CA-2016-168844,5/31/2016,9
NM-18520,US-2015-100531,9/27/2015,10
NM-18520,US-2015-100531,9/27/2015,11
NM-18520,CA-2015-162166,9/8/2015,12
NM-18520,CA-2015-162166,9/8/2015,13
NP-18325,CA-2017-126865,12/5/2017,1
NP-18325,CA-2015-143490,12/6/2015,2
NP-18325,CA-2015-143490,12/6/2015,3
NP-18325,CA-2014-114433,5/13/2014,4
NP-18325,US-2014-117135,6/21/2014,5
NP-18325,US-2014-117135,6/21/2014,6
NP-18325,US-2014-117135,6/21/2014,7
NP-18325,CA-2014-117464,7/22/2014,8
NP-18325,CA-2014-117464,7/22/2014,9
NP-18325,CA-2014-117464,7/22/2014,10
NP-18325,CA-2014-117464,7/22/2014,11
NP-18325,CA-2015-131338,8/9/2015,12
NP-18325,CA-2015-131338,8/9/2015,13
NP-18325,CA-2015-131338,8/9/2015,14
NP-18325,CA-2015-131338,8/9/2015,15
NP-18325,CA-2015-131338,8/9/2015,16
NP-18325,CA-2015-131338,8/9/2015,17
NP-18325,CA-2015-131338,8/9/2015,18
NP-18325,CA-2015-131338,8/9/2015,19
NP-18325,CA-2015-131338,8/9/2015,20
NP-18325,CA-2015-131338,8/9/2015,21
NP-18670,CA-2017-150091,10/12/2017,1
NP-18670,CA-2017-150091,10/12/2017,2
NP-18670,CA-2017-150091,10/12/2017,3
NP-18670,CA-2017-150091,10/12/2017,4
NP-18670,CA-2017-167227,11/2/2017,5
NP-18670,CA-2016-114104,11/20/2016,6
NP-18670,CA-2016-114104,11/20/2016,7
NP-18670,CA-2015-138485,2/27/2015,8
NP-18670,CA-2016-162110,7/18/2016,9
NP-18685,CA-2015-125696,10/2/2015,1
NP-18685,CA-2016-113138,11/19/2016,2
NP-18685,CA-2016-113138,11/19/2016,3
NP-18685,CA-2015-156104,12/6/2015,4
NP-18685,US-2014-131982,3/7/2014,5
NP-18685,CA-2015-141768,5/25/2015,6
NP-18685,CA-2016-166653,9/22/2016,7
NP-18700,CA-2016-125094,11/5/2016,1
NP-18700,CA-2014-168494,12/12/2014,2
NP-18700,CA-2014-168494,12/12/2014,3
NP-18700,CA-2014-168494,12/12/2014,4
NP-18700,CA-2014-142510,12/22/2014,5
NP-18700,CA-2014-142510,12/22/2014,6
NP-18700,CA-2014-142510,12/22/2014,7
NP-18700,CA-2017-138310,6/26/2017,8
NP-18700,CA-2016-105459,8/12/2016,9
NP-18700,CA-2016-105459,8/12/2016,10
NP-18700,CA-2017-169264,8/14/2017,11
NP-18700,CA-2017-169264,8/14/2017,12
NP-18700,CA-2014-106572,9/5/2014,13
NR-18550,CA-2016-152688,10/17/2016,1
NR-18550,CA-2016-152688,10/17/2016,2
NR-18550,CA-2016-109400,5/2/2016,3
NR-18550,CA-2017-140872,6/3/2017,4
NR-18550,CA-2017-140872,6/3/2017,5
NR-18550,CA-2017-140872,6/3/2017,6
NR-18550,CA-2017-140872,6/3/2017,7
NR-18550,CA-2017-140872,6/3/2017,8
NR-18550,CA-2017-140872,6/3/2017,9
NR-18550,CA-2017-140872,6/3/2017,10
NR-18550,CA-2017-140872,6/3/2017,11
NR-18550,CA-2014-106229,6/7/2014,12
NS-18505,CA-2017-153045,1/19/2017,1
NS-18505,CA-2017-153045,1/19/2017,2
NS-18505,CA-2017-153045,1/19/2017,3
NS-18505,CA-2017-153045,1/19/2017,4
NS-18505,CA-2017-129378,10/1/2017,5
NS-18505,CA-2017-129378,10/1/2017,6
NS-18505,CA-2017-129378,10/1/2017,7
NS-18505,CA-2017-129378,10/1/2017,8
NS-18505,CA-2016-128531,11/24/2016,9
NS-18505,CA-2016-128531,11/24/2016,10
NS-18505,CA-2016-128531,11/24/2016,11
NS-18505,CA-2016-128531,11/24/2016,12
NS-18505,CA-2016-128531,11/24/2016,13
NS-18505,CA-2016-128531,11/24/2016,14
NS-18505,CA-2017-121195,12/24/2017,15
NS-18640,US-2015-160563,10/20/2015,1
NS-18640,US-2015-160563,10/20/2015,2
NS-18640,CA-2015-108259,11/8/2015,3
NS-18640,CA-2015-108259,11/8/2015,4
NS-18640,CA-2015-108259,11/8/2015,5
NS-18640,CA-2015-108259,11/8/2015,6
NS-18640,CA-2016-162187,12/11/2016,7
NS-18640,CA-2016-162187,12/11/2016,8
NS-18640,CA-2016-162187,12/11/2016,9
NS-18640,CA-2016-162187,12/11/2016,10
NS-18640,CA-2016-162187,12/11/2016,11
NS-18640,CA-2016-169824,12/12/2016,12
NS-18640,CA-2016-169824,12/12/2016,13
NS-18640,CA-2016-169824,12/12/2016,14
NS-18640,CA-2016-131639,12/17/2016,15
NS-18640,CA-2016-131639,12/17/2016,16
NS-18640,CA-2016-144645,2/2/2016,17
NS-18640,CA-2015-123155,3/9/2015,18
NS-18640,CA-2015-123155,3/9/2015,19
NS-18640,CA-2017-134635,4/15/2017,20
NS-18640,CA-2014-159338,6/25/2014,21
NS-18640,CA-2017-141614,6/5/2017,22
NS-18640,CA-2017-115651,7/9/2017,23
NS-18640,CA-2017-115651,7/9/2017,24
NS-18640,CA-2015-163895,8/7/2015,25
NS-18640,US-2015-117492,8/7/2015,26
NW-18400,CA-2015-115511,11/21/2015,1
NW-18400,CA-2015-115511,11/21/2015,2
NW-18400,CA-2014-168984,11/26/2014,3
NW-18400,CA-2014-168984,11/26/2014,4
NW-18400,CA-2014-168984,11/26/2014,5
NW-18400,CA-2016-159023,11/3/2016,6
NW-18400,CA-2016-159023,11/3/2016,7
NW-18400,US-2015-160857,5/8/2015,8
NW-18400,US-2015-160857,5/8/2015,9
NW-18400,US-2015-160857,5/8/2015,10
NW-18400,US-2015-160857,5/8/2015,11
NW-18400,US-2015-160857,5/8/2015,12
NW-18400,CA-2014-138317,6/21/2014,13
NW-18400,CA-2014-138317,6/21/2014,14
NW-18400,CA-2014-138317,6/21/2014,15
NW-18400,CA-2014-138317,6/21/2014,16
NW-18400,CA-2014-138317,6/21/2014,17
NW-18400,CA-2014-138317,6/21/2014,18
NW-18400,CA-2017-127656,7/11/2017,19
NW-18400,CA-2015-102582,9/15/2015,20
NW-18400,CA-2015-102582,9/15/2015,21
NW-18400,CA-2015-102582,9/15/2015,22
NZ-18565,US-2017-148054,10/6/2017,1
NZ-18565,US-2017-148054,10/6/2017,2
NZ-18565,US-2017-148054,10/6/2017,3
NZ-18565,CA-2016-110772,11/20/2016,4
NZ-18565,CA-2016-110772,11/20/2016,5
NZ-18565,CA-2016-110772,11/20/2016,6
NZ-18565,CA-2016-110772,11/20/2016,7
NZ-18565,CA-2017-150609,4/30/2017,8
NZ-18565,US-2016-158680,7/1/2016,9
NZ-18565,CA-2016-134222,7/10/2016,10
NZ-18565,US-2014-106299,8/2/2014,11
NZ-18565,US-2014-106299,8/2/2014,12
NZ-18565,US-2014-106299,8/2/2014,13
NZ-18565,CA-2015-144267,8/21/2015,14
NZ-18565,CA-2015-144267,8/21/2015,15
NZ-18565,CA-2015-144267,8/21/2015,16
NZ-18565,CA-2015-144267,8/21/2015,17
NZ-18565,CA-2017-154676,8/5/2017,18
NZ-18565,CA-2016-164154,9/11/2016,19
NZ-18565,CA-2016-164154,9/11/2016,20
ON-18715,CA-2016-130820,11/15/2016,1
ON-18715,CA-2014-121286,11/4/2014,2
ON-18715,CA-2014-121286,11/4/2014,3
ON-18715,CA-2014-154095,12/2/2014,4
ON-18715,CA-2014-154095,12/2/2014,5
ON-18715,CA-2014-154095,12/2/2014,6
ON-18715,CA-2014-154095,12/2/2014,7
ON-18715,US-2016-151862,3/1/2016,8
ON-18715,CA-2016-118255,3/11/2016,9
ON-18715,CA-2016-118255,3/11/2016,10
ON-18715,US-2015-117184,5/17/2015,11
ON-18715,US-2015-117184,5/17/2015,12
ON-18715,CA-2015-112014,8/13/2015,13
ON-18715,CA-2014-140039,9/13/2014,14
ON-18715,US-2015-161466,9/24/2015,15
OT-18730,CA-2017-162173,10/26/2017,1
OT-18730,CA-2017-162173,10/26/2017,2
OT-18730,CA-2015-109169,4/20/2015,3
OT-18730,CA-2016-113243,6/10/2016,4
OT-18730,CA-2016-113243,6/10/2016,5
OT-18730,CA-2016-113243,6/10/2016,6
OT-18730,CA-2017-115364,6/26/2017,7
OT-18730,CA-2016-107783,7/28/2016,8
OT-18730,CA-2016-107783,7/28/2016,9
OT-18730,CA-2016-107783,7/28/2016,10
PA-19060,CA-2015-129476,10/15/2015,1
PA-19060,US-2016-117387,10/27/2016,2
PA-19060,US-2016-158309,11/26/2016,3
PA-19060,CA-2015-105970,3/2/2015,4
PA-19060,CA-2015-105970,3/2/2015,5
PA-19060,CA-2014-148761,5/17/2014,6
PA-19060,CA-2017-140508,9/18/2017,7
PB-18805,CA-2016-125738,10/15/2016,1
PB-18805,CA-2016-125738,10/15/2016,2
PB-18805,CA-2016-125738,10/15/2016,3
PB-18805,CA-2015-146465,11/20/2015,4
PB-18805,CA-2017-156958,12/5/2017,5
PB-18805,CA-2017-156958,12/5/2017,6
PB-18805,CA-2017-156958,12/5/2017,7
PB-18805,CA-2017-156958,12/5/2017,8
PB-18805,CA-2017-156958,12/5/2017,9
PB-19105,CA-2014-128888,11/15/2014,1
PB-19105,US-2017-101518,11/3/2017,2
PB-19105,CA-2016-150889,3/20/2016,3
PB-19105,CA-2017-161970,9/22/2017,4
PB-19105,CA-2017-161970,9/22/2017,5
PB-19150,CA-2015-137526,1/13/2015,1
PB-19150,CA-2015-137526,1/13/2015,2
PB-19150,CA-2015-137526,1/13/2015,3
PB-19150,US-2014-111353,11/29/2014,4
PB-19150,CA-2014-146843,11/30/2014,5
PB-19150,CA-2014-146843,11/30/2014,6
PB-19150,CA-2014-107573,12/12/2014,7
PB-19150,CA-2016-148796,4/14/2016,8
PB-19150,CA-2015-167269,6/16/2015,9
PB-19150,US-2014-150532,7/14/2014,10
PB-19150,CA-2017-142391,9/24/2017,11
PB-19210,CA-2014-149055,11/23/2014,1
PB-19210,CA-2016-164938,2/11/2016,2
PC-18745,CA-2016-105494,11/10/2016,1
PC-18745,CA-2016-105494,11/10/2016,2
PC-18745,CA-2016-159639,11/27/2016,3
PC-18745,US-2017-162068,12/28/2017,4
PC-18745,CA-2014-150245,12/31/2014,5
PC-19000,US-2014-163797,4/8/2014,1
PC-19000,CA-2015-153388,8/1/2015,2
PC-19000,CA-2015-153388,8/1/2015,3
PF-19120,CA-2015-140025,4/7/2015,1
PF-19120,CA-2015-140025,4/7/2015,2
PF-19120,CA-2014-166457,5/5/2014,3
PF-19120,CA-2014-166457,5/5/2014,4
PF-19120,CA-2014-166457,5/5/2014,5
PF-19120,CA-2015-129896,6/15/2015,6
PF-19120,CA-2015-129896,6/15/2015,7
PF-19120,CA-2015-129896,6/15/2015,8
PF-19120,US-2015-126977,9/17/2015,9
PF-19120,US-2015-126977,9/17/2015,10
PF-19120,US-2015-126977,9/17/2015,11
PF-19120,US-2015-126977,9/17/2015,12
PF-19120,US-2015-126977,9/17/2015,13
PF-19120,US-2015-126977,9/17/2015,14
PF-19120,US-2015-126977,9/17/2015,15
PF-19120,US-2015-126977,9/17/2015,16
PF-19120,US-2015-126977,9/17/2015,17
PF-19120,US-2015-126977,9/17/2015,18
PF-19165,CA-2016-138233,11/9/2016,1
PF-19165,CA-2017-118437,6/17/2017,2
PF-19165,CA-2017-118437,6/17/2017,3
PF-19165,CA-2016-162355,6/30/2016,4
PF-19165,CA-2016-162355,6/30/2016,5
PF-19165,CA-2015-101707,8/27/2015,6
PF-19165,CA-2015-101707,8/27/2015,7
PF-19165,CA-2015-101707,8/27/2015,8
PF-19165,US-2014-134614,9/20/2014,9
PF-19165,CA-2015-111458,9/26/2015,10
PF-19225,CA-2016-114972,11/3/2016,1
PF-19225,CA-2016-114972,11/3/2016,2
PF-19225,CA-2016-114972,11/3/2016,3
PF-19225,CA-2016-114972,11/3/2016,4
PF-19225,US-2016-163258,12/29/2016,5
PF-19225,CA-2016-160234,6/26/2016,6
PF-19225,CA-2017-110380,9/2/2017,7
PF-19225,US-2017-130687,9/7/2017,8
PF-19225,US-2017-130687,9/7/2017,9
PF-19225,US-2017-130687,9/7/2017,10
PG-18820,CA-2016-144344,10/28/2016,1
PG-18820,CA-2016-144344,10/28/2016,2
PG-18820,CA-2016-144344,10/28/2016,3
PG-18820,CA-2016-144344,10/28/2016,4
PG-18820,US-2017-116491,11/11/2017,5
PG-18820,CA-2016-103464,11/18/2016,6
PG-18820,CA-2017-123701,11/24/2017,7
PG-18820,US-2016-162859,2/15/2016,8
PG-18820,US-2016-162859,2/15/2016,9
PG-18820,CA-2016-106306,3/8/2016,10
PG-18820,US-2015-155369,4/19/2015,11
PG-18820,US-2015-155369,4/19/2015,12
PG-18820,CA-2016-150000,4/8/2016,13
PG-18820,US-2014-102071,5/9/2014,14
PG-18820,US-2014-102071,5/9/2014,15
PG-18820,CA-2014-109890,7/21/2014,16
PG-18820,US-2015-129553,7/27/2015,17
PG-18820,CA-2016-151561,9/1/2016,18
PG-18820,CA-2016-151561,9/1/2016,19
PG-18820,CA-2016-151561,9/1/2016,20
PG-18820,CA-2016-151561,9/1/2016,21
PG-18820,CA-2017-140186,9/29/2017,22
PG-18820,CA-2017-140186,9/29/2017,23
PG-18820,CA-2017-140186,9/29/2017,24
PG-18820,CA-2017-140186,9/29/2017,25
PG-18820,CA-2017-140186,9/29/2017,26
PG-18895,CA-2016-111010,1/22/2016,1
PG-18895,CA-2017-155558,10/26/2017,2
PG-18895,CA-2017-155558,10/26/2017,3
PG-18895,CA-2017-148320,11/3/2017,4
PG-18895,CA-2015-134117,12/17/2015,5
PG-18895,CA-2015-134117,12/17/2015,6
PG-18895,CA-2015-134117,12/17/2015,7
PG-18895,CA-2015-134117,12/17/2015,8
PG-18895,CA-2016-147578,4/22/2016,9
PG-18895,CA-2014-103849,5/11/2014,10
PG-18895,CA-2014-103849,5/11/2014,11
PG-18895,CA-2014-103849,5/11/2014,12
PG-18895,CA-2017-122056,6/13/2017,13
PG-18895,US-2017-135986,6/20/2017,14
PG-18895,US-2017-135986,6/20/2017,15
PG-18895,CA-2015-166464,9/12/2015,16
PG-18895,CA-2015-166464,9/12/2015,17
PH-18790,CA-2017-113558,10/21/2017,1
PH-18790,CA-2017-113558,10/21/2017,2
PJ-18835,CA-2015-137897,11/14/2015,1
PJ-18835,CA-2015-154746,11/14/2015,2
PJ-18835,CA-2015-154746,11/14/2015,3
PJ-18835,CA-2015-137897,11/14/2015,4
PJ-18835,CA-2015-137897,11/14/2015,5
PJ-18835,CA-2017-105130,11/21/2017,6
PJ-18835,CA-2017-105130,11/21/2017,7
PJ-18835,CA-2016-160136,11/3/2016,8
PJ-18835,CA-2017-103009,11/3/2017,9
PJ-18835,US-2017-108700,5/19/2017,10
PJ-18835,CA-2014-135993,5/28/2014,11
PJ-18835,CA-2014-135993,5/28/2014,12
PJ-18835,CA-2016-112676,5/5/2016,13
PJ-19015,CA-2014-124023,4/7/2014,1
PJ-19015,CA-2017-143686,5/14/2017,2
PJ-19015,CA-2017-143686,5/14/2017,3
PJ-19015,CA-2017-151218,6/20/2017,4
PJ-19015,CA-2015-122973,7/18/2015,5
PJ-19015,CA-2015-122973,7/18/2015,6
PJ-19015,CA-2015-122973,7/18/2015,7
PJ-19015,CA-2016-137939,7/20/2016,8
PJ-19015,CA-2017-163069,8/18/2017,9
PJ-19015,CA-2016-153101,9/8/2016,10
PK-18910,CA-2014-105172,4/4/2014,1
PK-18910,CA-2016-158099,9/3/2016,2
PK-18910,CA-2016-158099,9/3/2016,3
PK-19075,CA-2014-105893,11/11/2014,1
PK-19075,CA-2017-132346,11/7/2017,2
PK-19075,CA-2016-129126,12/14/2016,3
PK-19075,CA-2016-129126,12/14/2016,4
PK-19075,CA-2016-129126,12/14/2016,5
PK-19075,CA-2016-129126,12/14/2016,6
PK-19075,CA-2016-129126,12/14/2016,7
PK-19075,CA-2016-118332,12/16/2016,8
PK-19075,CA-2017-107461,12/21/2017,9
PK-19075,CA-2017-147753,3/5/2017,10
PK-19075,CA-2016-166282,4/16/2016,11
PK-19075,CA-2016-166282,4/16/2016,12
PK-19075,CA-2016-150343,8/16/2016,13
PK-19075,US-2017-102183,8/21/2017,14
PK-19075,US-2017-102183,8/21/2017,15
PK-19075,US-2016-134488,9/24/2016,16
PK-19075,CA-2017-116680,9/4/2017,17
PK-19075,CA-2017-116680,9/4/2017,18
PK-19075,CA-2016-115756,9/5/2016,19
PK-19075,CA-2016-115756,9/5/2016,20
PK-19075,CA-2016-115756,9/5/2016,21
PK-19075,CA-2016-115756,9/5/2016,22
PK-19075,CA-2016-115756,9/5/2016,23
PL-18925,CA-2014-168305,11/1/2014,1
PL-18925,CA-2014-168305,11/1/2014,2
PL-18925,CA-2017-119564,12/15/2017,3
PL-18925,US-2016-113509,3/15/2016,4
PL-18925,CA-2017-109946,4/16/2017,5
PL-18925,CA-2017-165757,6/22/2017,6
PL-18925,CA-2017-165757,6/22/2017,7
PL-18925,CA-2017-165757,6/22/2017,8
PM-18940,CA-2015-141250,1/19/2015,1
PM-18940,CA-2015-141250,1/19/2015,2
PM-18940,CA-2016-102092,12/9/2016,3
PM-18940,CA-2014-117709,5/4/2014,4
PM-19135,CA-2016-165148,10/22/2016,1
PM-19135,CA-2016-149685,10/8/2016,2
PM-19135,CA-2017-159667,11/9/2017,3
PM-19135,CA-2017-159667,11/9/2017,4
PM-19135,US-2015-134558,12/19/2015,5
PM-19135,US-2015-134558,12/19/2015,6
PM-19135,US-2015-134558,12/19/2015,7
PN-18775,US-2017-148768,11/30/2017,1
PN-18775,CA-2017-161018,11/9/2017,2
PN-18775,CA-2016-138597,12/18/2016,3
PN-18775,US-2017-132031,4/23/2017,4
PN-18775,US-2017-132031,4/23/2017,5
PN-18775,US-2017-132031,4/23/2017,6
PN-18775,US-2017-132031,4/23/2017,7
PN-18775,CA-2017-132213,4/25/2017,8
PN-18775,CA-2017-132213,4/25/2017,9
PN-18775,CA-2015-141936,8/7/2015,10
PN-18775,US-2016-118780,9/10/2016,11
PN-18775,US-2016-118780,9/10/2016,12
PN-18775,CA-2016-155439,9/14/2016,13
PO-18850,CA-2017-141705,10/24/2017,1
PO-18850,CA-2017-149853,10/3/2017,2
PO-18850,CA-2017-149853,10/3/2017,3
PO-18850,CA-2015-130183,11/13/2015,4
PO-18850,CA-2014-148782,11/2/2014,5
PO-18850,CA-2014-159681,12/7/2014,6
PO-18850,CA-2015-104486,5/1/2015,7
PO-18850,CA-2015-104486,5/1/2015,8
PO-18850,US-2017-101784,7/6/2017,9
PO-18850,CA-2017-129021,8/23/2017,10
PO-18850,CA-2017-129021,8/23/2017,11
PO-18850,CA-2017-129021,8/23/2017,12
PO-18850,CA-2017-129021,8/23/2017,13
PO-18850,US-2016-141544,8/30/2016,14
PO-18850,US-2016-141544,8/30/2016,15
PO-18850,US-2016-141544,8/30/2016,16
PO-18850,US-2016-141544,8/30/2016,17
PO-18850,US-2016-141544,8/30/2016,18
PO-18850,CA-2016-111409,9/18/2016,19
PO-18865,CA-2014-146703,10/20/2014,1
PO-18865,CA-2017-108756,12/25/2017,2
PO-18865,CA-2017-143259,12/30/2017,3
PO-18865,CA-2017-143259,12/30/2017,4
PO-18865,CA-2017-143259,12/30/2017,5
PO-18865,CA-2014-120838,3/23/2014,6
PO-18865,CA-2014-120838,3/23/2014,7
PO-18865,CA-2017-140088,5/28/2017,8
PO-18865,CA-2017-128328,8/5/2017,9
PO-18865,CA-2017-128328,8/5/2017,10
PO-18865,CA-2017-128328,8/5/2017,11
PO-18865,US-2016-152415,9/17/2016,12
PO-18865,US-2016-152415,9/17/2016,13
PO-19180,CA-2015-121783,11/10/2015,1
PO-19180,CA-2015-121783,11/10/2015,2
PO-19180,CA-2015-121783,11/10/2015,3
PO-19180,CA-2015-121783,11/10/2015,4
PO-19180,CA-2015-121783,11/10/2015,5
PO-19180,CA-2016-147683,11/13/2016,6
PO-19180,CA-2015-164539,11/16/2015,7
PO-19180,CA-2017-142867,3/17/2017,8
PO-19180,CA-2017-142867,3/17/2017,9
PO-19180,CA-2017-143665,4/26/2017,10
PO-19180,CA-2017-143665,4/26/2017,11
PO-19180,CA-2016-147375,6/12/2016,12
PO-19180,CA-2016-147375,6/12/2016,13
PO-19180,CA-2017-118346,7/23/2017,14
PO-19180,US-2015-156797,8/11/2015,15
PO-19180,US-2015-156797,8/11/2015,16
PO-19180,CA-2016-151148,9/12/2016,17
PO-19180,CA-2016-151148,9/12/2016,18
PO-19195,CA-2014-112326,1/4/2014,1
PO-19195,CA-2014-112326,1/4/2014,2
PO-19195,CA-2014-112326,1/4/2014,3
PO-19195,US-2017-103247,10/5/2017,4
PO-19195,US-2017-103247,10/5/2017,5
PO-19195,CA-2015-110891,11/20/2015,6
PO-19195,CA-2015-144099,11/29/2015,7
PO-19195,CA-2015-156335,9/25/2015,8
PO-19195,CA-2015-156335,9/25/2015,9
PO-19195,CA-2015-156335,9/25/2015,10
PP-18955,CA-2016-145177,11/10/2016,1
PP-18955,CA-2016-145177,11/10/2016,2
PP-18955,CA-2016-145177,11/10/2016,3
PP-18955,CA-2016-145177,11/10/2016,4
PP-18955,CA-2016-145177,11/10/2016,5
PP-18955,CA-2016-145177,11/10/2016,6
PP-18955,CA-2016-145177,11/10/2016,7
PP-18955,CA-2016-145177,11/10/2016,8
PP-18955,CA-2015-130253,12/14/2015,9
PP-18955,US-2016-108504,2/5/2016,10
PP-18955,US-2016-108504,2/5/2016,11
PP-18955,US-2016-108504,2/5/2016,12
PP-18955,US-2016-108504,2/5/2016,13
PP-18955,US-2016-108504,2/5/2016,14
PP-18955,US-2016-108504,2/5/2016,15
PP-18955,US-2016-108504,2/5/2016,16
PP-18955,US-2016-108504,2/5/2016,17
PP-18955,US-2016-108504,2/5/2016,18
PP-18955,US-2016-108504,2/5/2016,19
PP-18955,CA-2017-117401,5/18/2017,20
PP-18955,CA-2017-117401,5/18/2017,21
PP-18955,CA-2017-117401,5/18/2017,22
PP-18955,CA-2015-111864,6/19/2015,23
PP-18955,CA-2015-146087,7/6/2015,24
PP-18955,US-2014-115413,8/26/2014,25
PP-18955,US-2014-115413,8/26/2014,26
PP-18955,CA-2017-134096,9/24/2017,27
PP-18955,CA-2017-134096,9/24/2017,28
PP-18955,CA-2014-126683,9/29/2014,29
PP-18955,CA-2014-126683,9/29/2014,30
PP-18955,CA-2014-146815,9/8/2014,31
PP-18955,CA-2014-146815,9/8/2014,32
PR-18880,CA-2017-162250,11/24/2017,1
PR-18880,US-2015-110261,12/19/2015,2
PR-18880,CA-2015-125563,4/11/2015,3
PR-18880,CA-2015-125563,4/11/2015,4
PR-18880,US-2017-109253,8/21/2017,5
PR-18880,US-2017-109253,8/21/2017,6
PR-18880,US-2017-109253,8/21/2017,7
PR-18880,US-2017-109253,8/21/2017,8
PR-18880,US-2017-109253,8/21/2017,9
PR-18880,US-2017-109253,8/21/2017,10
PR-18880,US-2017-109253,8/21/2017,11
PR-18880,CA-2014-136861,9/5/2014,12
PS-18760,CA-2016-153269,3/9/2016,1
PS-18760,CA-2016-153269,3/9/2016,2
PS-18760,CA-2016-153269,3/9/2016,3
PS-18760,CA-2016-153269,3/9/2016,4
PS-18760,CA-2017-128965,4/17/2017,5
PS-18760,CA-2017-128965,4/17/2017,6
PS-18760,CA-2017-128965,4/17/2017,7
PS-18760,CA-2017-128965,4/17/2017,8
PS-18760,CA-2017-128965,4/17/2017,9
PS-18760,CA-2017-128965,4/17/2017,10
PS-18760,CA-2015-143147,5/26/2015,11
PS-18760,CA-2015-143147,5/26/2015,12
PS-18760,CA-2015-143147,5/26/2015,13
PS-18760,CA-2014-126963,6/15/2014,14
PS-18760,CA-2017-156237,9/14/2017,15
PS-18760,CA-2017-156237,9/14/2017,16
PS-18760,CA-2017-156237,9/14/2017,17
PS-18760,CA-2017-156237,9/14/2017,18
PS-18760,CA-2017-156237,9/14/2017,19
PS-18760,CA-2017-156237,9/14/2017,20
PS-18760,US-2016-101497,9/29/2016,21
PS-18970,US-2017-111920,10/22/2017,1
PS-18970,CA-2017-163818,10/4/2017,2
PS-18970,CA-2015-140830,11/30/2015,3
PS-18970,CA-2015-140830,11/30/2015,4
PS-18970,CA-2017-111591,3/21/2017,5
PS-18970,CA-2017-111591,3/21/2017,6
PS-18970,CA-2017-111591,3/21/2017,7
PS-18970,CA-2017-111591,3/21/2017,8
PS-18970,US-2014-120740,4/15/2014,9
PS-18970,US-2014-120740,4/15/2014,10
PS-18970,US-2015-164175,4/30/2015,11
PS-18970,CA-2015-135727,5/11/2015,12
PS-18970,CA-2016-161158,5/9/2016,13
PS-19045,CA-2017-160423,1/21/2017,1
PS-19045,CA-2017-160423,1/21/2017,2
PS-19045,CA-2016-164896,11/7/2016,3
PS-19045,CA-2014-136567,12/20/2014,4
PS-19045,CA-2014-136567,12/20/2014,5
PS-19045,CA-2014-136567,12/20/2014,6
PS-19045,CA-2014-136567,12/20/2014,7
PS-19045,CA-2015-132374,2/22/2015,8
PS-19045,CA-2017-109211,4/4/2017,9
PS-19045,CA-2017-133865,5/8/2017,10
PS-19045,CA-2015-155054,6/13/2015,11
PS-19045,CA-2015-155054,6/13/2015,12
PS-19045,CA-2015-155054,6/13/2015,13
PT-19090,CA-2017-103065,10/20/2017,1
PT-19090,CA-2017-103065,10/20/2017,2
PT-19090,CA-2017-103065,10/20/2017,3
PT-19090,CA-2017-145093,7/21/2017,4
PT-19090,US-2014-150924,9/12/2014,5
PT-19090,US-2016-152373,9/5/2016,6
PV-18985,CA-2017-105914,10/2/2017,1
PV-18985,CA-2017-105914,10/2/2017,2
PV-18985,CA-2016-119025,2/22/2016,3
PV-18985,US-2017-133081,3/11/2017,4
PV-18985,US-2017-133081,3/11/2017,5
PV-18985,CA-2016-107216,6/14/2016,6
PV-18985,CA-2016-107216,6/14/2016,7
PV-18985,CA-2016-107216,6/14/2016,8
PV-18985,CA-2016-107216,6/14/2016,9
PV-18985,CA-2014-161508,7/12/2014,10
PV-18985,CA-2014-161508,7/12/2014,11
PV-18985,CA-2014-161508,7/12/2014,12
PV-18985,CA-2014-161508,7/12/2014,13
PW-19030,CA-2016-113607,10/14/2016,1
PW-19030,CA-2016-113607,10/14/2016,2
PW-19030,CA-2017-137323,11/14/2017,3
PW-19030,CA-2016-105354,12/2/2016,4
PW-19030,CA-2016-140438,12/24/2016,5
PW-19030,CA-2015-127327,2/3/2015,6
PW-19030,CA-2017-156272,3/21/2017,7
PW-19030,CA-2014-125150,5/16/2014,8
PW-19030,CA-2017-116988,6/27/2017,9
PW-19030,CA-2017-116988,6/27/2017,10
PW-19030,CA-2017-116988,6/27/2017,11
PW-19030,CA-2016-140256,8/22/2016,12
PW-19030,CA-2017-117695,8/5/2017,13
PW-19240,CA-2014-164210,11/18/2014,1
PW-19240,CA-2014-164210,11/18/2014,2
PW-19240,CA-2015-144274,11/23/2015,3
PW-19240,CA-2015-144274,11/23/2015,4
PW-19240,CA-2015-144274,11/23/2015,5
PW-19240,CA-2015-144274,11/23/2015,6
PW-19240,US-2015-145422,12/3/2015,7
PW-19240,CA-2015-162782,2/21/2015,8
PW-19240,US-2015-114839,4/26/2015,9
PW-19240,US-2016-131891,7/29/2016,10
PW-19240,CA-2016-120257,9/22/2016,11
QJ-19255,CA-2016-142097,10/15/2016,1
QJ-19255,CA-2016-142097,10/15/2016,2
QJ-19255,CA-2016-142097,10/15/2016,3
QJ-19255,CA-2015-130995,11/1/2015,4
QJ-19255,CA-2015-117086,11/8/2015,5
QJ-19255,CA-2017-104066,12/5/2017,6
QJ-19255,CA-2016-134425,12/8/2016,7
QJ-19255,CA-2014-127859,3/17/2014,8
QJ-19255,CA-2016-109652,4/10/2016,9
QJ-19255,CA-2017-144526,4/30/2017,10
QJ-19255,CA-2017-144526,4/30/2017,11
QJ-19255,US-2014-157070,6/1/2014,12
QJ-19255,US-2014-157070,6/1/2014,13
RA-19285,CA-2015-155068,10/23/2015,1
RA-19285,CA-2015-155068,10/23/2015,2
RA-19285,CA-2017-127313,12/1/2017,3
RA-19285,CA-2017-127313,12/1/2017,4
RA-19285,CA-2014-154186,12/13/2014,5
RA-19285,CA-2015-111780,12/25/2015,6
RA-19285,CA-2015-111780,12/25/2015,7
RA-19285,CA-2015-111780,12/25/2015,8
RA-19285,CA-2017-161480,12/25/2017,9
RA-19285,CA-2017-131695,6/30/2017,10
RA-19285,CA-2017-131695,6/30/2017,11
RA-19285,CA-2015-150441,8/13/2015,12
RA-19285,US-2016-128195,8/4/2016,13
RA-19285,CA-2017-141929,9/4/2017,14
RA-19285,CA-2017-141929,9/4/2017,15
RA-19285,CA-2017-141929,9/4/2017,16
RA-19885,CA-2017-163629,11/17/2017,1
RA-19885,CA-2017-163629,11/17/2017,2
RA-19885,CA-2014-129091,11/22/2014,3
RA-19885,CA-2014-129091,11/22/2014,4
RA-19885,CA-2014-129091,11/22/2014,5
RA-19885,CA-2014-129091,11/22/2014,6
RA-19885,US-2017-111745,11/5/2017,7
RA-19885,US-2014-118997,4/8/2014,8
RA-19885,CA-2016-101343,7/17/2016,9
RA-19885,CA-2015-155453,8/9/2015,10
RA-19885,US-2017-106145,9/26/2017,11
RA-19885,US-2017-106145,9/26/2017,12
RA-19885,US-2017-106145,9/26/2017,13
RA-19885,US-2017-106145,9/26/2017,14
RA-19885,US-2017-106145,9/26/2017,15
RA-19915,CA-2014-134313,11/1/2014,1
RA-19915,CA-2014-134313,11/1/2014,2
RA-19915,CA-2015-149909,11/13/2015,3
RA-19915,CA-2015-149909,11/13/2015,4
RA-19915,CA-2015-149909,11/13/2015,5
RA-19915,CA-2017-140585,12/18/2017,6
RA-19915,CA-2017-140585,12/18/2017,7
RA-19915,CA-2017-140585,12/18/2017,8
RA-19915,CA-2015-130792,4/28/2015,9
RA-19915,CA-2015-130792,4/28/2015,10
RA-19915,CA-2014-123064,6/30/2014,11
RA-19915,US-2015-122784,7/20/2015,12
RA-19915,US-2015-122784,7/20/2015,13
RA-19915,US-2015-122784,7/20/2015,14
RA-19915,US-2015-122784,7/20/2015,15
RA-19915,CA-2017-112809,8/18/2017,16
RA-19915,CA-2017-112809,8/18/2017,17
RA-19915,CA-2017-112809,8/18/2017,18
RA-19915,CA-2016-149979,9/23/2016,19
RA-19915,CA-2016-149979,9/23/2016,20
RA-19915,CA-2014-102008,9/30/2014,21
RA-19945,CA-2017-152583,10/30/2017,1
RA-19945,CA-2017-152583,10/30/2017,2
RA-19945,CA-2017-152583,10/30/2017,3
RA-19945,CA-2015-112823,12/10/2015,4
RA-19945,CA-2017-146346,6/17/2017,5
RA-19945,CA-2015-126445,8/27/2015,6
RA-19945,CA-2014-169775,8/29/2014,7
RA-19945,CA-2014-169775,8/29/2014,8
RA-19945,CA-2014-169775,8/29/2014,9
RB-19330,CA-2017-106068,10/23/2017,1
RB-19330,CA-2017-106068,10/23/2017,2
RB-19330,CA-2017-106068,10/23/2017,3
RB-19330,CA-2017-106068,10/23/2017,4
RB-19330,CA-2014-159835,11/17/2014,5
RB-19330,CA-2014-159835,11/17/2014,6
RB-19360,CA-2017-140151,3/23/2017,1
RB-19360,CA-2017-140151,3/23/2017,2
RB-19360,CA-2017-140151,3/23/2017,3
RB-19360,CA-2016-166674,4/1/2016,4
RB-19360,CA-2016-166674,4/1/2016,5
RB-19360,CA-2016-166674,4/1/2016,6
RB-19360,CA-2016-166674,4/1/2016,7
RB-19360,CA-2016-166674,4/1/2016,8
RB-19360,CA-2016-166674,4/1/2016,9
RB-19360,CA-2016-156573,5/29/2016,10
RB-19360,CA-2016-156573,5/29/2016,11
RB-19360,CA-2016-156573,5/29/2016,12
RB-19360,CA-2016-109953,7/14/2016,13
RB-19360,CA-2016-109953,7/14/2016,14
RB-19360,CA-2016-109953,7/14/2016,15
RB-19360,CA-2017-169810,7/25/2017,16
RB-19360,CA-2017-162572,9/25/2017,17
RB-19360,CA-2017-162572,9/25/2017,18
RB-19435,US-2014-105137,10/10/2014,1
RB-19435,US-2014-105137,10/10/2014,2
RB-19435,CA-2017-146458,11/19/2017,3
RB-19435,CA-2014-167360,11/24/2014,4
RB-19435,US-2014-144078,11/25/2014,5
RB-19435,US-2014-144078,11/25/2014,6
RB-19435,US-2014-144078,11/25/2014,7
RB-19435,CA-2017-153871,12/11/2017,8
RB-19435,CA-2017-153871,12/11/2017,9
RB-19435,CA-2017-153871,12/11/2017,10
RB-19435,US-2014-103338,3/11/2014,11
RB-19435,US-2015-103996,3/29/2015,12
RB-19435,US-2015-103996,3/29/2015,13
RB-19435,US-2015-103996,3/29/2015,14
RB-19435,US-2015-103996,3/29/2015,15
RB-19435,CA-2015-120397,7/2/2015,16
RB-19465,CA-2017-104822,10/20/2017,1
RB-19465,CA-2017-161578,12/16/2017,2
RB-19465,CA-2017-137456,12/21/2017,3
RB-19465,CA-2014-152618,3/14/2014,4
RB-19465,CA-2014-152618,3/14/2014,5
RB-19465,CA-2016-120803,3/9/2016,6
RB-19465,CA-2016-115917,5/20/2016,7
RB-19465,CA-2016-115917,5/20/2016,8
RB-19465,CA-2016-105662,5/5/2016,9
RB-19465,CA-2016-105662,5/5/2016,10
RB-19465,CA-2017-105823,6/22/2017,11
RB-19465,CA-2016-103107,7/4/2016,12
RB-19465,CA-2016-103107,7/4/2016,13
RB-19465,CA-2016-103107,7/4/2016,14
RB-19465,US-2016-146066,8/21/2016,15
RB-19465,CA-2016-158568,8/29/2016,16
RB-19465,CA-2016-158568,8/29/2016,17
RB-19465,CA-2016-158568,8/29/2016,18
RB-19465,CA-2014-117765,9/7/2014,19
RB-19465,CA-2014-117765,9/7/2014,20
RB-19465,CA-2014-117765,9/7/2014,21
RB-19465,CA-2014-117765,9/7/2014,22
RB-19570,CA-2017-138779,1/14/2017,1
RB-19570,CA-2017-138779,1/14/2017,2
RB-19570,CA-2017-130351,12/5/2017,3
RB-19570,CA-2017-130351,12/5/2017,4
RB-19570,CA-2017-130351,12/5/2017,5
RB-19570,US-2016-128678,9/15/2016,6
RB-19570,US-2016-104815,9/3/2016,7
RB-19645,CA-2014-125682,11/22/2014,1
RB-19645,CA-2015-153038,12/18/2015,2
RB-19645,CA-2015-153038,12/18/2015,3
RB-19645,CA-2015-153038,12/18/2015,4
RB-19645,CA-2016-107615,3/22/2016,5
RB-19645,CA-2014-154837,8/23/2014,6
RB-19645,CA-2014-106719,8/24/2014,7
RB-19705,US-2017-109484,11/6/2017,1
RB-19705,CA-2015-119550,12/26/2015,2
RB-19705,CA-2015-129854,8/22/2015,3
RB-19705,CA-2017-152975,9/14/2017,4
RB-19705,CA-2017-152975,9/14/2017,5
RB-19705,CA-2017-152975,9/14/2017,6
RB-19705,CA-2017-152975,9/14/2017,7
RB-19795,CA-2017-157672,10/5/2017,1
RB-19795,US-2017-110576,11/28/2017,2
RB-19795,US-2017-110576,11/28/2017,3
RB-19795,US-2017-110576,11/28/2017,4
RB-19795,US-2017-110576,11/28/2017,5
RB-19795,US-2017-110576,11/28/2017,6
RB-19795,US-2016-168620,12/24/2016,7
RB-19795,US-2016-168620,12/24/2016,8
RB-19795,US-2016-168620,12/24/2016,9
RB-19795,US-2016-123750,4/15/2016,10
RB-19795,US-2016-123750,4/15/2016,11
RB-19795,US-2016-123750,4/15/2016,12
RB-19795,US-2016-123750,4/15/2016,13
RB-19795,CA-2017-100748,5/13/2017,14
RB-19795,CA-2014-141299,6/3/2014,15
RB-19795,US-2016-155971,6/6/2016,16
RB-19795,US-2016-155971,6/6/2016,17
RB-19795,US-2015-150161,7/25/2015,18
RC-19825,CA-2016-140746,1/15/2016,1
RC-19825,CA-2016-143308,11/4/2016,2
RC-19825,CA-2016-114538,12/26/2016,3
RC-19825,CA-2014-138296,12/5/2014,4
RC-19825,CA-2016-141397,6/20/2016,5
RC-19825,CA-2016-141397,6/20/2016,6
RC-19825,CA-2016-141397,6/20/2016,7
RC-19825,CA-2016-141397,6/20/2016,8
RC-19825,CA-2016-141397,6/20/2016,9
RC-19825,CA-2016-125318,6/6/2016,10
RC-19960,US-2016-144351,11/14/2016,1
RC-19960,US-2014-112872,12/6/2014,2
RC-19960,US-2014-112872,12/6/2014,3
RC-19960,CA-2014-115259,8/25/2014,4
RC-19960,CA-2014-115259,8/25/2014,5
RC-19960,CA-2014-115259,8/25/2014,6
RC-19960,CA-2014-115259,8/25/2014,7
RC-19960,CA-2016-130225,9/11/2016,8
RC-19960,CA-2017-112774,9/11/2017,9
RC-19960,US-2016-157728,9/22/2016,10
RD-19480,CA-2017-159457,10/19/2017,1
RD-19480,CA-2016-136434,12/1/2016,2
RD-19480,CA-2015-146696,12/14/2015,3
RD-19480,CA-2016-164637,3/4/2016,4
RD-19480,US-2017-166688,5/20/2017,5
RD-19480,US-2017-166688,5/20/2017,6
RD-19480,US-2017-166688,5/20/2017,7
RD-19480,CA-2015-122826,6/23/2015,8
RD-19480,CA-2014-108147,6/8/2014,9
RD-19480,CA-2014-108147,6/8/2014,10
RD-19480,US-2017-116652,9/15/2017,11
RD-19480,US-2017-116652,9/15/2017,12
RD-19480,US-2017-116652,9/15/2017,13
RD-19480,US-2017-116652,9/15/2017,14
RD-19585,CA-2017-131653,1/29/2017,1
RD-19585,CA-2015-162537,10/28/2015,2
RD-19585,CA-2015-162537,10/28/2015,3
RD-19585,CA-2015-162537,10/28/2015,4
RD-19585,CA-2015-162537,10/28/2015,5
RD-19585,CA-2016-131576,11/22/2016,6
RD-19585,US-2015-151407,11/8/2015,7
RD-19585,CA-2015-157770,12/13/2015,8
RD-19585,CA-2015-157770,12/13/2015,9
RD-19585,CA-2015-157770,12/13/2015,10
RD-19585,CA-2015-157770,12/13/2015,11
RD-19585,CA-2015-121776,2/16/2015,12
RD-19585,CA-2015-121776,2/16/2015,13
RD-19585,CA-2014-164315,4/2/2014,14
RD-19585,CA-2014-164315,4/2/2014,15
RD-19585,CA-2014-164315,4/2/2014,16
RD-19585,CA-2017-139437,7/3/2017,17
RD-19585,CA-2017-111647,7/3/2017,18
RD-19585,CA-2015-127544,8/8/2015,19
RD-19660,CA-2015-149650,10/24/2015,1
RD-19660,CA-2016-127670,3/20/2016,2
RD-19660,CA-2015-145415,4/12/2015,3
RD-19660,CA-2016-151974,9/22/2016,4
RD-19660,CA-2017-103877,9/7/2017,5
RD-19720,CA-2014-107454,11/2/2014,1
RD-19720,CA-2014-107454,11/2/2014,2
RD-19720,CA-2016-146157,11/21/2016,3
RD-19720,CA-2016-146157,11/21/2016,4
RD-19720,CA-2016-146157,11/21/2016,5
RD-19720,CA-2015-112375,12/21/2015,6
RD-19720,CA-2015-112375,12/21/2015,7
RD-19720,CA-2016-149762,12/3/2016,8
RD-19720,CA-2016-149762,12/3/2016,9
RD-19720,CA-2016-149762,12/3/2016,10
RD-19720,CA-2016-149762,12/3/2016,11
RD-19720,US-2017-132927,12/9/2017,12
RD-19720,US-2017-143770,3/20/2017,13
RD-19720,US-2017-143770,3/20/2017,14
RD-19720,CA-2017-126550,3/29/2017,15
RD-19720,CA-2016-161543,5/10/2016,16
RD-19720,CA-2014-157546,7/20/2014,17
RD-19720,CA-2014-157546,7/20/2014,18
RD-19720,CA-2014-161249,8/9/2014,19
RD-19720,CA-2014-161249,8/9/2014,20
RD-19810,CA-2014-148285,10/27/2014,1
RD-19810,CA-2014-148285,10/27/2014,2
RD-19810,CA-2017-155292,10/30/2017,3
RD-19810,CA-2017-155292,10/30/2017,4
RD-19810,CA-2017-155292,10/30/2017,5
RD-19810,CA-2017-155292,10/30/2017,6
RD-19810,CA-2017-104381,12/16/2017,7
RD-19810,CA-2016-102596,12/27/2016,8
RD-19810,CA-2016-112942,2/13/2016,9
RD-19810,CA-2017-127474,2/3/2017,10
RD-19810,CA-2017-127474,2/3/2017,11
RD-19810,CA-2017-127474,2/3/2017,12
RD-19810,CA-2017-127474,2/3/2017,13
RD-19810,CA-2016-120558,6/7/2016,14
RD-19810,CA-2016-112739,9/2/2016,15
RD-19810,CA-2016-112739,9/2/2016,16
RD-19900,CA-2014-158372,11/10/2014,1
RD-19900,CA-2014-158372,11/10/2014,2
RD-19900,CA-2014-158372,11/10/2014,3
RD-19900,CA-2014-158372,11/10/2014,4
RD-19900,CA-2014-158372,11/10/2014,5
RD-19900,CA-2014-158372,11/10/2014,6
RD-19900,CA-2016-154508,11/16/2016,7
RD-19900,US-2014-149034,11/19/2014,8
RD-19900,CA-2015-163440,3/22/2015,9
RD-19900,CA-2014-149104,4/5/2014,10
RD-19900,CA-2014-149104,4/5/2014,11
RD-19900,CA-2014-149104,4/5/2014,12
RD-19900,CA-2014-149104,4/5/2014,13
RD-19900,CA-2015-148964,5/26/2015,14
RD-19900,CA-2016-140382,6/23/2016,15
RD-19900,CA-2016-140382,6/23/2016,16
RD-19900,CA-2016-140382,6/23/2016,17
RD-19900,CA-2016-140382,6/23/2016,18
RD-19900,CA-2016-154235,9/24/2016,19
RD-19900,CA-2017-124401,9/7/2017,20
RD-19900,CA-2017-124401,9/7/2017,21
RD-19930,CA-2014-120775,10/3/2014,1
RD-19930,CA-2014-120775,10/3/2014,2
RD-19930,CA-2014-120775,10/3/2014,3
RD-19930,CA-2014-120775,10/3/2014,4
RD-19930,CA-2014-120775,10/3/2014,5
RD-19930,CA-2017-160122,11/18/2017,6
RD-19930,CA-2017-160122,11/18/2017,7
RD-19930,CA-2017-125115,4/10/2017,8
RD-19930,CA-2017-125115,4/10/2017,9
RD-19930,CA-2015-139248,7/25/2015,10
RE-19405,CA-2014-165477,12/29/2014,1
RE-19450,CA-2015-151589,12/27/2015,1
RE-19450,CA-2015-151589,12/27/2015,2
RE-19450,CA-2017-127621,3/3/2017,3
RE-19450,CA-2014-163867,6/3/2014,4
RE-19450,CA-2014-163867,6/3/2014,5
RE-19450,CA-2016-169215,7/14/2016,6
RE-19450,CA-2015-142454,8/15/2015,7
RE-19450,CA-2015-142454,8/15/2015,8
RF-19345,CA-2016-163167,11/28/2016,1
RF-19345,CA-2016-163167,11/28/2016,2
RF-19345,CA-2016-163167,11/28/2016,3
RF-19345,CA-2016-163167,11/28/2016,4
RF-19345,CA-2014-148425,11/30/2014,5
RF-19345,CA-2014-124079,12/13/2014,6
RF-19345,CA-2014-124079,12/13/2014,7
RF-19345,CA-2016-145009,12/5/2016,8
RF-19345,CA-2016-122518,3/4/2016,9
RF-19345,US-2014-114188,5/20/2014,10
RF-19345,US-2014-114188,5/20/2014,11
RF-19345,US-2014-114188,5/20/2014,12
RF-19345,CA-2015-106187,6/23/2015,13
RF-19345,CA-2015-106187,6/23/2015,14
RF-19345,CA-2015-106187,6/23/2015,15
RF-19345,CA-2014-141152,9/16/2014,16
RF-19735,CA-2017-126074,10/2/2017,1
RF-19735,CA-2017-126074,10/2/2017,2
RF-19735,CA-2017-126074,10/2/2017,3
RF-19735,CA-2017-126074,10/2/2017,4
RF-19735,US-2015-134271,4/18/2015,5
RF-19735,CA-2016-110044,6/28/2016,6
RF-19735,CA-2015-111206,7/18/2015,7
RF-19735,US-2017-130953,7/29/2017,8
RF-19735,US-2017-130953,7/29/2017,9
RF-19735,US-2017-130953,7/29/2017,10
RF-19735,US-2017-130953,7/29/2017,11
RF-19735,CA-2016-105585,8/26/2016,12
RF-19735,CA-2016-105585,8/26/2016,13
RF-19735,CA-2014-115357,8/6/2014,14
RF-19840,CA-2014-151078,11/12/2014,1
RF-19840,CA-2016-136686,12/12/2016,2
RF-19840,CA-2016-136686,12/12/2016,3
RF-19840,CA-2014-123925,12/17/2014,4
RF-19840,CA-2017-117933,12/24/2017,5
RF-19840,CA-2015-130855,12/29/2015,6
RF-19840,CA-2017-136497,4/16/2017,7
RF-19840,CA-2016-139381,4/18/2016,8
RF-19840,CA-2016-125843,8/13/2016,9
RF-19840,CA-2016-125843,8/13/2016,10
RH-19495,CA-2017-121538,11/28/2017,1
RH-19495,CA-2015-124891,7/31/2015,2
RH-19495,CA-2015-124891,7/31/2015,3
RH-19495,CA-2015-124891,7/31/2015,4
RH-19495,CA-2017-106537,8/12/2017,5
RH-19495,CA-2014-110639,8/23/2014,6
RH-19495,CA-2014-110639,8/23/2014,7
RH-19495,CA-2017-151428,9/21/2017,8
RH-19510,CA-2014-149643,11/16/2014,1
RH-19510,CA-2016-169663,3/10/2016,2
RH-19510,CA-2016-169663,3/10/2016,3
RH-19510,CA-2016-122322,7/15/2016,4
RH-19510,CA-2015-157805,8/31/2015,5
RH-19510,CA-2016-168354,9/19/2016,6
RH-19510,CA-2016-168354,9/19/2016,7
RH-19510,CA-2016-168354,9/19/2016,8
RH-19510,CA-2015-167255,9/27/2015,9
RH-19510,CA-2015-167255,9/27/2015,10
RH-19510,CA-2015-167255,9/27/2015,11
RH-19555,CA-2015-110247,12/4/2015,1
RH-19555,CA-2016-164574,7/29/2016,2
RH-19555,CA-2016-164574,7/29/2016,3
RH-19600,CA-2015-109386,11/8/2015,1
RH-19600,CA-2015-109386,11/8/2015,2
RH-19600,CA-2015-109386,11/8/2015,3
RH-19600,CA-2015-109386,11/8/2015,4
RH-19600,CA-2015-109386,11/8/2015,5
RH-19600,CA-2016-101378,7/14/2016,6
RH-19600,CA-2015-157322,7/2/2015,7
RH-19600,CA-2015-157322,7/2/2015,8
RH-19600,CA-2015-157322,7/2/2015,9
RH-19600,CA-2015-157322,7/2/2015,10
RH-19600,CA-2015-157322,7/2/2015,11
RK-19300,CA-2015-159786,10/12/2015,1
RK-19300,CA-2015-160472,7/20/2015,2
RK-19300,CA-2015-160472,7/20/2015,3
RK-19300,CA-2015-160472,7/20/2015,4
RK-19300,CA-2015-160472,7/20/2015,5
RK-19300,CA-2015-160472,7/20/2015,6
RK-19300,CA-2015-160472,7/20/2015,7
RL-19615,CA-2014-133830,12/5/2014,1
RL-19615,CA-2014-133830,12/5/2014,2
RL-19615,CA-2014-133830,12/5/2014,3
RL-19615,CA-2017-159226,4/25/2017,4
RL-19615,US-2017-151127,5/22/2017,5
RL-19615,CA-2016-168753,5/29/2016,6
RL-19615,CA-2016-168753,5/29/2016,7
RL-19615,CA-2015-126557,7/12/2015,8
RL-19615,CA-2015-126557,7/12/2015,9
RL-19615,CA-2015-126557,7/12/2015,10
RL-19615,CA-2015-126557,7/12/2015,11
RL-19615,CA-2015-126557,7/12/2015,12
RL-19615,CA-2015-126557,7/12/2015,13
RL-19615,CA-2015-126557,7/12/2015,14
RL-19615,US-2017-169551,7/7/2017,15
RL-19615,US-2017-169551,7/7/2017,16
RL-19615,US-2017-169551,7/7/2017,17
RL-19615,US-2017-169551,7/7/2017,18
RL-19615,US-2017-169551,7/7/2017,19
RL-19615,US-2017-169551,7/7/2017,20
RL-19615,US-2017-135062,8/31/2017,21
RL-19615,CA-2016-144764,9/2/2016,22
RL-19615,CA-2016-144764,9/2/2016,23
RL-19615,CA-2016-144764,9/2/2016,24
RM-19375,US-2017-127292,1/19/2017,1
RM-19375,US-2017-127292,1/19/2017,2
RM-19375,US-2017-127292,1/19/2017,3
RM-19375,US-2017-127292,1/19/2017,4
RM-19375,CA-2015-156328,11/30/2015,5
RM-19375,US-2016-106600,4/8/2016,6
RM-19375,CA-2014-139017,5/11/2014,7
RM-19375,CA-2014-141278,6/21/2014,8
RM-19375,CA-2016-100965,7/7/2016,9
RM-19675,CA-2015-115392,10/1/2015,1
RM-19675,CA-2015-115392,10/1/2015,2
RM-19675,CA-2015-160171,10/19/2015,3
RM-19675,CA-2015-160171,10/19/2015,4
RM-19675,CA-2014-166989,11/14/2014,5
RM-19675,CA-2014-158274,11/19/2014,6
RM-19675,CA-2014-158274,11/19/2014,7
RM-19675,CA-2014-158274,11/19/2014,8
RM-19675,CA-2017-145219,12/24/2017,9
RM-19675,CA-2017-145219,12/24/2017,10
RM-19750,CA-2017-168193,3/6/2017,1
RM-19750,CA-2017-168193,3/6/2017,2
RO-19780,CA-2016-152940,11/10/2016,1
RO-19780,CA-2017-150266,11/25/2017,2
RO-19780,CA-2017-150266,11/25/2017,3
RO-19780,CA-2017-150266,11/25/2017,4
RO-19780,CA-2017-150266,11/25/2017,5
RO-19780,CA-2015-155600,12/4/2015,6
RO-19780,CA-2015-155600,12/4/2015,7
RO-19780,CA-2015-153752,12/6/2015,8
RO-19780,US-2016-120929,3/18/2016,9
RO-19780,CA-2015-162607,5/12/2015,10
RO-19780,CA-2017-148411,9/24/2017,11
RO-19780,CA-2017-148411,9/24/2017,12
RP-19270,CA-2014-155264,10/19/2014,1
RP-19270,CA-2014-155264,10/19/2014,2
RP-19270,CA-2014-155264,10/19/2014,3
RP-19270,CA-2014-155264,10/19/2014,4
RP-19270,CA-2014-155264,10/19/2014,5
RP-19270,CA-2015-148250,12/13/2015,6
RP-19270,CA-2015-148250,12/13/2015,7
RP-19270,CA-2016-167983,8/21/2016,8
RP-19270,CA-2015-135251,8/6/2015,9
RP-19270,CA-2015-135251,8/6/2015,10
RP-19270,CA-2015-135251,8/6/2015,11
RP-19270,CA-2015-135251,8/6/2015,12
RP-19390,CA-2017-103352,11/27/2017,1
RP-19390,CA-2017-103352,11/27/2017,2
RP-19390,CA-2014-155593,11/3/2014,3
RP-19390,CA-2014-120474,12/1/2014,4
RP-19390,CA-2014-120474,12/1/2014,5
RP-19390,CA-2014-156314,12/24/2014,6
RP-19390,CA-2014-148383,12/27/2014,7
RP-19390,CA-2015-133494,3/1/2015,8
RP-19390,US-2017-145863,4/21/2017,9
RP-19390,US-2017-145863,4/21/2017,10
RP-19390,CA-2015-166492,4/7/2015,11
RP-19390,CA-2015-166492,4/7/2015,12
RP-19390,CA-2014-143413,5/24/2014,13
RP-19390,CA-2016-101980,8/19/2016,14
RP-19390,CA-2016-101980,8/19/2016,15
RP-19390,CA-2016-101980,8/19/2016,16
RP-19390,CA-2014-142769,9/13/2014,17
RP-19390,CA-2014-142769,9/13/2014,18
RP-19390,CA-2014-142769,9/13/2014,19
RP-19390,CA-2014-142769,9/13/2014,20
RP-19390,CA-2014-142769,9/13/2014,21
RP-19390,CA-2014-142769,9/13/2014,22
RP-19390,CA-2014-142769,9/13/2014,23
RP-19390,CA-2014-142769,9/13/2014,24
RP-19855,CA-2017-104108,12/2/2017,1
RP-19855,CA-2015-154326,2/15/2015,2
RP-19855,CA-2015-154326,2/15/2015,3
RP-19855,CA-2015-154326,2/15/2015,4
RP-19855,US-2014-157231,4/5/2014,5
RP-19855,US-2016-150567,5/17/2016,6
RP-19855,US-2016-150567,5/17/2016,7
RP-19855,US-2016-152835,5/19/2016,8
RP-19855,CA-2017-134152,5/27/2017,9
RP-19855,CA-2017-134152,5/27/2017,10
RP-19855,CA-2015-129546,9/28/2015,11
RP-19855,CA-2015-129546,9/28/2015,12
RP-19855,CA-2015-129546,9/28/2015,13
RP-19855,CA-2015-129546,9/28/2015,14
RP-19855,CA-2016-168774,9/4/2016,15
RR-19315,CA-2016-149482,11/14/2016,1
RR-19315,CA-2017-162565,12/11/2017,2
RR-19315,CA-2017-162565,12/11/2017,3
RR-19315,CA-2017-162565,12/11/2017,4
RR-19525,CA-2015-150308,12/15/2015,1
RR-19525,US-2015-131842,12/5/2015,2
RR-19525,CA-2016-101623,2/28/2016,3
RR-19525,CA-2017-102155,7/13/2017,4
RR-19525,CA-2017-102155,7/13/2017,5
RR-19525,CA-2016-115525,7/25/2016,6
RR-19525,CA-2014-126403,9/9/2014,7
RR-19525,CA-2014-126403,9/9/2014,8
RR-19525,CA-2014-126403,9/9/2014,9
RR-19525,CA-2014-126403,9/9/2014,10
RS-19420,CA-2017-115154,1/8/2017,1
RS-19420,CA-2017-164819,10/15/2017,2
RS-19420,US-2016-159093,5/9/2016,3
RS-19420,US-2017-128951,7/15/2017,4
RS-19420,US-2017-128951,7/15/2017,5
RS-19420,US-2017-128951,7/15/2017,6
RS-19420,US-2014-117968,8/5/2014,7
RS-19420,US-2014-117968,8/5/2014,8
RS-19420,US-2014-117968,8/5/2014,9
RS-19765,CA-2017-113670,10/15/2017,1
RS-19765,CA-2017-113670,10/15/2017,2
RS-19765,CA-2017-128300,11/24/2017,3
RS-19765,CA-2014-106726,12/6/2014,4
RS-19765,CA-2017-124114,3/2/2017,5
RS-19765,CA-2014-128846,4/7/2014,6
RS-19765,CA-2014-128846,4/7/2014,7
RS-19765,US-2017-100048,5/19/2017,8
RS-19765,US-2017-100048,5/19/2017,9
RS-19765,US-2017-100048,5/19/2017,10
RS-19765,US-2015-158911,7/5/2015,11
RS-19765,US-2015-158911,7/5/2015,12
RS-19765,CA-2017-152856,9/8/2017,13
RS-19870,CA-2017-142776,12/11/2017,1
RS-19870,CA-2017-142776,12/11/2017,2
RS-19870,CA-2016-107475,6/7/2016,3
RW-19540,CA-2015-157959,2/3/2015,1
RW-19540,CA-2017-141733,5/7/2017,2
RW-19540,CA-2017-141733,5/7/2017,3
RW-19540,CA-2017-141733,5/7/2017,4
RW-19540,CA-2017-141733,5/7/2017,5
RW-19540,CA-2017-166093,8/17/2017,6
RW-19540,CA-2017-166093,8/17/2017,7
RW-19540,CA-2017-166093,8/17/2017,8
RW-19540,CA-2017-166093,8/17/2017,9
RW-19540,CA-2017-166093,8/17/2017,10
RW-19540,CA-2017-166093,8/17/2017,11
RW-19540,CA-2017-166093,8/17/2017,12
RW-19540,CA-2017-101014,8/29/2017,13
RW-19540,CA-2017-128041,9/1/2017,14
RW-19540,CA-2017-128041,9/1/2017,15
RW-19540,CA-2015-132815,9/19/2015,16
RW-19540,CA-2015-124800,9/26/2015,17
RW-19540,CA-2015-124800,9/26/2015,18
RW-19540,CA-2015-124800,9/26/2015,19
RW-19540,CA-2015-124800,9/26/2015,20
RW-19540,CA-2015-124800,9/26/2015,21
RW-19540,CA-2015-124800,9/26/2015,22
RW-19540,CA-2015-124800,9/26/2015,23
RW-19630,CA-2017-123981,10/2/2017,1
RW-19630,CA-2016-144911,11/27/2016,2
RW-19630,CA-2016-144911,11/27/2016,3
RW-19630,CA-2016-142958,12/13/2016,4
RW-19630,CA-2014-111150,12/31/2014,5
RW-19630,CA-2014-111150,12/31/2014,6
RW-19630,US-2016-131114,12/9/2016,7
RW-19630,US-2016-131114,12/9/2016,8
RW-19630,US-2016-131114,12/9/2016,9
RW-19630,CA-2016-165218,3/5/2016,10
RW-19630,CA-2016-165218,3/5/2016,11
RW-19630,CA-2017-155460,4/13/2017,12
RW-19630,CA-2017-155460,4/13/2017,13
RW-19630,CA-2014-156993,6/28/2014,14
RW-19630,CA-2016-112585,7/30/2016,15
RW-19690,CA-2017-167752,1/15/2017,1
RW-19690,CA-2017-167752,1/15/2017,2
RW-19690,CA-2017-112431,10/12/2017,3
RW-19690,CA-2017-112431,10/12/2017,4
RW-19690,CA-2017-169285,3/21/2017,5
RW-19690,CA-2017-169285,3/21/2017,6
RW-19690,CA-2016-145499,5/30/2016,7
RW-19690,CA-2017-110905,9/10/2017,8
RW-19690,CA-2017-110905,9/10/2017,9
RW-19690,CA-2017-110905,9/10/2017,10
RW-19690,CA-2017-110905,9/10/2017,11
RW-19690,CA-2017-110905,9/10/2017,12
RW-19690,CA-2017-110905,9/10/2017,13
RW-19690,CA-2017-110905,9/10/2017,14
RW-19690,CA-2017-110905,9/10/2017,15
SA-20830,CA-2017-160661,10/28/2017,1
SA-20830,CA-2014-154627,10/29/2014,2
SA-20830,CA-2016-167507,12/22/2016,3
SA-20830,CA-2016-167507,12/22/2016,4
SA-20830,CA-2014-133354,2/22/2014,5
SA-20830,CA-2017-124436,3/19/2017,6
SA-20830,CA-2017-124436,3/19/2017,7
SA-20830,CA-2017-124436,3/19/2017,8
SA-20830,CA-2015-122266,4/26/2015,9
SA-20830,CA-2015-122266,4/26/2015,10
SA-20830,CA-2017-127264,4/3/2017,11
SA-20830,CA-2017-122154,4/9/2017,12
SA-20830,CA-2017-122154,4/9/2017,13
SA-20830,CA-2017-122154,4/9/2017,14
SA-20830,US-2017-147998,5/19/2017,15
SA-20830,CA-2015-115938,6/26/2015,16
SA-20830,CA-2015-115938,6/26/2015,17
SA-20830,CA-2015-115938,6/26/2015,18
SA-20830,CA-2015-115938,6/26/2015,19
SB-20170,CA-2017-145807,2/9/2017,1
SB-20170,CA-2017-108441,6/12/2017,2
SB-20170,CA-2017-108441,6/12/2017,3
SB-20170,CA-2017-108441,6/12/2017,4
SB-20170,CA-2017-108441,6/12/2017,5
SB-20170,US-2014-161305,6/6/2014,6
SB-20185,CA-2015-146675,4/16/2015,1
SB-20185,CA-2015-146675,4/16/2015,2
SB-20185,CA-2015-149846,5/22/2015,3
SB-20185,CA-2015-149846,5/22/2015,4
SB-20185,CA-2015-149846,5/22/2015,5
SB-20185,CA-2015-149846,5/22/2015,6
SB-20185,CA-2017-119424,6/12/2017,7
SB-20185,CA-2017-119424,6/12/2017,8
SB-20185,CA-2017-116127,6/25/2017,9
SB-20185,CA-2014-120411,9/20/2014,10
SB-20185,CA-2014-120411,9/20/2014,11
SB-20185,CA-2015-159779,9/25/2015,12
SB-20290,US-2017-165344,11/13/2017,1
SB-20290,US-2017-165344,11/13/2017,2
SB-20290,US-2017-165344,11/13/2017,3
SB-20290,CA-2016-158575,11/18/2016,4
SB-20290,CA-2014-158771,5/9/2014,5
SB-20290,CA-2014-158771,5/9/2014,6
SB-20290,CA-2014-158771,5/9/2014,7
SB-20290,CA-2014-158771,5/9/2014,8
SB-20290,CA-2015-153794,9/11/2015,9
SB-20290,US-2014-106992,9/19/2014,10
SB-20290,US-2014-106992,9/19/2014,11
SB-20290,CA-2014-122882,9/7/2014,12
SB-20290,CA-2014-122882,9/7/2014,13
SB-20290,CA-2014-122882,9/7/2014,14
SB-20290,CA-2014-122882,9/7/2014,15
SB-20290,CA-2017-147361,9/9/2017,16
SB-20290,CA-2017-147361,9/9/2017,17
SC-20020,CA-2014-121006,11/10/2014,1
SC-20020,CA-2014-121006,11/10/2014,2
SC-20020,CA-2014-121006,11/10/2014,3
SC-20020,CA-2014-121006,11/10/2014,4
SC-20020,CA-2014-121006,11/10/2014,5
SC-20020,CA-2014-121006,11/10/2014,6
SC-20020,CA-2015-147690,11/10/2015,7
SC-20020,CA-2014-130421,3/3/2014,8
SC-20020,US-2014-157847,4/2/2014,9
SC-20020,US-2014-157847,4/2/2014,10
SC-20020,CA-2014-166863,6/20/2014,11
SC-20020,CA-2014-166863,6/20/2014,12
SC-20020,CA-2014-166863,6/20/2014,13
SC-20020,CA-2014-166863,6/20/2014,14
SC-20020,CA-2014-166863,6/20/2014,15
SC-20020,CA-2014-166863,6/20/2014,16
SC-20020,CA-2014-166863,6/20/2014,17
SC-20050,CA-2016-129238,1/31/2016,1
SC-20050,CA-2016-129238,1/31/2016,2
SC-20050,CA-2017-154123,11/20/2017,3
SC-20050,CA-2016-123533,11/24/2016,4
SC-20050,CA-2016-123533,11/24/2016,5
SC-20050,CA-2016-123533,11/24/2016,6
SC-20050,US-2014-131275,3/18/2014,7
SC-20050,US-2014-131275,3/18/2014,8
SC-20050,US-2014-131275,3/18/2014,9
SC-20050,US-2017-143028,4/11/2017,10
SC-20050,CA-2015-133627,5/31/2015,11
SC-20050,CA-2016-155005,6/13/2016,12
SC-20050,CA-2017-123022,9/3/2017,13
SC-20050,CA-2017-123022,9/3/2017,14
SC-20050,US-2017-130603,9/30/2017,15
SC-20095,CA-2017-152961,1/15/2017,1
SC-20095,US-2014-157385,11/23/2014,2
SC-20095,US-2014-157385,11/23/2014,3
SC-20095,US-2014-157385,11/23/2014,4
SC-20095,US-2014-157385,11/23/2014,5
SC-20095,CA-2015-123568,11/8/2015,6
SC-20095,CA-2015-123568,11/8/2015,7
SC-20095,CA-2015-123568,11/8/2015,8
SC-20095,CA-2015-123568,11/8/2015,9
SC-20095,US-2014-110674,2/12/2014,10
SC-20095,CA-2014-117016,3/4/2014,11
SC-20095,CA-2016-130638,5/16/2016,12
SC-20095,CA-2016-130638,5/16/2016,13
SC-20095,CA-2016-126158,7/25/2016,14
SC-20095,CA-2016-126158,7/25/2016,15
SC-20095,CA-2016-126158,7/25/2016,16
SC-20095,CA-2016-126158,7/25/2016,17
SC-20095,CA-2014-152268,9/2/2014,18
SC-20095,CA-2014-116904,9/23/2014,19
SC-20095,CA-2014-116904,9/23/2014,20
SC-20095,CA-2014-116904,9/23/2014,21
SC-20095,CA-2014-116904,9/23/2014,22
SC-20230,CA-2016-108350,6/6/2016,1
SC-20230,CA-2016-156685,7/8/2016,2
SC-20230,CA-2016-156685,7/8/2016,3
SC-20230,US-2016-126452,8/21/2016,4
SC-20230,US-2016-126452,8/21/2016,5
SC-20230,US-2016-126452,8/21/2016,6
SC-20230,US-2016-126452,8/21/2016,7
SC-20230,US-2016-126452,8/21/2016,8
SC-20230,US-2016-126452,8/21/2016,9
SC-20230,US-2016-126452,8/21/2016,10
SC-20230,CA-2017-141747,8/3/2017,11
SC-20260,CA-2015-152681,1/17/2015,1
SC-20260,CA-2014-128622,11/15/2014,2
SC-20260,CA-2015-137106,3/31/2015,3
SC-20260,CA-2017-144680,3/31/2017,4
SC-20260,CA-2014-169803,4/6/2014,5
SC-20260,CA-2014-169803,4/6/2014,6
SC-20260,CA-2017-107132,6/26/2017,7
SC-20260,CA-2017-107132,6/26/2017,8
SC-20260,CA-2017-107132,6/26/2017,9
SC-20260,CA-2017-107132,6/26/2017,10
SC-20260,CA-2015-111514,8/31/2015,11
SC-20260,CA-2015-111514,8/31/2015,12
SC-20260,CA-2015-111514,8/31/2015,13
SC-20260,CA-2015-111514,8/31/2015,14
SC-20260,US-2014-127635,9/14/2014,15
SC-20260,US-2014-127635,9/14/2014,16
SC-20260,US-2014-127635,9/14/2014,17
SC-20260,US-2014-127635,9/14/2014,18
SC-20305,CA-2015-164777,1/27/2015,1
SC-20305,CA-2017-122539,12/1/2017,2
SC-20305,CA-2017-122539,12/1/2017,3
SC-20305,CA-2014-113257,12/16/2014,4
SC-20305,CA-2014-113257,12/16/2014,5
SC-20305,CA-2016-101651,12/24/2016,6
SC-20305,CA-2016-101651,12/24/2016,7
SC-20305,CA-2017-146360,4/23/2017,8
SC-20305,CA-2017-106103,6/10/2017,9
SC-20305,CA-2017-146920,8/28/2017,10
SC-20305,CA-2017-146920,8/28/2017,11
SC-20380,CA-2017-142090,11/30/2017,1
SC-20380,CA-2017-142090,11/30/2017,2
SC-20380,CA-2017-126354,2/3/2017,3
SC-20380,CA-2017-126354,2/3/2017,4
SC-20380,CA-2014-131009,3/1/2014,5
SC-20380,CA-2014-131009,3/1/2014,6
SC-20380,CA-2014-131009,3/1/2014,7
SC-20380,CA-2014-131009,3/1/2014,8
SC-20380,CA-2017-153843,3/13/2017,9
SC-20380,CA-2017-153843,3/13/2017,10
SC-20380,CA-2017-153843,3/13/2017,11
SC-20380,CA-2017-138975,5/19/2017,12
SC-20380,CA-2017-138975,5/19/2017,13
SC-20380,CA-2017-138975,5/19/2017,14
SC-20380,CA-2017-138975,5/19/2017,15
SC-20380,CA-2015-142419,7/11/2015,16
SC-20380,CA-2015-113740,8/24/2015,17
SC-20380,CA-2017-142293,9/17/2017,18
SC-20380,US-2016-149790,9/26/2016,19
SC-20440,CA-2015-166135,10/1/2015,1
SC-20440,CA-2017-115119,10/26/2017,2
SC-20440,CA-2017-115119,10/26/2017,3
SC-20440,CA-2017-131366,11/24/2017,4
SC-20440,CA-2017-131366,11/24/2017,5
SC-20440,CA-2015-111297,8/17/2015,6
SC-20440,CA-2017-136000,9/22/2017,7
SC-20440,CA-2015-103835,9/24/2015,8
SC-20440,CA-2015-103835,9/24/2015,9
SC-20440,CA-2015-113523,9/4/2015,10
SC-20575,CA-2015-162761,10/9/2015,1
SC-20575,CA-2015-162761,10/9/2015,2
SC-20575,CA-2015-162761,10/9/2015,3
SC-20575,CA-2014-136644,6/16/2014,4
SC-20575,CA-2017-132955,6/24/2017,5
SC-20575,CA-2017-101728,8/19/2017,6
SC-20575,US-2017-141509,9/29/2017,7
SC-20680,CA-2014-154781,11/21/2014,1
SC-20680,CA-2014-154781,11/21/2014,2
SC-20680,CA-2016-113726,11/24/2016,3
SC-20680,CA-2016-155383,12/17/2016,4
SC-20680,CA-2016-143924,7/28/2016,5
SC-20680,CA-2016-143924,7/28/2016,6
SC-20680,CA-2017-128475,8/26/2017,7
SC-20680,US-2015-164308,9/24/2015,8
SC-20695,CA-2017-152926,10/2/2017,1
SC-20695,CA-2017-152926,10/2/2017,2
SC-20695,CA-2015-158659,11/10/2015,3
SC-20695,US-2016-151260,12/11/2016,4
SC-20695,CA-2014-151379,12/16/2014,5
SC-20695,CA-2015-111017,7/31/2015,6
SC-20695,CA-2016-114713,7/7/2016,7
SC-20695,CA-2017-145443,8/10/2017,8
SC-20695,CA-2016-112277,9/10/2016,9
SC-20695,CA-2016-152457,9/12/2016,10
SC-20695,US-2016-124163,9/25/2016,11
SC-20695,US-2016-124163,9/25/2016,12
SC-20695,US-2016-124163,9/25/2016,13
SC-20695,US-2016-124163,9/25/2016,14
SC-20725,CA-2017-144463,1/1/2017,1
SC-20725,CA-2016-153661,1/30/2016,2
SC-20725,CA-2016-153661,1/30/2016,3
SC-20725,CA-2016-153661,1/30/2016,4
SC-20725,CA-2014-159310,11/7/2014,5
SC-20725,CA-2014-159310,11/7/2014,6
SC-20725,CA-2014-159310,11/7/2014,7
SC-20725,CA-2017-108539,3/21/2017,8
SC-20725,CA-2017-108539,3/21/2017,9
SC-20725,CA-2017-108539,3/21/2017,10
SC-20725,CA-2016-103730,6/12/2016,11
SC-20725,CA-2016-103730,6/12/2016,12
SC-20725,CA-2016-103730,6/12/2016,13
SC-20725,CA-2016-103730,6/12/2016,14
SC-20725,CA-2016-103730,6/12/2016,15
SC-20725,CA-2017-163531,6/26/2017,16
SC-20725,CA-2015-128860,6/29/2015,17
SC-20725,CA-2014-135657,6/3/2014,18
SC-20725,CA-2015-119627,8/17/2015,19
SC-20725,CA-2015-119627,8/17/2015,20
SC-20725,CA-2015-119627,8/17/2015,21
SC-20725,CA-2015-119627,8/17/2015,22
SC-20725,CA-2015-165057,9/11/2015,23
SC-20725,CA-2015-165057,9/11/2015,24
SC-20725,US-2015-161991,9/26/2015,25
SC-20725,US-2015-161991,9/26/2015,26
SC-20770,CA-2016-105963,11/15/2016,1
SC-20770,CA-2017-112529,11/19/2017,2
SC-20770,CA-2017-112529,11/19/2017,3
SC-20770,US-2016-114013,3/13/2016,4
SC-20770,US-2016-114013,3/13/2016,5
SC-20770,US-2016-114013,3/13/2016,6
SC-20770,US-2016-114013,3/13/2016,7
SC-20770,US-2016-114013,3/13/2016,8
SC-20770,US-2016-114013,3/13/2016,9
SC-20770,US-2016-114013,3/13/2016,10
SC-20770,US-2016-114013,3/13/2016,11
SC-20770,US-2016-114013,3/13/2016,12
SC-20770,CA-2017-146024,3/2/2017,13
SC-20770,CA-2017-146024,3/2/2017,14
SC-20770,CA-2016-127208,6/12/2016,15
SC-20770,CA-2016-127208,6/12/2016,16
SC-20770,CA-2016-131744,6/18/2016,17
SC-20770,CA-2016-131744,6/18/2016,18
SC-20770,CA-2016-131744,6/18/2016,19
SC-20770,CA-2015-140144,6/20/2015,20
SC-20770,CA-2015-140144,6/20/2015,21
SC-20800,CA-2017-102267,11/30/2017,1
SC-20800,CA-2015-155761,12/11/2015,2
SC-20800,CA-2015-155761,12/11/2015,3
SC-20800,CA-2016-168536,12/20/2016,4
SC-20800,CA-2017-135167,6/15/2017,5
SC-20845,CA-2016-103128,11/11/2016,1
SC-20845,CA-2017-117646,8/21/2017,2
SC-20845,CA-2017-117646,8/21/2017,3
SC-20845,CA-2017-117646,8/21/2017,4
SD-20485,US-2014-155502,1/26/2014,1
SD-20485,US-2014-155502,1/26/2014,2
SD-20485,US-2014-155502,1/26/2014,3
SD-20485,US-2014-155502,1/26/2014,4
SD-20485,US-2014-155502,1/26/2014,5
SD-20485,CA-2014-150329,10/10/2014,6
SD-20485,US-2017-141698,4/15/2017,7
SD-20485,CA-2015-120782,4/28/2015,8
SD-20485,CA-2015-120782,4/28/2015,9
SD-20485,US-2014-118486,4/6/2014,10
SD-20485,US-2014-118486,4/6/2014,11
SD-20485,US-2014-118486,4/6/2014,12
SD-20485,CA-2017-102337,6/13/2017,13
SD-20485,CA-2017-102337,6/13/2017,14
SD-20485,CA-2015-142139,8/31/2015,15
SD-20485,CA-2014-101476,9/12/2014,16
SD-20485,CA-2016-102932,9/19/2016,17
SD-20485,CA-2016-102932,9/19/2016,18
SE-20110,CA-2017-123624,11/13/2017,1
SE-20110,US-2014-107993,11/25/2014,2
SE-20110,CA-2017-144827,12/21/2017,3
SE-20110,CA-2016-158841,2/2/2016,4
SE-20110,CA-2016-158841,2/2/2016,5
SE-20110,CA-2016-158841,2/2/2016,6
SE-20110,CA-2017-105851,3/13/2017,7
SE-20110,US-2014-121734,4/11/2014,8
SE-20110,CA-2015-111164,4/11/2015,9
SE-20110,CA-2015-111164,4/11/2015,10
SE-20110,CA-2015-111164,4/11/2015,11
SE-20110,CA-2016-142405,6/11/2016,12
SE-20110,CA-2016-142405,6/11/2016,13
SE-20110,CA-2016-142405,6/11/2016,14
SE-20110,CA-2017-155047,8/27/2017,15
SE-20110,CA-2014-158225,9/22/2014,16
SE-20110,CA-2014-158225,9/22/2014,17
SE-20110,US-2016-115455,9/8/2016,18
SE-20110,US-2016-115455,9/8/2016,19
SF-20065,CA-2017-104136,11/1/2017,1
SF-20065,CA-2017-104136,11/1/2017,2
SF-20065,US-2015-164357,11/25/2015,3
SF-20065,CA-2016-130442,12/16/2016,4
SF-20065,CA-2015-142937,12/5/2015,5
SF-20065,US-2017-156909,7/16/2017,6
SF-20065,CA-2015-148495,8/13/2015,7
SF-20065,CA-2014-113383,9/10/2014,8
SF-20065,CA-2014-113383,9/10/2014,9
SF-20200,CA-2017-123967,11/1/2017,1
SF-20200,CA-2017-123967,11/1/2017,2
SF-20200,CA-2016-127250,11/3/2016,3
SF-20200,CA-2014-142314,12/23/2014,4
SF-20200,CA-2015-153108,3/5/2015,5
SF-20200,CA-2015-153108,3/5/2015,6
SF-20200,CA-2016-132899,4/7/2016,7
SF-20200,US-2017-158505,7/21/2017,8
SF-20200,US-2017-158505,7/21/2017,9
SF-20200,CA-2017-163097,8/27/2017,10
SF-20200,CA-2016-128811,9/12/2016,11
SF-20200,CA-2016-128811,9/12/2016,12
SF-20200,CA-2016-128811,9/12/2016,13
SF-20200,CA-2015-120341,9/26/2015,14
SF-20200,CA-2015-120341,9/26/2015,15
SF-20965,CA-2015-121097,1/3/2015,1
SF-20965,CA-2014-169852,10/21/2014,2
SF-20965,CA-2016-146913,10/31/2016,3
SF-20965,CA-2015-161214,10/5/2015,4
SF-20965,CA-2017-122644,11/12/2017,5
SF-20965,CA-2017-122644,11/12/2017,6
SF-20965,CA-2015-138009,11/29/2015,7
SF-20965,CA-2015-138009,11/29/2015,8
SF-20965,CA-2015-138009,11/29/2015,9
SF-20965,CA-2015-138009,11/29/2015,10
SF-20965,CA-2017-139311,8/11/2017,11
SF-20965,CA-2017-139311,8/11/2017,12
SF-20965,CA-2017-139311,8/11/2017,13
SF-20965,CA-2015-143077,9/17/2015,14
SF-20965,CA-2015-143077,9/17/2015,15
SF-20965,CA-2017-152205,9/28/2017,16
SG-20080,CA-2015-164882,10/31/2015,1
SG-20080,CA-2015-164882,10/31/2015,2
SG-20080,CA-2015-164882,10/31/2015,3
SG-20080,CA-2015-164882,10/31/2015,4
SG-20080,CA-2015-164882,10/31/2015,5
SG-20080,CA-2015-164882,10/31/2015,6
SG-20080,CA-2015-164882,10/31/2015,7
SG-20080,CA-2015-164882,10/31/2015,8
SG-20080,CA-2015-164882,10/31/2015,9
SG-20080,CA-2015-162544,12/16/2015,10
SG-20080,CA-2017-155376,12/22/2017,11
SG-20470,CA-2015-140375,10/2/2015,1
SG-20470,CA-2015-140375,10/2/2015,2
SG-20470,CA-2014-159800,11/28/2014,3
SG-20470,CA-2014-159800,11/28/2014,4
SG-20470,CA-2015-130218,3/23/2015,5
SG-20470,CA-2015-130218,3/23/2015,6
SG-20470,CA-2015-153535,5/20/2015,7
SG-20470,CA-2015-153535,5/20/2015,8
SG-20470,CA-2015-165799,6/29/2015,9
SG-20470,US-2017-102890,6/30/2017,10
SG-20470,CA-2014-116190,7/26/2014,11
SG-20470,CA-2014-116190,7/26/2014,12
SG-20470,CA-2014-116190,7/26/2014,13
SG-20470,CA-2016-130484,8/22/2016,14
SG-20605,CA-2014-146997,1/23/2014,1
SG-20605,CA-2014-121573,11/3/2014,2
SG-20605,CA-2014-121573,11/3/2014,3
SG-20605,CA-2014-169446,12/19/2014,4
SG-20605,CA-2014-169446,12/19/2014,5
SG-20605,CA-2014-169446,12/19/2014,6
SG-20605,US-2015-127040,12/6/2015,7
SG-20605,US-2015-127040,12/6/2015,8
SG-20605,US-2015-127040,12/6/2015,9
SG-20605,US-2015-127040,12/6/2015,10
SG-20605,CA-2017-125381,4/25/2017,11
SG-20605,CA-2017-139493,9/13/2017,12
SG-20890,US-2014-105151,3/30/2014,1
SG-20890,CA-2017-112536,5/18/2017,2
SG-20890,CA-2017-112536,5/18/2017,3
SG-20890,CA-2016-144337,8/1/2016,4
SH-19975,CA-2017-127922,10/27/2017,1
SH-19975,CA-2017-127922,10/27/2017,2
SH-19975,CA-2016-125164,11/10/2016,3
SH-19975,CA-2016-125164,11/10/2016,4
SH-19975,CA-2017-101805,12/1/2017,5
SH-19975,CA-2017-101805,12/1/2017,6
SH-19975,US-2014-112991,12/10/2014,7
SH-19975,US-2014-112991,12/10/2014,8
SH-19975,CA-2016-151512,12/26/2016,9
SH-19975,CA-2017-125101,3/6/2017,10
SH-19975,CA-2016-125920,5/21/2016,11
SH-19975,US-2016-115441,7/25/2016,12
SH-19975,US-2016-115441,7/25/2016,13
SH-19975,US-2016-115441,7/25/2016,14
SH-19975,US-2016-115441,7/25/2016,15
SH-19975,US-2016-115441,7/25/2016,16
SH-19975,CA-2017-106180,9/18/2017,17
SH-19975,CA-2017-106180,9/18/2017,18
SH-19975,CA-2017-106180,9/18/2017,19
SH-19975,CA-2016-109743,9/22/2016,20
SH-19975,CA-2016-109743,9/22/2016,21
SH-19975,US-2017-108245,9/22/2017,22
SH-19975,US-2017-108245,9/22/2017,23
SH-19975,CA-2015-149083,9/25/2015,24
SH-19975,CA-2015-149083,9/25/2015,25
SH-19975,CA-2015-149083,9/25/2015,26
SH-19975,US-2016-146794,9/26/2016,27
SH-20395,CA-2015-112053,10/11/2015,1
SH-20395,CA-2014-115889,11/2/2014,2
SH-20395,CA-2014-115889,11/2/2014,3
SH-20395,CA-2014-165764,11/3/2014,4
SH-20395,CA-2014-165764,11/3/2014,5
SH-20395,CA-2014-165764,11/3/2014,6
SH-20395,CA-2014-165764,11/3/2014,7
SH-20395,CA-2016-113600,12/15/2016,8
SH-20395,CA-2017-157980,12/7/2017,9
SH-20395,CA-2017-110884,3/7/2017,10
SH-20395,CA-2017-110884,3/7/2017,11
SH-20395,CA-2017-126774,4/15/2017,12
SH-20395,CA-2017-168900,5/4/2017,13
SH-20395,CA-2017-168172,8/6/2017,14
SH-20395,CA-2017-122280,9/10/2017,15
SH-20635,CA-2015-166975,11/26/2015,1
SH-20635,CA-2014-124247,12/16/2014,2
SJ-20125,CA-2016-147123,12/10/2016,1
SJ-20125,CA-2016-140571,3/15/2016,2
SJ-20125,CA-2016-140571,3/15/2016,3
SJ-20125,CA-2017-120719,3/23/2017,4
SJ-20125,CA-2016-130400,3/8/2016,5
SJ-20125,CA-2016-130400,3/8/2016,6
SJ-20125,CA-2017-161984,4/10/2017,7
SJ-20125,CA-2017-161984,4/10/2017,8
SJ-20125,CA-2017-166849,4/20/2017,9
SJ-20125,CA-2017-110212,5/1/2017,10
SJ-20125,CA-2017-100433,8/11/2017,11
SJ-20125,CA-2016-159730,9/17/2016,12
SJ-20125,CA-2016-159730,9/17/2016,13
SJ-20125,CA-2017-105669,9/17/2017,14
SJ-20125,CA-2017-105669,9/17/2017,15
SJ-20125,CA-2017-105669,9/17/2017,16
SJ-20125,CA-2017-105669,9/17/2017,17
SJ-20125,CA-2015-102260,9/22/2015,18
SJ-20125,CA-2015-102260,9/22/2015,19
SJ-20125,CA-2015-102260,9/22/2015,20
SJ-20125,CA-2015-102260,9/22/2015,21
SJ-20125,CA-2017-129490,9/26/2017,22
SJ-20215,CA-2017-113355,12/1/2017,1
SJ-20215,CA-2017-113355,12/1/2017,2
SJ-20215,CA-2015-146038,2/9/2015,3
SJ-20215,CA-2017-100615,4/20/2017,4
SJ-20215,CA-2017-100615,4/20/2017,5
SJ-20215,CA-2017-100615,4/20/2017,6
SJ-20215,CA-2015-161627,7/6/2015,7
SJ-20215,CA-2017-122987,8/16/2017,8
SJ-20215,CA-2017-122987,8/16/2017,9
SJ-20500,CA-2014-138240,10/9/2014,1
SJ-20500,CA-2014-138240,10/9/2014,2
SJ-20500,CA-2016-157336,12/1/2016,3
SJ-20500,CA-2016-157336,12/1/2016,4
SJ-20500,US-2017-152366,4/21/2017,5
SJ-20500,CA-2014-143385,8/31/2014,6
SK-19990,CA-2016-105018,11/28/2016,1
SK-19990,CA-2017-119193,12/22/2017,2
SK-19990,CA-2017-119193,12/22/2017,3
SK-19990,CA-2017-108553,4/23/2017,4
SK-19990,CA-2017-108553,4/23/2017,5
SL-20155,CA-2017-145884,10/21/2017,1
SL-20155,CA-2017-145884,10/21/2017,2
SL-20155,US-2014-155817,10/3/2014,3
SL-20155,US-2014-155817,10/3/2014,4
SL-20155,CA-2016-100587,12/10/2016,5
SL-20155,CA-2015-153549,3/29/2015,6
SL-20155,US-2015-107349,7/13/2015,7
SL-20155,CA-2014-124513,9/21/2014,8
SL-20155,CA-2017-156391,9/26/2017,9
SM-20005,CA-2014-159625,11/23/2014,1
SM-20005,US-2016-111563,11/4/2016,2
SM-20005,US-2016-111563,11/4/2016,3
SM-20005,CA-2014-148488,12/10/2014,4
SM-20005,US-2016-154256,6/23/2016,5
SM-20320,CA-2017-149146,10/12/2017,1
SM-20320,CA-2015-144890,12/25/2015,2
SM-20320,CA-2014-145317,3/18/2014,3
SM-20320,CA-2014-145317,3/18/2014,4
SM-20320,CA-2014-145317,3/18/2014,5
SM-20320,CA-2014-145317,3/18/2014,6
SM-20320,CA-2014-145317,3/18/2014,7
SM-20320,CA-2014-145317,3/18/2014,8
SM-20320,CA-2014-145317,3/18/2014,9
SM-20320,CA-2017-145128,7/9/2017,10
SM-20320,US-2015-130512,8/21/2015,11
SM-20320,US-2015-130512,8/21/2015,12
SM-20320,US-2015-130512,8/21/2015,13
SM-20320,US-2015-130512,8/21/2015,14
SM-20320,US-2015-130512,8/21/2015,15
SM-20905,CA-2016-129280,5/3/2016,1
SM-20905,CA-2016-129280,5/3/2016,2
SM-20905,CA-2016-129280,5/3/2016,3
SM-20905,CA-2016-129280,5/3/2016,4
SM-20905,CA-2016-129280,5/3/2016,5
SM-20905,CA-2016-129280,5/3/2016,6
SM-20950,US-2016-144393,10/28/2016,1
SM-20950,CA-2014-126907,11/1/2014,2
SM-20950,CA-2015-100685,12/19/2015,3
SM-20950,CA-2015-100685,12/19/2015,4
SM-20950,CA-2015-100685,12/19/2015,5
SM-20950,CA-2014-163412,12/20/2014,6
SM-20950,CA-2017-105235,12/5/2017,7
SM-20950,CA-2017-105235,12/5/2017,8
SM-20950,CA-2017-105235,12/5/2017,9
SM-20950,CA-2016-154067,2/1/2016,10
SM-20950,US-2015-116981,3/26/2015,11
SM-20950,US-2015-116981,3/26/2015,12
SM-20950,CA-2017-120614,5/30/2017,13
SM-20950,CA-2017-150497,7/20/2017,14
SM-20950,CA-2015-107902,8/28/2015,15
SM-20950,CA-2016-125724,9/22/2016,16
SM-20950,CA-2014-122931,9/29/2014,17
SM-20950,CA-2014-122931,9/29/2014,18
SM-20950,CA-2014-122931,9/29/2014,19
SM-20950,CA-2014-122931,9/29/2014,20
SM-20950,CA-2014-122931,9/29/2014,21
SM-20950,CA-2014-122931,9/29/2014,22
SN-20560,CA-2015-144652,11/20/2015,1
SN-20560,CA-2017-154102,2/6/2017,2
SN-20560,CA-2015-122287,6/18/2015,3
SN-20560,CA-2015-122287,6/18/2015,4
SN-20560,CA-2015-122287,6/18/2015,5
SN-20560,CA-2015-122287,6/18/2015,6
SN-20560,CA-2016-118101,6/26/2016,7
SN-20560,CA-2016-118101,6/26/2016,8
SN-20560,CA-2016-118101,6/26/2016,9
SN-20560,CA-2017-152093,9/10/2017,10
SN-20560,CA-2015-125934,9/11/2015,11
SN-20560,CA-2015-125934,9/11/2015,12
SN-20560,CA-2015-125934,9/11/2015,13
SN-20560,CA-2015-125934,9/11/2015,14
SN-20560,CA-2015-125934,9/11/2015,15
SN-20710,CA-2017-152702,10/12/2017,1
SN-20710,CA-2016-119963,11/18/2016,2
SN-20710,CA-2016-119963,11/18/2016,3
SN-20710,CA-2016-119963,11/18/2016,4
SN-20710,CA-2016-119963,11/18/2016,5
SN-20710,CA-2015-125234,11/27/2015,6
SN-20710,CA-2015-125234,11/27/2015,7
SN-20710,CA-2015-117415,12/27/2015,8
SN-20710,CA-2015-117415,12/27/2015,9
SN-20710,CA-2015-117415,12/27/2015,10
SN-20710,CA-2015-117415,12/27/2015,11
SN-20710,US-2016-146570,5/15/2016,12
SN-20710,US-2016-146570,5/15/2016,13
SN-20710,US-2016-146570,5/15/2016,14
SN-20710,US-2014-154879,5/6/2014,15
SN-20710,US-2014-154879,5/6/2014,16
SN-20710,CA-2016-169957,9/26/2016,17
SN-20710,CA-2016-169957,9/26/2016,18
SN-20710,CA-2016-169957,9/26/2016,19
SO-20335,CA-2017-149076,1/14/2017,1
SO-20335,US-2015-108966,10/11/2015,2
SO-20335,US-2015-108966,10/11/2015,3
SO-20335,CA-2017-166926,12/1/2017,4
SO-20335,CA-2017-166926,12/1/2017,5
SO-20335,CA-2015-161718,12/4/2015,6
SO-20335,CA-2015-161718,12/4/2015,7
SO-20335,CA-2015-161718,12/4/2015,8
SO-20335,CA-2015-161718,12/4/2015,9
SO-20335,CA-2017-101700,4/23/2017,10
SO-20335,CA-2017-101700,4/23/2017,11
SO-20335,CA-2017-147228,9/9/2017,12
SO-20335,CA-2017-147228,9/9/2017,13
SO-20335,CA-2017-147228,9/9/2017,14
SO-20335,CA-2017-147228,9/9/2017,15
SP-20545,CA-2014-123316,10/13/2014,1
SP-20545,US-2016-128909,10/9/2016,2
SP-20545,US-2016-128909,10/9/2016,3
SP-20545,US-2017-101840,2/6/2017,4
SP-20545,US-2017-101840,2/6/2017,5
SP-20545,CA-2016-102134,3/14/2016,6
SP-20545,CA-2016-123666,3/26/2016,7
SP-20545,US-2016-103646,4/21/2016,8
SP-20545,US-2016-103646,4/21/2016,9
SP-20545,US-2016-103646,4/21/2016,10
SP-20620,CA-2015-149636,1/6/2015,1
SP-20620,CA-2015-149636,1/6/2015,2
SP-20620,CA-2017-112844,11/13/2017,3
SP-20620,CA-2017-112844,11/13/2017,4
SP-20620,CA-2014-104738,12/30/2014,5
SP-20620,CA-2014-104738,12/30/2014,6
SP-20620,CA-2014-104738,12/30/2014,7
SP-20620,CA-2014-104738,12/30/2014,8
SP-20620,CA-2014-104738,12/30/2014,9
SP-20620,CA-2016-131289,12/8/2016,10
SP-20620,CA-2016-131289,12/8/2016,11
SP-20620,CA-2016-131289,12/8/2016,12
SP-20620,US-2017-162208,8/27/2017,13
SP-20620,CA-2015-131597,9/14/2015,14
SP-20620,CA-2017-148929,9/7/2017,15
SP-20620,CA-2014-123127,9/8/2014,16
SP-20620,US-2017-118087,9/9/2017,17
SP-20620,US-2017-118087,9/9/2017,18
SP-20620,US-2017-118087,9/9/2017,19
SP-20620,US-2017-118087,9/9/2017,20
SP-20620,US-2017-118087,9/9/2017,21
SP-20620,US-2017-118087,9/9/2017,22
SP-20620,US-2017-118087,9/9/2017,23
SP-20620,US-2017-118087,9/9/2017,24
SP-20650,CA-2016-149349,11/12/2016,1
SP-20650,US-2014-124625,11/3/2014,2
SP-20650,CA-2016-133802,3/14/2016,3
SP-20650,US-2016-140172,3/8/2016,4
SP-20650,US-2016-140172,3/8/2016,5
SP-20650,CA-2014-155208,4/16/2014,6
SP-20650,CA-2015-124919,5/31/2015,7
SP-20650,CA-2015-124919,5/31/2015,8
SP-20650,CA-2015-124919,5/31/2015,9
SP-20650,CA-2016-136770,8/14/2016,10
SP-20650,CA-2016-136770,8/14/2016,11
SP-20650,CA-2016-136770,8/14/2016,12
SP-20650,CA-2014-110065,8/5/2014,13
SP-20650,CA-2014-110065,8/5/2014,14
SP-20860,CA-2017-169362,10/12/2017,1
SP-20860,US-2016-163881,11/24/2016,2
SP-20860,US-2016-163881,11/24/2016,3
SP-20860,US-2016-163881,11/24/2016,4
SP-20860,CA-2014-119466,12/15/2014,5
SP-20860,CA-2015-103870,12/27/2015,6
SP-20860,CA-2015-103870,12/27/2015,7
SP-20860,CA-2015-103870,12/27/2015,8
SP-20860,CA-2015-103870,12/27/2015,9
SP-20860,CA-2015-103870,12/27/2015,10
SP-20860,CA-2014-164259,12/28/2014,11
SP-20860,CA-2015-156923,2/16/2015,12
SP-20860,CA-2017-110478,3/4/2017,13
SP-20860,CA-2017-110478,3/4/2017,14
SP-20860,US-2015-126753,8/16/2015,15
SP-20860,US-2015-126753,8/16/2015,16
SP-20860,US-2015-126753,8/16/2015,17
SP-20860,US-2015-126753,8/16/2015,18
SP-20860,US-2015-126753,8/16/2015,19
SP-20860,US-2015-126753,8/16/2015,20
SP-20860,CA-2017-160017,9/28/2017,21
SP-20860,CA-2015-105158,9/5/2015,22
SP-20860,CA-2015-105158,9/5/2015,23
SP-20920,CA-2017-100356,10/21/2017,1
SP-20920,CA-2016-105291,10/30/2016,2
SP-20920,CA-2016-124590,11/12/2016,3
SP-20920,CA-2016-124590,11/12/2016,4
SP-20920,CA-2016-124590,11/12/2016,5
SP-20920,CA-2016-124590,11/12/2016,6
SP-20920,CA-2016-124590,11/12/2016,7
SP-20920,CA-2014-135090,11/22/2014,8
SP-20920,CA-2017-161172,3/16/2017,9
SP-20920,CA-2017-161172,3/16/2017,10
SP-20920,CA-2017-161172,3/16/2017,11
SP-20920,CA-2017-161172,3/16/2017,12
SP-20920,CA-2017-161172,3/16/2017,13
SP-20920,CA-2016-152800,4/13/2016,14
SR-20425,CA-2017-120061,11/2/2017,1
SR-20425,CA-2017-143658,11/8/2017,2
SR-20425,CA-2017-100412,12/22/2017,3
SR-20425,CA-2017-134845,4/17/2017,4
SR-20425,CA-2017-134845,4/17/2017,5
SR-20425,CA-2017-134845,4/17/2017,6
SR-20425,CA-2017-134845,4/17/2017,7
SR-20425,CA-2017-134845,4/17/2017,8
SR-20425,CA-2014-140487,6/14/2014,9
SR-20740,CA-2015-154970,1/5/2015,1
SR-20740,CA-2016-132661,10/23/2016,2
SR-20740,US-2014-147704,11/16/2014,3
SR-20740,US-2014-147704,11/16/2014,4
SR-20740,US-2014-147704,11/16/2014,5
SR-20740,US-2014-147704,11/16/2014,6
SR-20740,CA-2014-133634,11/5/2014,7
SR-20740,CA-2014-164903,2/20/2014,8
SR-20740,CA-2016-162222,4/3/2016,9
SR-20740,CA-2017-165323,6/17/2017,10
SR-20740,CA-2017-165323,6/17/2017,11
SR-20740,CA-2015-150196,7/2/2015,12
SS-20140,CA-2017-165603,10/17/2017,1
SS-20140,CA-2017-165603,10/17/2017,2
SS-20140,CA-2014-120544,11/23/2014,3
SS-20140,CA-2014-120544,11/23/2014,4
SS-20140,CA-2014-120544,11/23/2014,5
SS-20140,CA-2017-136063,12/15/2017,6
SS-20140,CA-2016-101168,12/25/2016,7
SS-20140,CA-2017-108322,4/30/2017,8
SS-20140,CA-2017-108322,4/30/2017,9
SS-20140,CA-2017-145772,6/3/2017,10
SS-20140,CA-2017-145772,6/3/2017,11
SS-20140,CA-2017-145772,6/3/2017,12
SS-20140,CA-2017-164756,9/18/2017,13
SS-20140,CA-2017-164756,9/18/2017,14
SS-20140,CA-2017-164756,9/18/2017,15
SS-20140,CA-2017-164756,9/18/2017,16
SS-20140,CA-2017-164756,9/18/2017,17
SS-20140,CA-2017-164756,9/18/2017,18
SS-20140,CA-2017-164756,9/18/2017,19
SS-20140,CA-2015-143616,9/27/2015,20
SS-20410,CA-2014-127558,11/15/2014,1
SS-20410,CA-2014-127558,11/15/2014,2
SS-20410,CA-2014-127558,11/15/2014,3
SS-20410,CA-2015-119879,11/21/2015,4
SS-20410,CA-2015-119879,11/21/2015,5
SS-20410,CA-2014-145800,5/30/2014,6
SS-20410,CA-2017-159954,9/10/2017,7
SS-20410,CA-2017-127726,9/11/2017,8
SS-20410,CA-2017-127726,9/11/2017,9
SS-20410,CA-2014-126193,9/7/2014,10
SS-20410,CA-2014-126193,9/7/2014,11
SS-20410,CA-2014-126193,9/7/2014,12
SS-20515,CA-2014-124464,7/14/2014,1
SS-20515,CA-2015-103135,7/24/2015,2
SS-20515,CA-2015-103135,7/24/2015,3
SS-20515,CA-2015-103135,7/24/2015,4
SS-20515,CA-2015-103135,7/24/2015,5
SS-20515,US-2016-163538,8/26/2016,6
SS-20590,CA-2016-166275,10/24/2016,1
SS-20590,CA-2015-120551,4/13/2015,2
SS-20590,CA-2016-169166,5/9/2016,3
SS-20590,CA-2016-136287,6/13/2016,4
SS-20590,CA-2014-150490,8/5/2014,5
SS-20590,CA-2014-150490,8/5/2014,6
SS-20590,CA-2014-150490,8/5/2014,7
SS-20590,CA-2016-116540,9/2/2016,8
SS-20590,CA-2016-116540,9/2/2016,9
SS-20875,CA-2015-163965,11/20/2015,1
SS-20875,CA-2015-163965,11/20/2015,2
SS-20875,CA-2015-163965,11/20/2015,3
SS-20875,CA-2015-163965,11/20/2015,4
SS-20875,US-2014-123519,12/14/2014,5
SS-20875,US-2014-123519,12/14/2014,6
SS-20875,US-2014-123519,12/14/2014,7
SS-20875,CA-2015-154900,2/25/2015,8
SS-20875,US-2016-146710,8/27/2016,9
SS-20875,US-2016-146710,8/27/2016,10
SS-20875,CA-2017-107909,9/1/2017,11
SS-20875,CA-2017-107909,9/1/2017,12
ST-20530,CA-2014-152345,12/29/2014,1
ST-20530,CA-2014-152345,12/29/2014,2
ST-20530,CA-2014-107706,2/14/2014,3
ST-20530,CA-2015-153325,3/1/2015,4
ST-20530,CA-2017-106852,6/20/2017,5
ST-20530,CA-2017-106852,6/20/2017,6
ST-20530,CA-2014-164182,7/14/2014,7
ST-20530,CA-2014-164182,7/14/2014,8
ST-20530,CA-2014-164182,7/14/2014,9
ST-20530,CA-2014-164182,7/14/2014,10
ST-20530,CA-2017-101273,8/27/2017,11
ST-20530,CA-2014-163559,9/23/2014,12
SU-20665,CA-2017-148922,12/10/2017,1
SU-20665,CA-2017-148922,12/10/2017,2
SU-20665,CA-2017-148922,12/10/2017,3
SU-20665,CA-2015-134943,12/5/2015,4
SU-20665,CA-2017-157966,3/13/2017,5
SU-20665,CA-2017-157966,3/13/2017,6
SU-20665,CA-2017-157966,3/13/2017,7
SU-20665,CA-2017-157966,3/13/2017,8
SU-20665,CA-2017-157966,3/13/2017,9
SU-20665,CA-2017-157966,3/13/2017,10
SU-20665,CA-2017-157966,3/13/2017,11
SU-20665,US-2016-126431,7/1/2016,12
SU-20665,US-2016-126431,7/1/2016,13
SU-20665,US-2016-126431,7/1/2016,14
SU-20665,CA-2016-123414,8/21/2016,15
SU-20665,CA-2016-123414,8/21/2016,16
SU-20665,CA-2017-111388,9/2/2017,17
SU-20665,CA-2016-164490,9/5/2016,18
SV-20365,CA-2014-130092,1/11/2014,1
SV-20365,CA-2015-168746,1/27/2015,2
SV-20365,CA-2015-168746,1/27/2015,3
SV-20365,CA-2015-168746,1/27/2015,4
SV-20365,US-2016-136581,11/10/2016,5
SV-20365,CA-2014-134572,4/20/2014,6
SV-20365,CA-2014-134572,4/20/2014,7
SV-20365,CA-2014-134572,4/20/2014,8
SV-20365,CA-2016-118745,6/11/2016,9
SV-20365,US-2017-165358,7/18/2017,10
SV-20365,US-2017-165358,7/18/2017,11
SV-20365,US-2017-165358,7/18/2017,12
SV-20365,CA-2017-159793,8/25/2017,13
SV-20365,CA-2017-161200,8/6/2017,14
SV-20365,CA-2017-161200,8/6/2017,15
SV-20365,CA-2016-157511,9/18/2016,16
SV-20365,CA-2016-157511,9/18/2016,17
SV-20365,CA-2016-157511,9/18/2016,18
SV-20365,CA-2017-100111,9/20/2017,19
SV-20365,CA-2017-100111,9/20/2017,20
SV-20365,CA-2017-100111,9/20/2017,21
SV-20365,CA-2017-100111,9/20/2017,22
SV-20365,CA-2017-100111,9/20/2017,23
SV-20365,CA-2017-100111,9/20/2017,24
SV-20365,CA-2017-100111,9/20/2017,25
SV-20365,CA-2017-100111,9/20/2017,26
SV-20365,CA-2017-100111,9/20/2017,27
SV-20365,CA-2017-100111,9/20/2017,28
SV-20365,CA-2017-100111,9/20/2017,29
SV-20365,CA-2017-100111,9/20/2017,30
SV-20785,CA-2015-149097,10/20/2015,1
SV-20785,CA-2015-149097,10/20/2015,2
SV-20785,CA-2015-162887,11/7/2015,3
SV-20785,CA-2017-151176,2/13/2017,4
SV-20785,CA-2017-151176,2/13/2017,5
SV-20785,US-2014-158365,4/12/2014,6
SV-20785,CA-2016-148852,5/26/2016,7
SV-20785,CA-2016-148852,5/26/2016,8
SV-20785,CA-2016-148852,5/26/2016,9
SV-20785,CA-2016-148852,5/26/2016,10
SV-20785,CA-2016-148852,5/26/2016,11
SV-20785,CA-2015-112130,5/3/2015,12
SV-20785,CA-2015-112130,5/3/2015,13
SV-20785,CA-2015-112130,5/3/2015,14
SV-20785,CA-2015-112130,5/3/2015,15
SV-20785,CA-2015-112130,5/3/2015,16
SV-20785,CA-2015-112130,5/3/2015,17
SV-20785,CA-2015-112130,5/3/2015,18
SV-20785,CA-2014-100895,6/2/2014,19
SV-20785,CA-2014-100895,6/2/2014,20
SV-20785,CA-2014-100895,6/2/2014,21
SV-20785,US-2014-160780,6/21/2014,22
SV-20785,US-2014-160780,6/21/2014,23
SV-20785,CA-2014-169257,6/6/2014,24
SV-20785,CA-2014-169257,6/6/2014,25
SV-20815,CA-2017-100237,10/15/2017,1
SV-20815,CA-2015-146290,5/4/2015,2
SV-20815,CA-2016-160598,8/26/2016,3
SV-20815,CA-2015-126697,9/21/2015,4
SV-20815,CA-2015-126697,9/21/2015,5
SV-20815,CA-2015-126697,9/21/2015,6
SV-20935,CA-2016-133669,10/21/2016,1
SV-20935,CA-2017-116225,11/5/2017,2
SV-20935,CA-2017-147767,12/2/2017,3
SV-20935,US-2017-147669,12/25/2017,4
SV-20935,US-2017-147669,12/25/2017,5
SV-20935,US-2017-147669,12/25/2017,6
SV-20935,US-2017-147669,12/25/2017,7
SV-20935,CA-2017-122798,12/28/2017,8
SV-20935,CA-2017-122798,12/28/2017,9
SV-20935,CA-2016-136371,3/19/2016,10
SV-20935,CA-2016-136371,3/19/2016,11
SV-20935,CA-2017-116953,4/24/2017,12
SV-20935,CA-2016-124681,7/18/2016,13
SW-20245,CA-2017-111717,10/10/2017,1
SW-20245,CA-2015-100657,11/2/2015,2
SW-20245,CA-2015-101091,12/5/2015,3
SW-20245,CA-2015-101091,12/5/2015,4
SW-20245,US-2017-134642,2/25/2017,5
SW-20245,US-2017-134642,2/25/2017,6
SW-20245,US-2016-119270,3/12/2016,7
SW-20245,CA-2014-142965,7/20/2014,8
SW-20245,CA-2014-142965,7/20/2014,9
SW-20275,CA-2016-127761,11/10/2016,1
SW-20275,CA-2016-127761,11/10/2016,2
SW-20275,CA-2017-137022,11/16/2017,3
SW-20275,CA-2017-107874,11/21/2017,4
SW-20275,CA-2017-119305,11/30/2017,5
SW-20275,US-2014-100279,3/10/2014,6
SW-20275,CA-2017-148145,3/18/2017,7
SW-20350,US-2016-133508,4/17/2016,1
SW-20350,CA-2016-128517,4/9/2016,2
SW-20350,CA-2016-128517,4/9/2016,3
SW-20350,US-2017-160465,7/21/2017,4
SW-20350,US-2017-160465,7/21/2017,5
SW-20350,US-2017-160465,7/21/2017,6
SW-20455,CA-2015-154886,11/8/2015,1
SW-20455,CA-2015-150560,12/11/2015,2
SW-20455,CA-2015-153423,6/22/2015,3
SW-20455,CA-2017-139948,7/17/2017,4
SW-20455,CA-2017-145429,7/21/2017,5
SW-20455,CA-2017-145429,7/21/2017,6
SW-20455,CA-2017-145429,7/21/2017,7
SW-20455,CA-2016-140249,9/27/2016,8
SW-20455,US-2015-151435,9/6/2015,9
SW-20755,CA-2014-134726,11/2/2014,1
SW-20755,CA-2014-134726,11/2/2014,2
SW-20755,CA-2016-137050,7/14/2016,3
SW-20755,CA-2016-137050,7/14/2016,4
SW-20755,CA-2016-137050,7/14/2016,5
SW-20755,CA-2016-137050,7/14/2016,6
SW-20755,CA-2016-137050,7/14/2016,7
SW-20755,CA-2016-137050,7/14/2016,8
SZ-20035,CA-2017-157273,1/30/2017,1
SZ-20035,CA-2017-129000,11/25/2017,2
SZ-20035,CA-2014-132227,11/4/2014,3
SZ-20035,CA-2017-105144,11/4/2017,4
SZ-20035,CA-2015-154284,12/21/2015,5
SZ-20035,CA-2015-154284,12/21/2015,6
SZ-20035,CA-2015-154284,12/21/2015,7
SZ-20035,CA-2015-154284,12/21/2015,8
SZ-20035,CA-2015-136105,6/12/2015,9
SZ-20035,US-2017-111024,7/3/2017,10
SZ-20035,US-2017-111024,7/3/2017,11
SZ-20035,CA-2017-133249,7/8/2017,12
SZ-20035,CA-2016-113096,9/2/2016,13
SZ-20035,CA-2016-135965,9/22/2016,14
SZ-20035,CA-2014-105165,9/7/2014,15
SZ-20035,CA-2014-105165,9/7/2014,16
SZ-20035,CA-2014-105165,9/7/2014,17
SZ-20035,CA-2014-105165,9/7/2014,18
SZ-20035,CA-2014-105165,9/7/2014,19
TA-21385,CA-2017-127180,10/22/2017,1
TA-21385,CA-2017-127180,10/22/2017,2
TA-21385,CA-2017-127180,10/22/2017,3
TA-21385,CA-2017-127180,10/22/2017,4
TA-21385,CA-2017-140536,4/4/2017,5
TA-21385,US-2014-119081,9/12/2014,6
TA-21385,US-2014-119081,9/12/2014,7
TA-21385,US-2014-119081,9/12/2014,8
TA-21385,US-2014-119081,9/12/2014,9
TA-21385,CA-2016-129847,9/2/2016,10
TB-21055,CA-2017-117156,3/21/2017,1
TB-21055,CA-2016-111682,6/17/2016,2
TB-21055,CA-2016-111682,6/17/2016,3
TB-21055,CA-2016-111682,6/17/2016,4
TB-21055,CA-2016-111682,6/17/2016,5
TB-21055,CA-2016-111682,6/17/2016,6
TB-21055,CA-2016-111682,6/17/2016,7
TB-21055,CA-2016-111682,6/17/2016,8
TB-21055,CA-2016-145982,8/27/2016,9
TB-21055,CA-2016-145982,8/27/2016,10
TB-21055,CA-2016-145982,8/27/2016,11
TB-21055,CA-2016-145982,8/27/2016,12
TB-21055,CA-2016-145982,8/27/2016,13
TB-21055,CA-2016-145982,8/27/2016,14
TB-21055,CA-2017-163566,8/3/2017,15
TB-21055,CA-2017-145037,9/2/2017,16
TB-21055,CA-2017-145037,9/2/2017,17
TB-21055,CA-2017-145037,9/2/2017,18
TB-21175,CA-2017-143567,11/2/2017,1
TB-21175,CA-2017-143567,11/2/2017,2
TB-21175,CA-2017-143567,11/2/2017,3
TB-21175,CA-2017-143567,11/2/2017,4
TB-21175,CA-2014-104773,12/8/2014,5
TB-21175,CA-2016-161473,4/1/2016,6
TB-21175,CA-2016-161473,4/1/2016,7
TB-21175,CA-2016-161473,4/1/2016,8
TB-21175,CA-2016-124254,4/12/2016,9
TB-21175,CA-2016-124254,4/12/2016,10
TB-21190,CA-2017-162096,11/10/2017,1
TB-21190,CA-2017-148985,11/11/2017,2
TB-21190,CA-2015-160059,11/27/2015,3
TB-21190,CA-2014-163447,12/27/2014,4
TB-21250,US-2017-104661,1/15/2017,1
TB-21250,US-2017-104661,1/15/2017,2
TB-21250,US-2017-104661,1/15/2017,3
TB-21250,US-2016-166660,1/30/2016,4
TB-21250,US-2016-166660,1/30/2016,5
TB-21250,CA-2016-162614,10/7/2016,6
TB-21250,CA-2015-141040,10/9/2015,7
TB-21250,CA-2015-141040,10/9/2015,8
TB-21250,US-2016-112970,11/14/2016,9
TB-21250,CA-2015-117898,12/5/2015,10
TB-21250,CA-2014-129364,12/8/2014,11
TB-21250,CA-2014-129364,12/8/2014,12
TB-21250,CA-2014-129364,12/8/2014,13
TB-21250,CA-2014-129364,12/8/2014,14
TB-21250,CA-2014-129364,12/8/2014,15
TB-21250,CA-2014-129364,12/8/2014,16
TB-21250,CA-2014-129364,12/8/2014,17
TB-21250,CA-2014-129364,12/8/2014,18
TB-21280,US-2016-155180,1/22/2016,1
TB-21280,CA-2014-131527,12/1/2014,2
TB-21280,CA-2016-134887,3/25/2016,3
TB-21280,CA-2016-157266,5/26/2016,4
TB-21280,CA-2016-157266,5/26/2016,5
TB-21280,CA-2016-157266,5/26/2016,6
TB-21280,CA-2016-157266,5/26/2016,7
TB-21280,CA-2014-130624,6/21/2014,8
TB-21280,CA-2014-130624,6/21/2014,9
TB-21280,CA-2014-130624,6/21/2014,10
TB-21280,CA-2014-133389,6/22/2014,11
TB-21355,CA-2016-153346,1/25/2016,1
TB-21355,CA-2016-153346,1/25/2016,2
TB-21355,CA-2016-154711,11/22/2016,3
TB-21355,CA-2016-154711,11/22/2016,4
TB-21355,CA-2017-159464,5/18/2017,5
TB-21355,CA-2017-159464,5/18/2017,6
TB-21355,CA-2017-159464,5/18/2017,7
TB-21355,CA-2017-159464,5/18/2017,8
TB-21355,CA-2017-159464,5/18/2017,9
TB-21355,CA-2016-117919,8/27/2016,10
TB-21355,CA-2016-117919,8/27/2016,11
TB-21355,CA-2017-136609,8/6/2017,12
TB-21400,CA-2014-110422,1/21/2014,1
TB-21400,CA-2014-145541,12/14/2014,2
TB-21400,CA-2014-111059,2/3/2014,3
TB-21400,CA-2014-111059,2/3/2014,4
TB-21400,US-2017-120147,3/30/2017,5
TB-21400,US-2017-120147,3/30/2017,6
TB-21400,CA-2016-164735,4/14/2016,7
TB-21400,CA-2017-134565,6/11/2017,8
TB-21400,CA-2017-134565,6/11/2017,9
TB-21400,CA-2017-134565,6/11/2017,10
TB-21400,CA-2014-131002,9/7/2014,11
TB-21400,CA-2014-131002,9/7/2014,12
TB-21400,CA-2014-131002,9/7/2014,13
TB-21400,CA-2014-131002,9/7/2014,14
TB-21400,CA-2014-131002,9/7/2014,15
TB-21520,CA-2014-124394,10/17/2014,1
TB-21520,CA-2014-124394,10/17/2014,2
TB-21520,CA-2015-131128,10/19/2015,3
TB-21520,CA-2014-142587,10/21/2014,4
TB-21520,CA-2014-142587,10/21/2014,5
TB-21520,CA-2014-168473,12/26/2014,6
TB-21520,CA-2016-117912,2/4/2016,7
TB-21520,CA-2017-133718,7/23/2017,8
TB-21520,CA-2017-133718,7/23/2017,9
TB-21520,CA-2017-114440,9/14/2017,10
TB-21520,US-2015-150630,9/17/2015,11
TB-21520,US-2015-150630,9/17/2015,12
TB-21520,US-2015-150630,9/17/2015,13
TB-21520,US-2015-150630,9/17/2015,14
TB-21520,US-2015-150630,9/17/2015,15
TB-21520,US-2015-150630,9/17/2015,16
TB-21520,CA-2015-130883,9/26/2015,17
TB-21520,CA-2015-130883,9/26/2015,18
TB-21520,CA-2015-130883,9/26/2015,19
TB-21595,US-2014-139640,11/7/2014,1
TB-21595,US-2014-139640,11/7/2014,2
TB-21595,CA-2016-156300,12/29/2016,3
TB-21595,US-2014-165589,2/18/2014,4
TB-21595,CA-2017-154214,3/20/2017,5
TB-21595,CA-2016-127236,3/29/2016,6
TB-21595,CA-2016-127236,3/29/2016,7
TB-21625,CA-2015-152891,10/25/2015,1
TB-21625,CA-2015-152891,10/25/2015,2
TB-21625,US-2017-116505,11/17/2017,3
TB-21625,US-2017-165456,11/30/2017,4
TB-21625,CA-2015-156377,12/31/2015,5
TB-21625,CA-2015-156377,12/31/2015,6
TB-21625,CA-2017-120168,5/25/2017,7
TB-21625,CA-2017-120168,5/25/2017,8
TB-21625,CA-2017-120168,5/25/2017,9
TB-21625,CA-2017-120168,5/25/2017,10
TB-21625,CA-2015-149601,5/28/2015,11
TB-21625,CA-2015-149601,5/28/2015,12
TB-21625,CA-2016-111696,5/8/2016,13
TB-21625,CA-2014-137575,8/6/2014,14
TB-21625,CA-2016-153157,9/11/2016,15
TC-20980,CA-2016-118689,10/2/2016,1
TC-20980,CA-2016-118689,10/2/2016,2
TC-20980,CA-2016-118689,10/2/2016,3
TC-20980,CA-2016-118689,10/2/2016,4
TC-20980,CA-2016-129693,11/26/2016,5
TC-20980,CA-2014-123498,11/7/2014,6
TC-20980,CA-2014-123498,11/7/2014,7
TC-20980,CA-2014-153087,12/27/2014,8
TC-20980,CA-2014-153087,12/27/2014,9
TC-20980,CA-2015-156013,9/20/2015,10
TC-20980,CA-2015-156013,9/20/2015,11
TC-21145,CA-2017-124205,9/15/2017,1
TC-21145,CA-2017-124205,9/15/2017,2
TC-21145,CA-2017-124205,9/15/2017,3
TC-21145,CA-2017-124205,9/15/2017,4
TC-21295,CA-2014-151330,10/14/2014,1
TC-21295,CA-2014-151330,10/14/2014,2
TC-21295,CA-2014-151330,10/14/2014,3
TC-21295,US-2017-153633,11/13/2017,4
TC-21295,CA-2017-142489,11/14/2017,5
TC-21295,CA-2014-140816,12/20/2014,6
TC-21295,CA-2017-136875,12/3/2017,7
TC-21295,CA-2017-167668,5/6/2017,8
TC-21295,CA-2016-147368,6/9/2016,9
TC-21295,CA-2017-121048,7/14/2017,10
TC-21295,CA-2017-121048,7/14/2017,11
TC-21295,CA-2017-121048,7/14/2017,12
TC-21295,CA-2017-121048,7/14/2017,13
TC-21295,CA-2017-121048,7/14/2017,14
TC-21295,CA-2017-121048,7/14/2017,15
TC-21475,US-2014-112200,11/22/2014,1
TC-21475,CA-2016-100307,12/15/2016,2
TC-21475,CA-2016-140564,12/5/2016,3
TC-21475,CA-2017-121419,4/2/2017,4
TC-21475,CA-2017-121419,4/2/2017,5
TC-21475,CA-2015-151841,4/27/2015,6
TC-21475,CA-2015-151841,4/27/2015,7
TC-21475,US-2017-144582,4/30/2017,8
TC-21475,CA-2017-155740,7/30/2017,9
TC-21475,US-2016-141880,8/22/2016,10
TC-21535,CA-2016-166226,11/18/2016,1
TC-21535,CA-2016-166226,11/18/2016,2
TC-21535,CA-2014-153619,11/3/2014,3
TC-21535,CA-2017-112487,12/26/2017,4
TC-21535,US-2015-142020,6/4/2015,5
TC-21535,US-2015-142020,6/4/2015,6
TC-21535,CA-2016-157217,7/19/2016,7
TC-21535,CA-2016-157217,7/19/2016,8
TC-21535,CA-2015-115847,9/19/2015,9
TD-20995,US-2016-167339,1/21/2016,1
TD-20995,US-2016-167339,1/21/2016,2
TD-20995,CA-2017-150959,11/11/2017,3
TD-20995,CA-2017-150959,11/11/2017,4
TD-20995,CA-2017-103156,11/23/2017,5
TD-20995,CA-2017-104010,4/23/2017,6
TD-20995,CA-2014-130155,5/19/2014,7
TD-20995,CA-2017-111178,6/15/2017,8
TD-20995,CA-2017-134306,7/8/2017,9
TD-20995,CA-2017-134306,7/8/2017,10
TD-20995,CA-2017-134306,7/8/2017,11
TD-20995,US-2017-100209,7/9/2017,12
TD-20995,CA-2015-114468,8/23/2015,13
TD-20995,CA-2015-114468,8/23/2015,14
TD-20995,CA-2015-114468,8/23/2015,15
TD-20995,CA-2015-114468,8/23/2015,16
TG-21310,US-2017-104437,1/27/2017,1
TG-21310,CA-2016-146633,11/15/2016,2
TG-21310,CA-2016-146633,11/15/2016,3
TG-21310,CA-2015-110345,3/9/2015,4
TG-21310,CA-2015-143364,7/14/2015,5
TG-21310,CA-2015-143364,7/14/2015,6
TG-21310,CA-2015-143364,7/14/2015,7
TG-21310,CA-2015-143364,7/14/2015,8
TG-21310,CA-2016-166429,9/2/2016,9
TG-21640,CA-2014-130428,3/31/2014,1
TG-21640,CA-2014-130428,3/31/2014,2
TG-21640,CA-2014-130428,3/31/2014,3
TG-21640,CA-2015-141012,6/9/2015,4
TG-21640,CA-2015-141012,6/9/2015,5
TG-21640,CA-2015-149713,9/18/2015,6
TG-21640,CA-2015-149713,9/18/2015,7
TG-21640,CA-2015-149713,9/18/2015,8
TG-21640,CA-2017-128783,9/7/2017,9
TG-21640,CA-2017-128783,9/7/2017,10
TH-21100,CA-2017-161809,1/20/2017,1
TH-21100,CA-2014-153850,11/24/2014,2
TH-21100,CA-2014-153850,11/24/2014,3
TH-21100,CA-2015-133837,4/13/2015,4
TH-21100,CA-2016-159765,5/9/2016,5
TH-21100,US-2014-133130,9/27/2014,6
TH-21100,US-2014-133130,9/27/2014,7
TH-21115,CA-2017-127782,11/2/2017,1
TH-21115,CA-2017-127782,11/2/2017,2
TH-21115,CA-2017-127782,11/2/2017,3
TH-21115,CA-2017-127782,11/2/2017,4
TH-21115,CA-2016-125087,4/18/2016,5
TH-21115,CA-2016-125087,4/18/2016,6
TH-21115,CA-2016-125087,4/18/2016,7
TH-21115,CA-2016-152520,7/8/2016,8
TH-21115,CA-2014-148369,9/23/2014,9
TH-21235,CA-2016-152646,11/21/2016,1
TH-21235,US-2014-134187,11/4/2014,2
TH-21235,CA-2014-114517,12/23/2014,3
TH-21235,CA-2014-114517,12/23/2014,4
TH-21235,CA-2016-108224,5/14/2016,5
TH-21235,CA-2016-132409,5/26/2016,6
TH-21235,CA-2016-132409,5/26/2016,7
TH-21235,US-2017-118556,5/28/2017,8
TH-21235,US-2017-118556,5/28/2017,9
TH-21235,CA-2017-132682,6/8/2017,10
TH-21235,CA-2017-132682,6/8/2017,11
TH-21235,CA-2017-132682,6/8/2017,12
TH-21235,CA-2017-117261,9/4/2017,13
TH-21550,US-2017-120390,10/19/2017,1
TH-21550,CA-2014-113887,4/5/2014,2
TH-21550,CA-2015-100769,5/16/2015,3
TH-21550,CA-2017-133256,6/26/2017,4
TH-21550,CA-2017-133256,6/26/2017,5
TH-21550,CA-2015-120810,7/23/2015,6
TH-21550,CA-2015-120810,7/23/2015,7
TH-21550,CA-2017-112956,8/21/2017,8
TH-21550,CA-2017-112956,8/21/2017,9
TH-21550,CA-2017-112956,8/21/2017,10
TH-21550,CA-2015-117800,9/21/2015,11
TH-21550,CA-2015-117800,9/21/2015,12
TM-21010,CA-2017-144589,1/20/2017,1
TM-21010,CA-2017-144589,1/20/2017,2
TM-21010,CA-2017-160927,1/29/2017,3
TM-21010,CA-2017-160927,1/29/2017,4
TM-21010,CA-2017-160927,1/29/2017,5
TM-21010,CA-2017-160927,1/29/2017,6
TM-21010,CA-2014-165540,2/21/2014,7
TM-21010,CA-2014-156006,4/30/2014,8
TM-21010,CA-2015-147788,5/31/2015,9
TM-21010,CA-2015-147788,5/31/2015,10
TM-21010,CA-2015-147788,5/31/2015,11
TM-21010,CA-2014-154669,8/8/2014,12
TM-21010,CA-2015-102015,9/12/2015,13
TM-21010,CA-2015-102015,9/12/2015,14
TM-21010,CA-2015-102015,9/12/2015,15
TM-21010,CA-2015-102015,9/12/2015,16
TM-21010,CA-2015-102015,9/12/2015,17
TM-21010,CA-2017-134439,9/18/2017,18
TM-21490,CA-2017-113474,3/30/2017,1
TM-21490,CA-2017-108791,7/27/2017,2
TM-21490,CA-2017-108791,7/27/2017,3
TM-21490,CA-2017-131037,8/22/2017,4
TN-21040,US-2017-139577,10/1/2017,1
TN-21040,CA-2014-140403,10/10/2014,2
TN-21040,CA-2014-140403,10/10/2014,3
TN-21040,CA-2016-155446,12/16/2016,4
TN-21040,CA-2016-109869,4/22/2016,5
TN-21040,CA-2016-109869,4/22/2016,6
TN-21040,CA-2016-109869,4/22/2016,7
TN-21040,CA-2016-109869,4/22/2016,8
TN-21040,CA-2016-109869,4/22/2016,9
TN-21040,CA-2016-121377,5/28/2016,10
TN-21040,US-2016-109260,9/26/2016,11
TN-21040,CA-2015-140557,9/7/2015,12
TP-21130,CA-2017-119669,1/24/2017,1
TP-21130,CA-2017-120376,12/22/2017,2
TP-21130,CA-2017-120376,12/22/2017,3
TP-21130,CA-2017-120376,12/22/2017,4
TP-21130,CA-2017-120376,12/22/2017,5
TP-21130,US-2017-107384,12/4/2017,6
TP-21130,US-2017-107384,12/4/2017,7
TP-21130,US-2017-107384,12/4/2017,8
TP-21130,CA-2016-109722,12/5/2016,9
TP-21130,CA-2016-109722,12/5/2016,10
TP-21130,CA-2015-116841,4/14/2015,11
TP-21130,CA-2016-120180,7/14/2016,12
TP-21130,CA-2016-117408,8/31/2016,13
TP-21130,CA-2016-142370,9/19/2016,14
TP-21130,CA-2016-142370,9/19/2016,15
TP-21130,CA-2015-126970,9/20/2015,16
TP-21415,CA-2015-136196,11/28/2015,1
TP-21415,CA-2017-118773,2/9/2017,2
TP-21415,CA-2017-118773,2/9/2017,3
TP-21415,CA-2017-118773,2/9/2017,4
TP-21415,CA-2017-118773,2/9/2017,5
TP-21415,CA-2017-118892,8/17/2017,6
TP-21415,CA-2016-145303,8/28/2016,7
TP-21415,CA-2016-145303,8/28/2016,8
TP-21415,CA-2016-145303,8/28/2016,9
TP-21415,CA-2017-137470,9/17/2017,10
TP-21565,US-2017-106131,1/14/2017,1
TP-21565,US-2017-106131,1/14/2017,2
TP-21565,CA-2016-103919,10/3/2016,3
TP-21565,CA-2016-163328,11/4/2016,4
TP-21565,CA-2016-163328,11/4/2016,5
TP-21565,CA-2016-163328,11/4/2016,6
TP-21565,CA-2016-163328,11/4/2016,7
TP-21565,CA-2016-163328,11/4/2016,8
TP-21565,CA-2016-163328,11/4/2016,9
TP-21565,CA-2015-104052,3/1/2015,10
TR-21325,CA-2014-131051,12/1/2014,1
TR-21325,CA-2017-101434,6/20/2017,2
TR-21325,CA-2017-101434,6/20/2017,3
TR-21325,CA-2016-119515,8/14/2016,4
TR-21325,CA-2016-160815,9/5/2016,5
TR-21325,CA-2016-110009,9/8/2016,6
TS-21085,US-2017-168690,1/7/2017,1
TS-21085,US-2015-160150,7/19/2015,2
TS-21160,CA-2016-120005,3/3/2016,1
TS-21160,CA-2016-120005,3/3/2016,2
TS-21160,CA-2015-161263,4/16/2015,3
TS-21160,CA-2015-161263,4/16/2015,4
TS-21160,CA-2015-161263,4/16/2015,5
TS-21160,CA-2015-161263,4/16/2015,6
TS-21160,CA-2015-161263,4/16/2015,7
TS-21160,CA-2015-161263,4/16/2015,8
TS-21160,CA-2015-149342,4/20/2015,9
TS-21160,CA-2015-149342,4/20/2015,10
TS-21160,US-2014-112564,4/23/2014,11
TS-21160,US-2016-152051,6/25/2016,12
TS-21160,US-2016-152051,6/25/2016,13
TS-21160,US-2016-152051,6/25/2016,14
TS-21160,CA-2016-156251,8/13/2016,15
TS-21160,CA-2016-156251,8/13/2016,16
TS-21205,CA-2014-140662,11/17/2014,1
TS-21205,CA-2014-140662,11/17/2014,2
TS-21205,CA-2014-140662,11/17/2014,3
TS-21205,CA-2014-169649,12/9/2014,4
TS-21205,CA-2014-169649,12/9/2014,5
TS-21205,US-2014-107405,3/21/2014,6
TS-21205,CA-2017-119284,6/15/2017,7
TS-21205,CA-2017-119284,6/15/2017,8
TS-21205,CA-2017-119284,6/15/2017,9
TS-21205,CA-2017-119284,6/15/2017,10
TS-21205,CA-2017-119284,6/15/2017,11
TS-21205,CA-2017-119284,6/15/2017,12
TS-21205,CA-2017-119284,6/15/2017,13
TS-21205,CA-2014-160262,6/9/2014,14
TS-21205,CA-2014-160262,6/9/2014,15
TS-21205,CA-2014-160262,6/9/2014,16
TS-21205,CA-2016-155978,8/1/2016,17
TS-21205,CA-2016-155978,8/1/2016,18
TS-21205,CA-2014-120887,9/27/2014,19
TS-21340,CA-2014-146591,1/19/2014,1
TS-21340,CA-2014-146591,1/19/2014,2
TS-21340,CA-2014-146591,1/19/2014,3
TS-21340,CA-2014-146591,1/19/2014,4
TS-21340,CA-2015-153416,11/24/2015,5
TS-21340,CA-2015-153416,11/24/2015,6
TS-21340,CA-2015-153416,11/24/2015,7
TS-21340,CA-2015-153416,11/24/2015,8
TS-21340,CA-2015-146829,3/10/2015,9
TS-21340,CA-2017-117863,5/18/2017,10
TS-21340,CA-2014-140032,9/8/2014,11
TS-21370,CA-2014-101931,10/28/2014,1
TS-21370,CA-2014-101931,10/28/2014,2
TS-21370,CA-2014-101931,10/28/2014,3
TS-21370,CA-2014-101931,10/28/2014,4
TS-21370,CA-2014-101931,10/28/2014,5
TS-21370,CA-2017-143112,10/5/2017,6
TS-21370,CA-2017-143112,10/5/2017,7
TS-21370,CA-2017-143112,10/5/2017,8
TS-21370,CA-2017-166436,11/24/2017,9
TS-21370,US-2017-139647,5/11/2017,10
TS-21370,CA-2015-136469,7/11/2015,11
TS-21370,CA-2015-136469,7/11/2015,12
TS-21370,CA-2015-136469,7/11/2015,13
TS-21370,US-2015-100377,8/28/2015,14
TS-21430,CA-2014-155796,11/11/2014,1
TS-21430,CA-2014-155796,11/11/2014,2
TS-21430,CA-2016-128972,11/13/2016,3
TS-21430,CA-2017-136623,7/11/2017,4
TS-21430,CA-2017-136623,7/11/2017,5
TS-21430,CA-2014-111192,7/30/2014,6
TS-21430,US-2016-100405,8/26/2016,7
TS-21505,CA-2017-152737,11/7/2017,1
TS-21505,CA-2017-152737,11/7/2017,2
TS-21505,CA-2017-116946,12/19/2017,3
TS-21505,CA-2017-116946,12/19/2017,4
TS-21505,CA-2017-116946,12/19/2017,5
TS-21505,CA-2014-134551,12/20/2014,6
TS-21505,CA-2014-134551,12/20/2014,7
TS-21505,CA-2014-134551,12/20/2014,8
TS-21505,CA-2017-106747,7/3/2017,9
TS-21505,CA-2017-166856,9/18/2017,10
TS-21505,CA-2017-166856,9/18/2017,11
TS-21505,CA-2016-113978,9/25/2016,12
TS-21505,CA-2016-113978,9/25/2016,13
TS-21505,CA-2016-113978,9/25/2016,14
TS-21610,CA-2017-163160,10/13/2017,1
TS-21610,CA-2017-163160,10/13/2017,2
TS-21610,CA-2017-163160,10/13/2017,3
TS-21610,US-2017-107272,11/5/2017,4
TS-21610,US-2017-107272,11/5/2017,5
TS-21610,CA-2017-124191,6/12/2017,6
TS-21610,CA-2017-105214,6/16/2017,7
TS-21610,CA-2014-142839,8/16/2014,8
TS-21610,CA-2016-131093,9/17/2016,9
TS-21610,CA-2016-110023,9/9/2016,10
TS-21655,CA-2017-147207,1/2/2017,1
TS-21655,CA-2017-147207,1/2/2017,2
TS-21655,CA-2017-147207,1/2/2017,3
TS-21655,CA-2017-147207,1/2/2017,4
TS-21655,CA-2016-148684,12/25/2016,5
TS-21655,CA-2016-148684,12/25/2016,6
TS-21655,CA-2016-148684,12/25/2016,7
TS-21655,CA-2016-148684,12/25/2016,8
TS-21655,CA-2015-137064,2/6/2015,9
TS-21655,CA-2015-137064,2/6/2015,10
TS-21655,CA-2015-137064,2/6/2015,11
TS-21655,CA-2015-153878,4/25/2015,12
TS-21655,CA-2015-153878,4/25/2015,13
TS-21655,CA-2017-133487,5/6/2017,14
TT-21070,CA-2017-122490,11/13/2017,1
TT-21070,CA-2017-122490,11/13/2017,2
TT-21070,CA-2017-122490,11/13/2017,3
TT-21070,CA-2017-122490,11/13/2017,4
TT-21070,CA-2017-108035,11/29/2017,5
TT-21070,CA-2017-108035,11/29/2017,6
TT-21070,CA-2015-116876,2/14/2015,7
TT-21070,CA-2015-116876,2/14/2015,8
TT-21070,CA-2015-119942,4/5/2015,9
TT-21070,CA-2016-162733,5/11/2016,10
TT-21070,CA-2014-164224,5/18/2014,11
TT-21070,CA-2014-164224,5/18/2014,12
TT-21070,CA-2014-128839,9/8/2014,13
TT-21070,CA-2014-128839,9/8/2014,14
TT-21220,CA-2015-132318,10/30/2015,1
TT-21220,CA-2016-146766,11/4/2016,2
TT-21220,CA-2017-162075,3/18/2017,3
TT-21220,CA-2015-124541,4/6/2015,4
TT-21220,CA-2015-124541,4/6/2015,5
TT-21220,CA-2015-124541,4/6/2015,6
TT-21220,CA-2015-124541,4/6/2015,7
TT-21220,CA-2015-124541,4/6/2015,8
TT-21220,CA-2016-152408,5/15/2016,9
TT-21220,US-2017-113201,6/30/2017,10
TT-21220,CA-2015-168564,8/8/2015,11
TT-21220,CA-2015-168564,8/8/2015,12
TT-21220,CA-2015-168564,8/8/2015,13
TT-21220,CA-2014-163650,9/23/2014,14
TT-21220,CA-2014-163650,9/23/2014,15
TT-21265,CA-2016-134376,10/2/2016,1
TT-21265,CA-2016-111143,11/19/2016,2
TT-21265,CA-2015-162369,8/15/2015,3
TT-21460,CA-2017-160934,1/15/2017,1
TT-21460,CA-2017-141439,11/26/2017,2
TT-21460,CA-2017-141439,11/26/2017,3
TT-21460,CA-2017-141439,11/26/2017,4
TT-21460,CA-2017-141439,11/26/2017,5
TT-21460,CA-2017-141439,11/26/2017,6
TT-21460,CA-2017-158736,12/18/2017,7
TT-21460,CA-2015-135622,12/8/2015,8
TT-21460,CA-2015-135622,12/8/2015,9
TT-21460,US-2017-119816,3/4/2017,10
TT-21460,US-2017-119816,3/4/2017,11
TT-21460,US-2017-119816,3/4/2017,12
TT-21460,CA-2016-109057,4/22/2016,13
TT-21460,US-2017-114356,8/20/2017,14
TW-21025,CA-2017-134880,10/27/2017,1
TW-21025,CA-2015-137113,12/1/2015,2
TW-21025,CA-2015-137113,12/1/2015,3
TW-21025,CA-2015-137113,12/1/2015,4
TW-21025,CA-2015-137113,12/1/2015,5
TW-21025,CA-2014-101364,12/22/2014,6
TW-21025,CA-2016-158834,3/13/2016,7
TW-21025,CA-2016-158834,3/13/2016,8
TW-21025,CA-2017-104850,6/13/2017,9
TW-21025,US-2017-127719,7/21/2017,10
TW-21025,CA-2015-135510,9/5/2015,11
TZ-21580,CA-2014-163419,11/11/2014,1
TZ-21580,CA-2014-163419,11/11/2014,2
TZ-21580,CA-2014-163419,11/11/2014,3
TZ-21580,CA-2017-101665,11/25/2017,4
TZ-21580,CA-2015-119508,12/4/2015,5
TZ-21580,CA-2015-119508,12/4/2015,6
TZ-21580,US-2016-143280,2/22/2016,7
TZ-21580,US-2016-143280,2/22/2016,8
TZ-21580,US-2016-143280,2/22/2016,9
VB-21745,CA-2016-120369,10/28/2016,1
VB-21745,CA-2015-111395,11/23/2015,2
VB-21745,CA-2015-111395,11/23/2015,3
VB-21745,CA-2015-111395,11/23/2015,4
VB-21745,CA-2016-162313,11/27/2016,5
VB-21745,CA-2017-154816,11/6/2017,6
VB-21745,CA-2017-155698,3/8/2017,7
VB-21745,CA-2017-155698,3/8/2017,8
VB-21745,CA-2015-121132,7/17/2015,9
VB-21745,CA-2015-121132,7/17/2015,10
VD-21670,CA-2015-113145,11/1/2015,1
VD-21670,CA-2015-113145,11/1/2015,2
VD-21670,CA-2015-113145,11/1/2015,3
VD-21670,CA-2015-113145,11/1/2015,4
VD-21670,CA-2015-113145,11/1/2015,5
VD-21670,CA-2015-118444,11/5/2015,6
VD-21670,US-2015-145436,2/28/2015,7
VD-21670,US-2015-145436,2/28/2015,8
VD-21670,CA-2016-113747,5/28/2016,9
VD-21670,CA-2015-166583,6/26/2015,10
VD-21670,CA-2014-126361,8/4/2014,11
VD-21670,CA-2014-126361,8/4/2014,12
VD-21670,CA-2014-126361,8/4/2014,13
VD-21670,CA-2014-126361,8/4/2014,14
VD-21670,CA-2014-126361,8/4/2014,15
VF-21715,CA-2014-113880,3/1/2014,1
VF-21715,CA-2014-113880,3/1/2014,2
VF-21715,CA-2017-130106,5/22/2017,3
VF-21715,CA-2017-130106,5/22/2017,4
VF-21715,CA-2014-146528,7/25/2014,5
VF-21715,CA-2014-146528,7/25/2014,6
VF-21715,CA-2017-138464,7/8/2017,7
VF-21715,CA-2017-138464,7/8/2017,8
VF-21715,CA-2017-138464,7/8/2017,9
VF-21715,CA-2017-138464,7/8/2017,10
VG-21790,CA-2017-139304,1/29/2017,1
VG-21790,CA-2017-139304,1/29/2017,2
VG-21790,CA-2017-139304,1/29/2017,3
VG-21790,US-2017-115301,7/29/2017,4
VG-21790,CA-2017-150189,7/8/2017,5
VG-21790,CA-2016-151092,8/6/2016,6
VG-21790,CA-2014-156790,8/8/2014,7
VG-21805,CA-2017-166499,3/19/2017,1
VG-21805,CA-2016-113803,3/24/2016,2
VG-21805,CA-2016-109911,5/12/2016,3
VG-21805,CA-2016-132094,8/26/2016,4
VG-21805,CA-2016-132094,8/26/2016,5
VG-21805,CA-2014-103191,9/22/2014,6
VM-21685,CA-2015-105221,11/1/2015,1
VM-21685,CA-2015-105221,11/1/2015,2
VM-21685,CA-2017-107720,11/6/2017,3
VM-21685,US-2017-101539,3/16/2017,4
VM-21685,US-2017-101539,3/16/2017,5
VM-21685,US-2017-101539,3/16/2017,6
VM-21685,US-2016-150140,4/6/2016,7
VM-21685,CA-2014-165806,4/7/2014,8
VM-21685,CA-2014-165806,4/7/2014,9
VM-21685,CA-2017-109778,7/16/2017,10
VM-21685,CA-2016-113516,9/8/2016,11
VM-21685,CA-2016-113516,9/8/2016,12
VM-21835,CA-2016-115476,3/17/2016,1
VM-21835,CA-2016-115476,3/17/2016,2
VM-21835,US-2014-129609,3/22/2014,3
VM-21835,US-2016-123610,5/12/2016,4
VM-21835,US-2016-123610,5/12/2016,5
VM-21835,CA-2016-133872,6/14/2016,6
VM-21835,CA-2016-133872,6/14/2016,7
VM-21835,US-2017-166394,9/4/2017,8
VP-21730,CA-2017-105333,11/30/2017,1
VP-21730,CA-2017-105333,11/30/2017,2
VP-21730,CA-2017-105333,11/30/2017,3
VP-21730,CA-2017-102946,6/30/2017,4
VP-21730,CA-2015-130610,7/5/2015,5
VP-21760,CA-2017-159100,10/16/2017,1
VP-21760,CA-2017-159100,10/16/2017,2
VP-21760,CA-2014-109680,10/6/2014,3
VP-21760,CA-2014-109932,12/9/2014,4
VP-21760,CA-2014-109932,12/9/2014,5
VP-21760,CA-2015-111339,5/29/2015,6
VP-21760,CA-2015-111339,5/29/2015,7
VP-21760,CA-2015-111339,5/29/2015,8
VP-21760,CA-2016-102127,6/26/2016,9
VP-21760,CA-2016-102127,6/26/2016,10
VP-21760,CA-2016-102127,6/26/2016,11
VP-21760,CA-2014-130449,9/6/2014,12
VP-21760,CA-2014-130449,9/6/2014,13
VS-21820,CA-2014-105417,1/7/2014,1
VS-21820,CA-2014-105417,1/7/2014,2
VS-21820,US-2016-137295,1/8/2016,3
VS-21820,US-2016-137295,1/8/2016,4
VS-21820,US-2016-137295,1/8/2016,5
VS-21820,CA-2017-167003,5/23/2017,6
VS-21820,US-2015-165512,5/24/2015,7
VS-21820,US-2015-165512,5/24/2015,8
VT-21700,CA-2015-167010,4/5/2015,1
VT-21700,CA-2015-167010,4/5/2015,2
VT-21700,CA-2015-167010,4/5/2015,3
VT-21700,CA-2015-167010,4/5/2015,4
VT-21700,CA-2015-167010,4/5/2015,5
VT-21700,CA-2015-167010,4/5/2015,6
VT-21700,CA-2015-167010,4/5/2015,7
VT-21700,CA-2015-167010,4/5/2015,8
VT-21700,CA-2014-151897,6/6/2014,9
VW-21775,CA-2015-146262,1/2/2015,1
VW-21775,CA-2015-146262,1/2/2015,2
VW-21775,CA-2015-146262,1/2/2015,3
VW-21775,CA-2015-146262,1/2/2015,4
VW-21775,CA-2015-146262,1/2/2015,5
VW-21775,CA-2016-125080,10/21/2016,6
VW-21775,CA-2016-121748,10/24/2016,7
VW-21775,CA-2016-121748,10/24/2016,8
VW-21775,CA-2017-128265,11/17/2017,9
VW-21775,CA-2017-116715,12/2/2017,10
VW-21775,CA-2017-116715,12/2/2017,11
VW-21775,CA-2017-116715,12/2/2017,12
VW-21775,CA-2015-111507,2/6/2015,13
VW-21775,CA-2014-152100,5/11/2014,14
VW-21775,CA-2014-115980,7/15/2014,15
VW-21775,CA-2014-115980,7/15/2014,16
VW-21775,CA-2015-151624,9/8/2015,17
WB-21850,CA-2016-137848,1/15/2016,1
WB-21850,CA-2016-137848,1/15/2016,2
WB-21850,CA-2016-137848,1/15/2016,3
WB-21850,CA-2016-126627,10/10/2016,4
WB-21850,CA-2017-120327,11/11/2017,5
WB-21850,CA-2015-122210,11/30/2015,6
WB-21850,CA-2015-122210,11/30/2015,7
WB-21850,CA-2015-122210,11/30/2015,8
WB-21850,CA-2014-125829,11/4/2014,9
WB-21850,CA-2014-125829,11/4/2014,10
WB-21850,CA-2014-125829,11/4/2014,11
WB-21850,CA-2014-125829,11/4/2014,12
WB-21850,CA-2014-125829,11/4/2014,13
WB-21850,US-2017-110149,12/10/2017,14
WB-21850,CA-2016-165330,12/11/2016,15
WB-21850,CA-2016-165330,12/11/2016,16
WB-21850,CA-2016-165330,12/11/2016,17
WB-21850,CA-2016-165330,12/11/2016,18
WB-21850,CA-2016-165330,12/11/2016,19
WB-21850,CA-2016-165330,12/11/2016,20
WB-21850,CA-2016-165330,12/11/2016,21
WB-21850,CA-2016-165330,12/11/2016,22
WB-21850,CA-2016-165330,12/11/2016,23
WB-21850,CA-2016-165330,12/11/2016,24
WB-21850,CA-2014-141607,12/12/2014,25
WB-21850,CA-2014-120852,12/20/2014,26
WB-21850,CA-2014-120852,12/20/2014,27
WB-21850,CA-2017-138149,6/29/2017,28
WB-21850,CA-2017-138149,6/29/2017,29
WB-21850,CA-2017-138149,6/29/2017,30
WB-21850,CA-2017-138149,6/29/2017,31
WB-21850,US-2015-156496,8/10/2015,32
WB-21850,US-2015-156496,8/10/2015,33
WB-21850,US-2015-156496,8/10/2015,34
XP-21865,CA-2014-167927,1/20/2014,1
XP-21865,CA-2014-167927,1/20/2014,2
XP-21865,CA-2014-167927,1/20/2014,3
XP-21865,CA-2014-167927,1/20/2014,4
XP-21865,CA-2014-167927,1/20/2014,5
XP-21865,CA-2014-167927,1/20/2014,6
XP-21865,CA-2014-167927,1/20/2014,7
XP-21865,CA-2014-134677,10/6/2014,8
XP-21865,CA-2017-118577,10/6/2017,9
XP-21865,CA-2017-118577,10/6/2017,10
XP-21865,CA-2016-129196,11/1/2016,11
XP-21865,US-2017-136679,11/14/2017,12
XP-21865,US-2017-136679,11/14/2017,13
XP-21865,CA-2017-138163,11/17/2017,14
XP-21865,CA-2016-109365,11/3/2016,15
XP-21865,CA-2016-109365,11/3/2016,16
XP-21865,CA-2016-109365,11/3/2016,17
XP-21865,CA-2016-109365,11/3/2016,18
XP-21865,CA-2016-109365,11/3/2016,19
XP-21865,CA-2016-109365,11/3/2016,20
XP-21865,CA-2016-109365,11/3/2016,21
XP-21865,CA-2015-155586,12/12/2015,22
XP-21865,CA-2015-155586,12/12/2015,23
XP-21865,CA-2015-155586,12/12/2015,24
XP-21865,CA-2016-163174,8/26/2016,25
XP-21865,CA-2014-114335,9/28/2014,26
YC-21895,CA-2015-153220,11/12/2015,1
YC-21895,CA-2014-119375,11/17/2014,2
YC-21895,CA-2014-119375,11/17/2014,3
YC-21895,CA-2014-119375,11/17/2014,4
YC-21895,CA-2017-121741,12/26/2017,5
YC-21895,CA-2016-110499,4/7/2016,6
YC-21895,CA-2016-123932,9/6/2016,7
YC-21895,CA-2016-123932,9/6/2016,8
YS-21880,CA-2015-156755,1/12/2015,1
YS-21880,CA-2017-138380,12/21/2017,2
YS-21880,CA-2015-129532,12/8/2015,3
YS-21880,CA-2015-129532,12/8/2015,4
YS-21880,CA-2017-135076,4/13/2017,5
YS-21880,CA-2017-160724,5/5/2017,6
YS-21880,CA-2015-154291,7/25/2015,7
YS-21880,CA-2015-154291,7/25/2015,8
YS-21880,CA-2017-124828,7/3/2017,9
YS-21880,CA-2017-119809,8/18/2017,10
YS-21880,CA-2017-119809,8/18/2017,11
ZC-21910,CA-2014-151995,10/13/2014,1
ZC-21910,CA-2014-151995,10/13/2014,2
ZC-21910,CA-2014-151995,10/13/2014,3
ZC-21910,CA-2014-151995,10/13/2014,4
ZC-21910,CA-2017-100013,11/6/2017,5
ZC-21910,CA-2017-100013,11/6/2017,6
ZC-21910,CA-2017-100013,11/6/2017,7
ZC-21910,CA-2014-126802,12/29/2014,8
ZC-21910,US-2016-156986,3/20/2016,9
ZC-21910,US-2016-156986,3/20/2016,10
ZC-21910,US-2016-156986,3/20/2016,11
ZC-21910,US-2016-156986,3/20/2016,12
ZC-21910,CA-2016-169103,3/8/2016,13
ZC-21910,CA-2016-169103,3/8/2016,14
ZC-21910,CA-2015-133452,4/13/2015,15
ZC-21910,CA-2015-133452,4/13/2015,16
ZC-21910,CA-2015-130365,4/25/2015,17
ZC-21910,CA-2015-130365,4/25/2015,18
ZC-21910,CA-2016-130946,4/8/2016,19
ZC-21910,CA-2016-130946,4/8/2016,20
ZC-21910,CA-2016-130946,4/8/2016,21
ZC-21910,CA-2017-115322,5/11/2017,22
ZC-21910,US-2017-102288,6/19/2017,23
ZC-21910,US-2017-102288,6/19/2017,24
ZC-21910,US-2017-102288,6/19/2017,25
ZC-21910,CA-2015-115567,9/13/2015,26
ZC-21910,CA-2015-115567,9/13/2015,27
ZC-21910,CA-2015-106978,9/28/2015,28
ZC-21910,CA-2015-106978,9/28/2015,29
ZC-21910,CA-2015-106978,9/28/2015,30
ZD-21925,CA-2016-167682,4/3/2016,1
ZD-21925,CA-2016-167682,4/3/2016,2
ZD-21925,US-2016-147991,5/5/2016,3
ZD-21925,CA-2017-141481,6/11/2017,4
ZD-21925,CA-2016-152471,7/8/2016,5
ZD-21925,CA-2016-152471,7/8/2016,6
ZD-21925,CA-2014-143336,8/27/2014,7
ZD-21925,CA-2014-143336,8/27/2014,8
ZD-21925,CA-2014-143336,8/27/2014,9
