store_id,product_id,product_name,product_category,user_id,transaction_date,region,city,age,subscription,email,username,raw_timestamp,sale_amount,price,status
S004,P125,Mousepad,Accessories,U0681,2023-12-14,North,Chicago,28,Premium,user681@email.com,user681,2023-12-14 10:03:00,14.43,13.18,Active
S002,P121,Pen,Stationery,U0732,2023-07-19,North,Detroit,46,Basic,user732@email.com,user732,2023-07-19 14:46:00,3.03,3.28,Inactive
S002,P101,Laptop,Electronics,U0854,2023-03-03,South,Houston,44,Basic,user854@email.com,user854,2023-03-03 15:47:00,1350.35,1295.58,
S004,P138,Toaster,Appliances,U0802,2023-05-22,South,Houston,37,Premium,user802@email.com,user802,2023-05-22 13:53:00,38.96,38.8,Inactive
S002,P101,Laptop,Electronics,U0288,2023-09-16,West,San Francisco,48,Basic,user288@email.com,user288,2023-09-16 15:20:00,1219.65,,Inactive
S003,P109,Bookshelf,Furniture,U0242,2023-04-01,West,San Francisco,38,Premium,user242@email.com,user242,2023-04-01 10:49:00,191.71,188.45,Inactive
S001,P113,Tablet,Electronics,U0602,2023-12-21,North,Chicago,61,Basic,user602@email.com,user602,2023-12-21 08:27:00,567.49,,Inactive
S002,P104,Keyboard,Electronics,U0327,2023-05-13,West,San Francisco,29,Basic,user327@email.com,user327,2023-05-13 08:56:00,88.64,87.53,Inactive
S004,P136,Fan,Appliances,U0038,2023-03-23,West,Los Angeles,65,Basic,user38@email.com,user38,2023-03-23 18:17:00,77.6,73.88,Active
S003,P134,Microphone,Electronics,U0324,2023-07-12,West,San Francisco,32,Basic,user324@email.com,user324,2023-07-12 15:50:00,133.4,124.26,Active
S005,P129,Camera,Electronics,U0105,2023-11-30,West,Los Angeles,30,Basic,user105@email.com,user105,2023-11-30 08:28:00,670.66,670.48,Active
S005,P116,Cable,Accessories,U0394,2023-06-06,West,San Diego,39,Basic,user394@email.com,user394,2023-06-06 13:43:00,9.02,9.68,Inactive
S004,P135,Monitor Stand,Accessories,U0688,2023-03-13,North,Chicago,54,Basic,user688@email.com,user688,2023-03-13 13:38:00,58.48,58.22,Active
S002,P106,Notebook,Stationery,U0365,2023-01-29,West,San Diego,35,Basic,user365@email.com,user365,2023-01-29 11:57:00,4.33,4.36,Active
S002,P117,Chair,Furniture,U0771,2023-02-17,North,Detroit,22,Basic,user771@email.com,user771,2023-02-17 11:25:00,328.48,303.43,Active
S003,P122,Headset,Electronics,U0153,2023-08-21,West,Los Angeles,59,Basic,user153@email.com,user153,2023-08-21 16:29:00,186.31,201.02,Inactive
S001,P134,Microphone,Electronics,U0403,2023-08-20,East,New York,47,Premium,user403@email.com,,2023-08-20 16:25:00,137.37,144.73,Active
S005,P115,Printer,Electronics,U0798,2023-09-15,South,Houston,28,Premium,user798@email.com,user798,2023-09-15 20:47:00,298.79,324.77,Inactive
S001,P136,Fan,Appliances,U0431,2023-08-16,East,New York,29,Basic,user431@email.com,user431,2023-08-16 09:43:00,77.92,85.26,Active
S001,P112,Lamp,Furniture,U0154,2023-06-22,West,Los Angeles,36,Premium,user154@email.com,user154,2023-06-22 14:52:00,43.51,40.62,Active
S004,P111,Webcam,Electronics,U0670,2023-03-01,North,Chicago,48,Premium,user670@email.com,user670,2023-03-01 18:44:00,64.67,69.23,Inactive
S001,P135,Monitor Stand,Accessories,U0072,2023-11-13,West,Los Angeles,22,Premium,user72@email.com,user72,2023-11-13 11:47:00,61.97,57.16,Active
S002,P137,Blender,Appliances,U0241,2023-09-10,West,San Francisco,52,Basic,user241@email.com,,2023-09-10 08:14:00,73.73,81.24,Active
S001,P111,Webcam,Electronics,U0663,2023-05-31,North,Chicago,23,Basic,user663@email.com,user663,2023-05-31 08:37:00,60.76,66.56,
S003,P133,Pillow,Furniture,U0438,2023-07-30,East,New York,52,Basic,user438@email.com,user438,2023-07-30 15:45:00,31.22,34.4,Inactive
S005,P137,Blender,Appliances,U0413,2023-02-14,East,New York,48,Basic,user413@email.com,user413,2023-02-14 12:33:00,94.15,88.03,Inactive
S002,P120,Desk,Furniture,U0719,2023-06-01,North,Chicago,63,Basic,user719@email.com,,2023-06-01 08:34:00,569.31,609.39,Active
S005,P102,Mouse,Electronics,U0934,2023-12-01,South,Phoenix,42,Premium,user934@email.com,user934,2023-12-01 13:46:00,25.76,27.63,Inactive
S003,P108,Headphones,Electronics,U0598,2023-07-12,East,Boston,56,Basic,user598@email.com,user598,2023-07-12 20:44:00,154.73,144.9,Active
S001,P118,Binder,Stationery,U0706,2023-08-04,North,Chicago,49,Basic,user706@email.com,user706,2023-08-04 13:48:00,6.82,6.54,Inactive
S004,P109,Bookshelf,Furniture,U0617,2023-12-02,North,Chicago,25,Basic,user617@email.com,user617,2023-12-02 11:23:00,239.08,248.78,Inactive
S005,P111,Webcam,Electronics,U0181,2023-05-04,West,San Francisco,54,Basic,user181@email.com,user181,2023-05-04 14:48:00,79.62,78.98,Inactive
S002,P126,Table,Furniture,U0682,2023-01-18,North,Chicago,25,Premium,user682@email.com,user682,2023-01-18 17:11:00,418.84,436.05,Active
S003,P128,Eraser,Stationery,U0924,2023-12-19,South,Phoenix,29,Basic,user924@email.com,user924,2023-12-19 14:58:00,1.82,,Inactive
S002,P120,Desk,Furniture,U0250,2023-02-19,West,San Francisco,21,Basic,user250@email.com,user250,2023-02-19 10:03:00,654.58,612.92,Inactive
S001,P132,Speaker,Electronics,U0070,2023-03-06,West,Los Angeles,50,Basic,user70@email.com,user70,2023-03-06 15:06:00,238.81,222.18,Active
S003,P115,Printer,Electronics,U0955,2023-08-30,South,Phoenix,37,Basic,user955@email.com,user955,2023-08-30 13:53:00,259.14,268.05,Inactive
S001,P109,Bookshelf,Furniture,U0896,2023-08-03,South,Dallas,25,Premium,user896@email.com,user896,2023-08-03 13:06:00,225.37,216.26,Active
S004,P127,SSD,Electronics,U0491,2023-05-28,East,New York,28,Basic,user491@email.com,user491,2023-05-28 17:38:00,99.78,101.52,Inactive
S002,P118,Binder,Stationery,U0596,2023-12-06,East,Boston,38,Basic,user596@email.com,user596,2023-12-06 13:01:00,5.98,5.48,Active
S001,P112,Lamp,Furniture,U0043,2023-05-14,West,Los Angeles,42,Basic,user43@email.com,user43,2023-05-14 20:56:00,39.69,41.11,Active
S001,P139,Kettle,Appliances,U0217,2023-09-28,West,San Francisco,18,Basic,user217@email.com,user217,2023-09-28 17:26:00,36.65,39.56,Active
S001,P108,Headphones,Electronics,U0345,2023-12-13,West,San Diego,60,Basic,user345@email.com,user345,2023-12-13 16:02:00,163.32,155.12,Inactive
S005,P102,Mouse,Electronics,U0809,2023-01-14,South,Houston,44,Premium,user809@email.com,user809,2023-01-14 12:50:00,27.54,26.92,Inactive
S003,P131,Whiteboard,Stationery,U0155,2023-05-08,West,Los Angeles,18,Basic,user155@email.com,user155,2023-05-08 12:21:00,76.39,,Active
S003,P126,Table,Furniture,U0704,2023-06-03,North,Chicago,41,Basic,user704@email.com,user704,2023-06-03 12:06:00,506.61,502.95,Inactive
S004,P137,Blender,Appliances,U0240,2023-07-01,West,San Francisco,29,Premium,user240@email.com,user240,2023-07-01 19:44:00,79.87,82.89,Active
S001,P115,Printer,Electronics,U0005,2023-07-14,West,Los Angeles,35,Basic,user5@email.com,user5,2023-07-14 13:22:00,303.77,312.21,Active
S005,P119,Monitor 4K,Electronics,U0929,2023-09-09,South,Phoenix,33,Basic,user929@email.com,user929,2023-09-09 17:54:00,438.22,473.07,Inactive
S001,P125,Mousepad,Accessories,U0970,2023-08-17,South,Phoenix,46,Basic,user970@email.com,user970,2023-08-17 17:52:00,14.38,13.64,Active
S004,P136,Fan,Appliances,U0812,2023-03-11,South,Houston,32,Premium,user812@email.com,user812,2023-03-11 08:51:00,67.85,70.52,
S001,P132,Speaker,Electronics,U0442,2023-03-06,East,New York,50,Premium,user442@email.com,user442,2023-03-06 10:39:00,211.27,,Active
S004,P127,SSD,Electronics,U0247,2023-07-13,West,San Francisco,40,Basic,user247@email.com,user247,2023-07-13 17:41:00,83.3,83.64,Active
S005,P128,Eraser,Stationery,U0109,2023-07-05,West,Los Angeles,19,Basic,user109@email.com,user109,2023-07-05 13:49:00,2.06,1.89,Active
S004,P113,Tablet,Electronics,U0715,2023-02-20,North,Chicago,22,Basic,user715@email.com,user715,2023-02-20 20:12:00,467.79,470.22,Inactive
S003,P113,Tablet,Electronics,U0122,2023-07-02,West,Los Angeles,21,Basic,user122@email.com,user122,2023-07-02 14:56:00,493.88,465.98,Active
S002,P121,Pen,Stationery,U0172,2023-07-09,West,Los Angeles,38,Basic,,user172,2023-07-09 19:09:00,2.78,2.59,Inactive
S004,P132,Speaker,Electronics,U0338,2023-01-06,West,San Francisco,30,Basic,user338@email.com,user338,2023-01-06 16:33:00,192.0,181.68,Active
S002,P133,Pillow,Furniture,U0745,2023-01-13,North,Detroit,55,Basic,user745@email.com,user745,2023-01-13 08:18:00,42.65,39.72,Active
S003,P112,Lamp,Furniture,U0398,2023-03-16,West,San Diego,64,Premium,user398@email.com,user398,2023-03-16 14:26:00,52.27,48.58,Inactive
S002,P112,Lamp,Furniture,U0930,2023-07-25,South,Phoenix,53,Basic,user930@email.com,user930,2023-07-25 17:17:00,40.57,43.0,Inactive
S004,P135,Monitor Stand,Accessories,U0334,2023-10-17,West,San Francisco,41,Basic,user334@email.com,user334,2023-10-17 11:26:00,61.82,63.11,Inactive
S003,P106,Notebook,Stationery,U0305,2023-04-24,West,San Francisco,31,Basic,user305@email.com,user305,2023-04-24 20:39:00,4.55,4.75,Active
S002,P138,Toaster,Appliances,U0459,2023-02-06,East,New York,20,Premium,user459@email.com,user459,2023-02-06 17:02:00,40.54,,Inactive
S005,P118,Binder,Stationery,U0899,2023-06-29,South,Dallas,25,Basic,user899@email.com,user899,2023-06-29 09:36:00,6.34,5.94,Active
S005,P111,Webcam,Electronics,U0312,2023-04-23,West,San Francisco,26,Basic,user312@email.com,user312,2023-04-23 12:40:00,87.39,81.68,Inactive
S001,P134,Microphone,Electronics,U0800,2023-03-17,South,Houston,44,Premium,user800@email.com,user800,2023-03-17 15:01:00,126.46,136.22,Active
S003,P123,Sofa,Furniture,U0733,2023-09-11,North,Detroit,45,Basic,user733@email.com,user733,2023-09-11 20:40:00,935.83,952.22,Inactive
S003,P117,Chair,Furniture,U0335,2023-10-23,West,San Francisco,40,Basic,user335@email.com,user335,2023-10-23 18:07:00,315.36,294.45,Active
S003,P126,Table,Furniture,U0188,2023-11-14,West,San Francisco,42,Basic,user188@email.com,user188,2023-11-14 18:38:00,435.8,441.93,Inactive
S004,P135,Monitor Stand,Accessories,U0881,2023-06-10,South,Dallas,59,Premium,user881@email.com,user881,2023-06-10 16:35:00,54.23,52.06,Active
S003,P110,USB Hub,Electronics,U0484,2023-05-26,East,New York,47,Premium,user484@email.com,user484,2023-05-26 16:18:00,33.79,36.25,Active
S003,P131,Whiteboard,Stationery,U0508,2023-04-02,East,New York,18,Basic,user508@email.com,user508,2023-04-02 16:42:00,82.39,84.13,Active
S003,P116,Cable,Accessories,U0263,2023-09-08,West,San Francisco,56,Basic,user263@email.com,user263,2023-09-08 17:35:00,9.7,9.03,Active
S004,P131,Whiteboard,Stationery,U0326,2023-09-03,West,San Francisco,31,Premium,user326@email.com,user326,2023-09-03 11:02:00,82.04,83.53,Active
S005,P106,Notebook,Stationery,U0219,2023-10-03,West,San Francisco,57,Premium,user219@email.com,user219,2023-10-03 16:58:00,4.49,4.67,Active
S004,P104,Keyboard,Electronics,U0259,2023-05-18,West,San Francisco,41,Premium,user259@email.com,user259,2023-05-18 12:17:00,85.62,80.87,Active
S003,P112,Lamp,Furniture,U0900,2023-10-30,South,Dallas,58,Premium,user900@email.com,user900,2023-10-30 11:40:00,51.41,48.6,Active
S001,P110,USB Hub,Electronics,U0837,2023-05-01,South,Houston,62,Basic,user837@email.com,,2023-05-01 09:01:00,36.23,36.57,Active
S002,P102,Mouse,Electronics,U0769,2023-08-21,North,Detroit,58,Basic,user769@email.com,user769,2023-08-21 11:19:00,23.34,22.65,Inactive
S002,P123,Sofa,Furniture,U0504,2023-09-14,East,New York,64,Premium,,user504,2023-09-14 17:48:00,823.52,901.33,Active
S002,P108,Headphones,Electronics,U0009,2023-11-18,West,Los Angeles,28,Basic,user9@email.com,user9,2023-11-18 17:29:00,150.78,154.34,
S005,P108,Headphones,Electronics,U0587,2023-04-03,East,Boston,19,Basic,user587@email.com,user587,2023-04-03 19:53:00,154.6,162.9,Inactive
S001,P140,Iron,Appliances,U0021,2023-08-03,West,Los Angeles,60,Basic,user21@email.com,user21,2023-08-03 19:20:00,63.81,67.82,Inactive
S005,P136,Fan,Appliances,U0267,2023-11-08,West,San Francisco,36,Basic,user267@email.com,user267,2023-11-08 13:17:00,78.86,79.15,Inactive
S002,P137,Blender,Appliances,U0610,2023-11-23,North,Chicago,50,Basic,user610@email.com,user610,2023-11-23 17:28:00,85.78,,Inactive
S005,P114,Stapler,Stationery,U0377,2023-02-19,West,San Diego,24,Premium,user377@email.com,user377,2023-02-19 16:42:00,7.58,8.08,Inactive
S002,P120,Desk,Furniture,U0719,2023-06-01,North,Chicago,63,Basic,user719@email.com,,2023-06-01 08:34:00,569.31,609.39,Active
S001,P115,Printer,Electronics,U0029,2023-12-04,West,Los Angeles,30,Basic,user29@email.com,user29,2023-12-04 20:17:00,305.27,284.54,Inactive
S004,P127,SSD,Electronics,U0202,2023-08-01,West,San Francisco,63,Basic,user202@email.com,user202,2023-08-01 08:50:00,86.78,94.68,Active
S002,P117,Chair,Furniture,U0843,2023-08-16,South,Houston,47,Premium,user843@email.com,user843,2023-08-16 13:30:00,268.23,270.04,Active
S002,P109,Bookshelf,Furniture,U0857,2023-10-29,South,Dallas,50,Premium,user857@email.com,user857,2023-10-29 17:23:00,177.65,197.05,Inactive
S002,P111,Webcam,Electronics,U0058,2023-03-30,West,Los Angeles,53,Premium,user58@email.com,,2023-03-30 19:38:00,66.04,67.27,Inactive
S001,P107,Pen Set,Stationery,U0090,2023-12-02,West,Los Angeles,59,Premium,user90@email.com,user90,2023-12-02 14:21:00,12.66,11.75,Inactive
S002,P135,Monitor Stand,Accessories,U0006,2023-03-25,West,Los Angeles,47,Basic,user6@email.com,user6,2023-03-25 19:35:00,55.56,51.2,Active
S001,P115,Printer,Electronics,U0163,2023-01-12,West,Los Angeles,37,Basic,user163@email.com,user163,2023-01-12 16:24:00,318.42,315.61,Active
S003,P116,Cable,Accessories,U0576,2023-08-05,East,Boston,50,Premium,user576@email.com,user576,2023-08-05 12:40:00,11.43,10.7,Inactive
S003,P124,Router,Electronics,U0198,2023-04-11,West,San Francisco,47,Premium,user198@email.com,user198,2023-04-11 16:40:00,119.52,111.44,Inactive
S003,P119,Monitor 4K,Electronics,U0874,2023-01-13,South,Dallas,32,Premium,user874@email.com,user874,2023-01-13 20:24:00,379.32,361.26,Active
S003,P125,Mousepad,Accessories,U0278,2023-10-01,West,San Francisco,57,Premium,user278@email.com,,2023-10-01 09:41:00,14.03,15.42,Active
S001,P101,Laptop,Electronics,U0503,2023-03-05,East,New York,56,Premium,,user503,2023-03-05 18:22:00,1157.65,1231.54,Inactive
S003,P101,Laptop,Electronics,U0705,2023-12-30,North,Chicago,30,Premium,user705@email.com,user705,2023-12-30 14:26:00,988.18,1088.24,Inactive
S002,P106,Notebook,Stationery,U0185,2023-08-09,West,San Francisco,46,Basic,user185@email.com,user185,2023-08-09 16:05:00,4.04,4.4,
S002,P110,USB Hub,Electronics,U0589,2023-05-11,East,Boston,23,Premium,user589@email.com,user589,2023-05-11 10:03:00,32.36,,Inactive
S003,P107,Pen Set,Stationery,U0293,2023-11-09,West,San Francisco,30,Premium,user293@email.com,user293,2023-11-09 11:29:00,11.38,10.63,Active
S001,P102,Mouse,Electronics,U0511,2023-01-28,East,New York,22,Basic,user511@email.com,user511,2023-01-28 14:38:00,28.83,26.34,Active
S002,P119,Monitor 4K,Electronics,U0456,2023-04-01,East,New York,53,Premium,user456@email.com,user456,2023-04-01 12:44:00,494.31,478.91,Inactive
S002,P116,Cable,Accessories,U0747,2023-11-09,North,Detroit,56,Premium,user747@email.com,user747,2023-11-09 15:06:00,11.52,11.37,Active
S003,P104,Keyboard,Electronics,U0434,2023-10-09,East,New York,21,Premium,user434@email.com,user434,2023-10-09 13:07:00,95.98,90.19,Inactive
S004,P107,Pen Set,Stationery,U0675,2023-01-05,North,Chicago,52,Basic,user675@email.com,user675,2023-01-05 12:53:00,12.06,11.34,Active
S003,P105,Monitor,Electronics,U0647,2023-01-10,North,Chicago,56,Basic,user647@email.com,user647,2023-01-10 11:32:00,396.73,385.88,Active
S003,P138,Toaster,Appliances,U0143,2023-09-17,West,Los Angeles,50,Basic,user143@email.com,user143,2023-09-17 08:23:00,45.91,47.82,Active
S004,P117,Chair,Furniture,U0690,2023-11-29,North,Chicago,28,Basic,user690@email.com,user690,2023-11-29 18:27:00,295.52,271.38,Inactive
S003,P123,Sofa,Furniture,U0379,2023-10-09,West,San Diego,38,Basic,user379@email.com,user379,2023-10-09 19:20:00,899.68,876.33,Inactive
S003,P107,Pen Set,Stationery,U0084,2023-10-06,West,Los Angeles,59,Basic,user84@email.com,user84,2023-10-06 09:54:00,9.95,10.42,Active
S004,P101,Laptop,Electronics,U0861,2023-01-14,South,Dallas,41,Premium,user861@email.com,user861,2023-01-14 14:46:00,1221.92,1121.46,Active
S001,P128,Eraser,Stationery,U0654,2023-06-03,North,Chicago,56,Premium,user654@email.com,user654,2023-06-03 14:29:00,1.9,2.03,Inactive
S004,P120,Desk,Furniture,U0622,2023-07-13,North,Chicago,54,Premium,user622@email.com,user622,2023-07-13 16:05:00,661.31,678.39,Active
S004,P101,Laptop,Electronics,U0175,2023-03-12,West,Los Angeles,58,Premium,user175@email.com,user175,2023-03-12 11:32:00,971.57,1044.47,Inactive
S004,P109,Bookshelf,Furniture,U0655,2023-04-11,North,Chicago,27,Premium,user655@email.com,user655,2023-04-11 19:46:00,200.83,187.28,Inactive
S005,P124,Router,Electronics,U0382,2023-05-08,West,San Diego,32,Basic,user382@email.com,user382,2023-05-08 14:36:00,120.49,131.2,Active
S005,P114,Stapler,Stationery,U0650,2023-01-28,North,Chicago,60,Premium,user650@email.com,user650,2023-01-28 11:38:00,9.06,8.72,Active
S004,P112,Lamp,Furniture,U0189,2023-06-13,West,San Francisco,36,Basic,user189@email.com,user189,2023-06-13 13:24:00,54.2,51.31,Active
S002,P104,Keyboard,Electronics,U0410,2023-03-17,East,New York,21,Basic,user410@email.com,user410,2023-03-17 18:36:00,78.37,73.19,Inactive
S003,P132,Speaker,Electronics,U0835,2023-04-23,South,Houston,46,Basic,user835@email.com,user835,2023-04-23 12:55:00,239.18,226.49,Active
S004,P103,Desk Chair,Furniture,U0119,2023-07-11,West,Los Angeles,34,Premium,user119@email.com,user119,2023-07-11 11:46:00,306.02,334.99,Active
S001,P105,Monitor,Electronics,U0502,2023-09-05,East,New York,45,Premium,user502@email.com,user502,2023-09-05 18:32:00,329.59,363.56,Inactive
S002,P125,Mousepad,Accessories,U0067,2023-11-03,West,Los Angeles,50,Premium,user67@email.com,user67,2023-11-03 20:54:00,15.9,16.64,Inactive
S004,P101,Laptop,Electronics,U0265,2023-03-09,West,San Francisco,59,Premium,user265@email.com,user265,2023-03-09 12:38:00,1114.86,1236.41,Inactive
S001,P110,USB Hub,Electronics,U0253,2023-02-13,West,San Francisco,60,Basic,user253@email.com,user253,2023-02-13 20:37:00,37.58,38.24,Inactive
S001,P107,Pen Set,Stationery,U0453,2023-02-07,East,New York,22,Basic,user453@email.com,,2023-02-07 15:09:00,11.75,,Active
S002,P124,Router,Electronics,U0223,2023-05-11,West,San Francisco,24,Premium,user223@email.com,user223,2023-05-11 08:54:00,110.41,110.22,Active
S001,P118,Binder,Stationery,U0720,2023-11-25,North,Chicago,33,Premium,user720@email.com,user720,2023-11-25 13:40:00,5.46,6.06,Inactive
S005,P126,Table,Furniture,U0659,2023-02-11,North,Chicago,51,Premium,user659@email.com,user659,2023-02-11 14:16:00,467.29,500.76,Inactive
S001,P127,SSD,Electronics,U0660,2023-02-25,North,Chicago,58,Basic,user660@email.com,user660,2023-02-25 11:59:00,99.16,,Inactive
S003,P119,Monitor 4K,Electronics,U0957,2023-01-13,South,Phoenix,38,Basic,user957@email.com,user957,2023-01-13 16:47:00,440.74,456.66,Active
S005,P136,Fan,Appliances,U0757,2023-04-12,North,Detroit,22,Premium,user757@email.com,user757,2023-04-12 19:47:00,77.94,,Active
S004,P119,Monitor 4K,Electronics,U0867,2023-09-08,South,Dallas,58,Basic,user867@email.com,user867,2023-09-08 12:06:00,436.08,432.33,Inactive
S001,P128,Eraser,Stationery,U0654,2023-06-03,North,Chicago,56,Premium,user654@email.com,user654,2023-06-03 14:29:00,1.9,2.03,Inactive
S005,P133,Pillow,Furniture,U0002,2023-01-14,West,Los Angeles,53,Premium,user2@email.com,user2,2023-01-14 14:14:00,44.3,42.59,Active
S004,P121,Pen,Stationery,U0960,2023-03-19,South,Phoenix,27,Basic,user960@email.com,user960,2023-03-19 15:15:00,3.11,3.07,Inactive
S003,P127,SSD,Electronics,U0603,2023-03-04,North,Chicago,61,Basic,user603@email.com,,2023-03-04 08:56:00,95.2,94.87,Inactive
S004,P115,Printer,Electronics,U0833,2023-10-02,South,Houston,54,Premium,user833@email.com,user833,2023-10-02 19:15:00,310.79,344.18,Active
S001,P119,Monitor 4K,Electronics,U0717,2023-10-17,North,Chicago,21,Premium,user717@email.com,user717,2023-10-17 18:34:00,441.1,450.33,Inactive
S004,P121,Pen,Stationery,U0668,2023-04-30,North,Chicago,56,Basic,user668@email.com,user668,2023-04-30 09:22:00,2.98,2.91,Active
S002,P101,Laptop,Electronics,U0364,2023-02-16,West,San Diego,27,Premium,user364@email.com,user364,2023-02-16 12:50:00,1159.82,1197.69,Inactive
S001,P102,Mouse,Electronics,U0458,2023-06-23,East,New York,21,Basic,user458@email.com,user458,2023-06-23 09:13:00,24.68,27.16,Active
S002,P132,Speaker,Electronics,U0452,2023-11-09,East,New York,43,Premium,user452@email.com,user452,2023-11-09 16:49:00,192.38,208.73,Inactive
S004,P134,Microphone,Electronics,U0446,2023-01-07,East,New York,36,Basic,user446@email.com,user446,2023-01-07 16:43:00,120.78,125.4,Inactive
S001,P121,Pen,Stationery,U0053,2023-10-02,West,Los Angeles,62,Premium,user53@email.com,user53,2023-10-02 12:46:00,2.85,2.72,Active
S003,P130,Charger,Accessories,U0019,2023-08-05,West,Los Angeles,62,Basic,user19@email.com,user19,2023-08-05 08:37:00,21.5,22.41,Inactive
S001,P103,Desk Chair,Furniture,U0082,2023-06-05,West,Los Angeles,49,Premium,user82@email.com,user82,2023-06-05 10:24:00,331.54,307.71,Inactive
S004,P129,Camera,Electronics,U0057,2023-06-02,West,Los Angeles,55,Basic,user57@email.com,user57,2023-06-02 17:47:00,626.86,612.05,Active
S002,P129,Camera,Electronics,U0950,2023-10-29,South,Phoenix,58,Basic,user950@email.com,user950,2023-10-29 14:38:00,708.95,745.99,Inactive
S004,P137,Blender,Appliances,U0118,2023-04-06,West,Los Angeles,60,Premium,user118@email.com,user118,2023-04-06 16:34:00,88.1,90.63,Inactive
S001,P133,Pillow,Furniture,U0515,2023-07-20,East,New York,34,Basic,user515@email.com,user515,2023-07-20 18:22:00,40.09,,Active
S001,P107,Pen Set,Stationery,U0055,2023-10-21,West,Los Angeles,36,Basic,user55@email.com,user55,2023-10-21 08:16:00,11.54,11.92,Active
S005,P116,Cable,Accessories,U0612,2023-10-14,North,Chicago,21,Basic,user612@email.com,user612,2023-10-14 18:58:00,10.44,9.53,Inactive
S001,P121,Pen,Stationery,U0323,2023-12-27,West,San Francisco,51,Basic,user323@email.com,user323,2023-12-27 16:36:00,3.14,3.3,Active
S005,P116,Cable,Accessories,U0751,2023-01-05,North,Detroit,27,Premium,user751@email.com,user751,2023-01-05 14:54:00,8.73,9.37,Inactive
S001,P111,Webcam,Electronics,U0509,2023-07-06,East,New York,30,Basic,user509@email.com,user509,2023-07-06 14:07:00,72.96,68.26,Inactive
S001,P104,Keyboard,Electronics,U0831,2023-04-11,South,Houston,52,Basic,user831@email.com,user831,2023-04-11 16:30:00,93.91,89.64,Inactive
S004,P134,Microphone,Electronics,U0131,2023-07-29,West,Los Angeles,54,Premium,user131@email.com,user131,2023-07-29 09:28:00,111.17,115.39,Active
S003,P104,Keyboard,Electronics,U0583,2023-05-26,East,Boston,31,Premium,user583@email.com,user583,2023-05-26 09:35:00,92.93,93.14,Inactive
S004,P126,Table,Furniture,U0626,2023-10-24,North,Chicago,59,Premium,user626@email.com,user626,2023-10-24 20:09:00,447.35,446.22,Active
S001,P112,Lamp,Furniture,U0420,2023-07-11,East,New York,20,Premium,user420@email.com,user420,2023-07-11 08:51:00,50.01,50.58,Inactive
S001,P127,SSD,Electronics,U0280,2023-09-19,West,San Francisco,64,Premium,user280@email.com,user280,2023-09-19 15:12:00,93.87,88.81,Inactive
S004,P132,Speaker,Electronics,U0514,2023-03-10,East,New York,37,Basic,user514@email.com,user514,2023-03-10 18:31:00,183.68,199.25,Active
S002,P121,Pen,Stationery,U0916,2023-10-22,South,Phoenix,50,Basic,user916@email.com,user916,2023-10-22 18:42:00,2.86,3.17,Active
S005,P108,Headphones,Electronics,U0531,2023-05-02,East,New York,46,Basic,user531@email.com,user531,2023-05-02 12:19:00,139.63,127.85,Active
S001,P107,Pen Set,Stationery,U0886,2023-11-16,South,Dallas,47,Premium,user886@email.com,user886,2023-11-16 11:22:00,10.72,10.44,Inactive
S002,P117,Chair,Furniture,U0008,2023-05-07,West,Los Angeles,65,Basic,user8@email.com,user8,2023-05-07 17:25:00,291.15,295.38,Active
S004,P129,Camera,Electronics,U0680,2023-05-30,North,Chicago,27,Premium,,user680,2023-05-30 19:41:00,624.6,595.04,Active
S005,P131,Whiteboard,Stationery,U0013,2023-03-26,West,Los Angeles,34,Basic,user13@email.com,user13,2023-03-26 20:46:00,98.96,91.14,Inactive
S002,P107,Pen Set,Stationery,U0081,2023-08-30,West,Los Angeles,19,Basic,user81@email.com,user81,2023-08-30 09:40:00,12.74,13.49,Active
S004,P109,Bookshelf,Furniture,U0237,2023-04-13,West,San Francisco,59,Premium,user237@email.com,user237,2023-04-13 20:01:00,242.45,228.63,Inactive
S002,P110,USB Hub,Electronics,U0045,2023-03-06,West,Los Angeles,48,Premium,user45@email.com,user45,2023-03-06 19:16:00,33.66,35.67,Active
S003,P138,Toaster,Appliances,U0139,2023-01-25,West,Los Angeles,21,Basic,user139@email.com,user139,2023-01-25 18:43:00,48.37,44.93,Inactive
S001,P140,Iron,Appliances,U0848,2023-03-24,South,Houston,41,Premium,user848@email.com,user848,2023-03-24 17:01:00,52.3,56.24,Inactive
S004,P127,SSD,Electronics,U0151,2023-09-02,West,Los Angeles,59,Premium,user151@email.com,user151,2023-09-02 12:41:00,97.94,102.29,Active
S002,P119,Monitor 4K,Electronics,U0551,2023-03-03,East,Boston,37,Basic,user551@email.com,user551,2023-03-03 12:57:00,479.54,457.94,Active
S005,P129,Camera,Electronics,U0023,2023-12-27,West,Los Angeles,37,Premium,user23@email.com,user23,2023-12-27 18:06:00,690.19,682.73,Active
S005,P135,Monitor Stand,Accessories,U0487,2023-06-19,East,New York,59,Basic,user487@email.com,user487,2023-06-19 20:36:00,52.28,54.57,Inactive
S002,P118,Binder,Stationery,U0489,2023-01-12,East,New York,23,Basic,user489@email.com,user489,2023-01-12 16:25:00,6.9,6.32,Inactive
S003,P114,Stapler,Stationery,U0136,2023-11-07,West,Los Angeles,27,Basic,user136@email.com,user136,2023-11-07 13:25:00,8.55,8.87,Inactive
S003,P119,Monitor 4K,Electronics,U0860,2023-11-07,South,Dallas,24,Premium,user860@email.com,user860,2023-11-07 11:35:00,409.31,,Active
S001,P132,Speaker,Electronics,U0526,2023-01-29,East,New York,23,Basic,user526@email.com,user526,2023-01-29 14:57:00,221.23,206.1,Active
S001,P130,Charger,Accessories,U0376,2023-07-04,West,San Diego,53,Basic,user376@email.com,user376,2023-07-04 08:52:00,29.03,27.42,Active
S005,P115,Printer,Electronics,U0520,2023-02-17,East,New York,63,Premium,user520@email.com,user520,2023-02-17 17:51:00,294.3,308.27,Inactive
S001,P120,Desk,Furniture,U0530,2023-11-27,East,New York,56,Premium,user530@email.com,user530,2023-11-27 08:44:00,682.93,661.47,Inactive
S005,P134,Microphone,Electronics,U0079,2023-05-20,West,Los Angeles,28,Basic,user79@email.com,user79,2023-05-20 20:18:00,159.13,146.15,Active
S001,P123,Sofa,Furniture,U0352,2023-07-30,West,San Diego,25,Basic,user352@email.com,user352,2023-07-30 11:36:00,1091.74,999.19,Inactive
S004,P130,Charger,Accessories,U0475,2023-03-12,East,New York,63,Basic,user475@email.com,,2023-03-12 18:29:00,24.32,22.64,Inactive
S004,P125,Mousepad,Accessories,U0790,2023-11-14,South,Houston,50,Premium,user790@email.com,user790,2023-11-14 12:27:00,15.25,16.26,Active
S002,P130,Charger,Accessories,U0696,2023-08-13,North,Chicago,40,Basic,user696@email.com,user696,2023-08-13 14:33:00,23.9,25.02,Active
S005,P127,SSD,Electronics,U0354,2023-10-20,West,San Diego,43,Premium,user354@email.com,user354,2023-10-20 13:20:00,80.4,83.0,Inactive
S004,P135,Monitor Stand,Accessories,U0593,2023-10-12,East,Boston,46,Premium,user593@email.com,user593,2023-10-12 17:18:00,46.44,,Inactive
S005,P122,Headset,Electronics,U0665,2023-08-08,North,Chicago,39,Basic,user665@email.com,user665,2023-08-08 13:52:00,183.86,189.82,Inactive
S005,P138,Toaster,Appliances,U0302,2023-11-05,West,San Francisco,30,Premium,user302@email.com,user302,2023-11-05 18:04:00,39.5,42.22,Inactive
S004,P136,Fan,Appliances,U0718,2023-07-25,North,Chicago,56,Basic,user718@email.com,,2023-07-25 17:13:00,61.62,68.41,Inactive
S001,P105,Monitor,Electronics,U0022,2023-08-23,West,Los Angeles,57,Premium,user22@email.com,user22,2023-08-23 12:08:00,328.78,348.79,Active
S004,P118,Binder,Stationery,U0296,2023-06-25,West,San Francisco,36,Basic,user296@email.com,user296,2023-06-25 17:44:00,6.08,6.55,Inactive
S001,P130,Charger,Accessories,U0406,2023-05-09,East,New York,38,Premium,user406@email.com,user406,2023-05-09 09:45:00,24.63,26.64,Active
S001,P113,Tablet,Electronics,U0251,2023-01-14,West,San Francisco,31,Premium,user251@email.com,user251,2023-01-14 15:54:00,570.41,520.73,Inactive
S005,P133,Pillow,Furniture,U0110,2023-09-27,West,Los Angeles,20,Basic,user110@email.com,user110,2023-09-27 17:24:00,45.57,44.52,Active
S003,P133,Pillow,Furniture,U0477,2023-01-27,East,New York,25,Basic,user477@email.com,user477,2023-01-27 13:23:00,39.3,,Active
S003,P117,Chair,Furniture,U0494,2023-11-24,East,New York,58,Basic,user494@email.com,user494,2023-11-24 12:26:00,252.09,243.99,
S004,P119,Monitor 4K,Electronics,U0736,2023-03-15,North,Detroit,53,Basic,user736@email.com,user736,2023-03-15 08:47:00,412.96,387.55,Active
S005,P112,Lamp,Furniture,U0686,2023-12-22,North,Chicago,29,Premium,user686@email.com,user686,2023-12-22 09:02:00,48.49,45.74,Active
S004,P122,Headset,Electronics,U0422,2023-01-24,East,New York,24,Basic,user422@email.com,user422,2023-01-24 18:57:00,162.18,154.21,Inactive
S001,P117,Chair,Furniture,U0846,2023-12-14,South,Houston,40,Premium,user846@email.com,user846,2023-12-14 09:32:00,274.79,283.3,Inactive
S005,P138,Toaster,Appliances,U0856,2023-11-12,South,Dallas,24,Premium,user856@email.com,user856,2023-11-12 15:58:00,42.55,39.25,Inactive
S004,P124,Router,Electronics,U0667,2023-11-13,North,Chicago,61,Basic,user667@email.com,user667,2023-11-13 08:40:00,124.4,,Active
S002,P113,Tablet,Electronics,U0268,2023-09-22,West,San Francisco,33,Premium,user268@email.com,user268,2023-09-22 17:25:00,578.82,545.81,Inactive
S005,P106,Notebook,Stationery,U0450,2023-03-08,East,New York,42,Premium,user450@email.com,user450,2023-03-08 12:18:00,5.81,5.59,Inactive
S002,P106,Notebook,Stationery,U0727,2023-03-13,North,Chicago,48,Basic,user727@email.com,user727,2023-03-13 15:09:00,5.26,5.47,Active
S005,P104,Keyboard,Electronics,U0826,2023-10-04,South,Houston,39,Premium,user826@email.com,user826,2023-10-04 12:24:00,84.83,77.96,Active
S002,P138,Toaster,Appliances,U0443,2023-12-04,East,New York,46,Basic,user443@email.com,user443,2023-12-04 19:15:00,46.81,49.16,Active
S004,P105,Monitor,Electronics,U0937,2023-05-14,South,Phoenix,63,Premium,,user937,2023-05-14 16:45:00,435.01,425.9,Inactive
S003,P103,Desk Chair,Furniture,U0828,2023-08-04,South,Houston,34,Premium,user828@email.com,user828,2023-08-04 10:13:00,350.24,332.63,Active
S002,P101,Laptop,Electronics,U0597,2023-07-31,East,Boston,53,Basic,user597@email.com,user597,2023-07-31 20:56:00,1304.36,,Inactive
S002,P125,Mousepad,Accessories,U0630,2023-07-20,North,Chicago,22,Basic,user630@email.com,user630,2023-07-20 17:28:00,12.54,13.6,Active
S001,P106,Notebook,Stationery,U0730,2023-11-06,North,Chicago,27,Premium,user730@email.com,user730,2023-11-06 10:43:00,4.73,4.89,Inactive
S001,P121,Pen,Stationery,U0461,2023-12-17,East,New York,54,Premium,,user461,2023-12-17 11:48:00,3.1,,Inactive
S002,P122,Headset,Electronics,U0649,2023-05-23,North,Chicago,38,Premium,user649@email.com,,2023-05-23 18:52:00,198.43,181.13,Active
S005,P103,Desk Chair,Furniture,U0839,2023-06-28,South,Houston,19,Basic,user839@email.com,user839,2023-06-28 20:48:00,426.52,394.38,Inactive
S002,P117,Chair,Furniture,U0343,2023-05-28,West,San Diego,23,Basic,user343@email.com,user343,2023-05-28 09:35:00,307.91,289.33,Inactive
S003,P118,Binder,Stationery,U0024,2023-11-06,West,Los Angeles,31,Basic,user24@email.com,user24,2023-11-06 12:32:00,5.62,5.47,Inactive
S001,P127,SSD,Electronics,U0473,2023-01-21,East,New York,48,Premium,user473@email.com,user473,2023-01-21 20:51:00,90.92,92.88,Active
S005,P102,Mouse,Electronics,U0218,2023-02-04,West,San Francisco,18,Basic,user218@email.com,user218,2023-02-04 20:25:00,24.8,22.87,Inactive
S001,P135,Monitor Stand,Accessories,U0026,2023-07-09,West,Los Angeles,55,Premium,user26@email.com,user26,2023-07-09 13:57:00,48.91,,Active
S005,P105,Monitor,Electronics,U0492,2023-07-12,East,New York,23,Premium,user492@email.com,user492,2023-07-12 14:11:00,421.39,389.14,Active
S005,P135,Monitor Stand,Accessories,U0722,2023-02-24,North,Chicago,64,Basic,user722@email.com,user722,2023-02-24 18:40:00,59.32,62.35,Active
S001,P123,Sofa,Furniture,U0194,2023-09-05,West,San Francisco,24,Basic,user194@email.com,user194,2023-09-05 09:53:00,958.33,877.31,Active
S005,P105,Monitor,Electronics,U0964,2023-02-17,South,Phoenix,53,Premium,user964@email.com,user964,2023-02-17 09:36:00,427.92,403.81,Inactive
S005,P106,Notebook,Stationery,U0169,2023-04-08,West,Los Angeles,21,Basic,user169@email.com,user169,2023-04-08 08:55:00,4.92,4.82,Active
S003,P106,Notebook,Stationery,U0543,2023-12-30,East,New York,51,Basic,user543@email.com,user543,2023-12-30 08:08:00,4.12,4.46,Inactive
S003,P102,Mouse,Electronics,U0216,2023-04-16,West,San Francisco,51,Premium,user216@email.com,user216,2023-04-16 08:50:00,25.76,26.86,Inactive
S001,P122,Headset,Electronics,U0549,2023-12-02,East,New York,57,Basic,user549@email.com,user549,2023-12-02 19:58:00,178.45,170.55,Inactive
S004,P132,Speaker,Electronics,U0123,2023-07-08,West,Los Angeles,51,Basic,user123@email.com,user123,2023-07-08 09:27:00,227.97,218.07,Active
S004,P110,USB Hub,Electronics,U0417,2023-10-02,East,New York,39,Basic,user417@email.com,user417,2023-10-02 19:03:00,37.33,37.98,Active
S001,P108,Headphones,Electronics,U0235,2023-08-25,West,San Francisco,21,Premium,user235@email.com,user235,2023-08-25 19:25:00,166.83,169.09,Active
S005,P107,Pen Set,Stationery,U0378,2023-07-03,West,San Diego,61,Basic,user378@email.com,user378,2023-07-03 09:10:00,12.54,12.73,Inactive
S001,P111,Webcam,Electronics,U0367,2023-10-09,West,San Diego,51,Premium,user367@email.com,user367,2023-10-09 11:23:00,71.37,69.45,Inactive
S003,P105,Monitor,Electronics,U0311,2023-09-15,West,San Francisco,24,Basic,user311@email.com,user311,2023-09-15 09:18:00,417.17,434.43,Inactive
S001,P103,Desk Chair,Furniture,U0556,2023-08-02,East,Boston,63,Basic,user556@email.com,user556,2023-08-02 20:42:00,345.27,330.46,Active
S004,P127,SSD,Electronics,U0870,2023-08-15,South,Dallas,45,Basic,user870@email.com,user870,2023-08-15 15:46:00,80.33,,Active
S005,P115,Printer,Electronics,U0913,2023-04-02,South,Dallas,33,Basic,user913@email.com,user913,2023-04-02 08:39:00,287.69,287.61,Inactive
S003,P112,Lamp,Furniture,U0501,2023-01-15,East,New York,65,Premium,user501@email.com,user501,2023-01-15 10:44:00,44.19,41.25,Active
S001,P122,Headset,Electronics,U0210,2023-01-24,West,San Francisco,24,Basic,user210@email.com,user210,2023-01-24 10:28:00,167.1,153.88,Active
S004,P122,Headset,Electronics,U0246,2023-01-06,West,San Francisco,34,Premium,user246@email.com,,2023-01-06 12:50:00,152.09,166.48,Active
S001,P113,Tablet,Electronics,U0602,2023-12-21,North,Chicago,61,Basic,user602@email.com,user602,2023-12-21 08:27:00,567.49,,Inactive
S004,P124,Router,Electronics,U0939,2023-12-03,South,Phoenix,39,Premium,user939@email.com,user939,2023-12-03 11:16:00,142.84,134.87,Inactive
S005,P112,Lamp,Furniture,U0419,2023-03-01,East,New York,37,Basic,user419@email.com,user419,2023-03-01 09:31:00,45.64,47.83,Inactive
S005,P126,Table,Furniture,U0064,2023-01-01,West,Los Angeles,60,Basic,user64@email.com,user64,2023-01-01 13:39:00,410.9,438.29,Active
S001,P140,Iron,Appliances,U0316,2023-04-10,West,San Francisco,38,Basic,user316@email.com,user316,2023-04-10 12:44:00,60.49,59.11,Inactive
S002,P127,SSD,Electronics,U0396,2023-10-21,West,San Diego,27,Basic,user396@email.com,user396,2023-10-21 13:28:00,117.29,108.41,Active
S005,P139,Kettle,Appliances,U0060,2023-05-28,West,Los Angeles,46,Premium,user60@email.com,user60,2023-05-28 14:17:00,33.31,34.67,
S002,P134,Microphone,Electronics,U0522,2023-10-23,East,New York,49,Premium,user522@email.com,user522,2023-10-23 15:17:00,145.1,136.27,Inactive
S004,P130,Charger,Accessories,U0775,2023-08-12,North,Detroit,50,Basic,user775@email.com,user775,2023-08-12 11:43:00,26.76,28.17,Inactive
S003,P113,Tablet,Electronics,U0793,2023-04-07,South,Houston,43,Premium,user793@email.com,user793,2023-04-07 15:33:00,517.15,514.11,Active
S003,P104,Keyboard,Electronics,U0541,2023-05-01,East,New York,48,Basic,user541@email.com,user541,2023-05-01 20:38:00,106.25,,Inactive
S004,P101,Laptop,Electronics,U0604,2023-04-10,North,Chicago,39,Premium,user604@email.com,user604,2023-04-10 19:14:00,1419.1,1336.84,Active
S004,P115,Printer,Electronics,U0729,2023-12-18,North,Chicago,63,Premium,user729@email.com,user729,2023-12-18 11:06:00,328.63,299.26,Inactive
S005,P107,Pen Set,Stationery,U0864,2023-06-12,South,Dallas,30,Premium,user864@email.com,user864,2023-06-12 11:08:00,13.97,13.62,Inactive
S003,P138,Toaster,Appliances,U0052,2023-08-31,West,Los Angeles,53,Basic,user52@email.com,user52,2023-08-31 13:22:00,46.15,43.99,Active
S001,P134,Microphone,Electronics,U0632,2023-03-29,North,Chicago,38,Basic,user632@email.com,user632,2023-03-29 10:34:00,138.06,125.75,Active
S002,P120,Desk,Furniture,U0968,2023-02-21,South,Phoenix,19,Premium,user968@email.com,user968,2023-02-21 09:20:00,655.51,650.3,Active
S003,P136,Fan,Appliances,U0348,2023-05-02,West,San Diego,35,Basic,user348@email.com,user348,2023-05-02 10:31:00,82.64,85.32,Inactive
S003,P119,Monitor 4K,Electronics,U0428,2023-11-06,East,New York,54,Premium,user428@email.com,user428,2023-11-06 19:50:00,413.06,421.0,Inactive
S001,P137,Blender,Appliances,U0056,2023-03-19,West,Los Angeles,27,Basic,user56@email.com,user56,2023-03-19 16:48:00,74.83,78.8,Inactive
S005,P132,Speaker,Electronics,U0525,2023-08-12,East,New York,45,Premium,user525@email.com,user525,2023-08-12 08:16:00,173.84,182.12,Active
S001,P130,Charger,Accessories,U0568,2023-02-24,East,Boston,57,Premium,user568@email.com,user568,2023-02-24 09:10:00,24.92,27.43,Inactive
S002,P112,Lamp,Furniture,U0344,2023-09-13,West,San Diego,65,Premium,user344@email.com,user344,2023-09-13 12:13:00,39.28,41.42,Active
S005,P133,Pillow,Furniture,U0020,2023-03-22,West,Los Angeles,21,Premium,user20@email.com,user20,2023-03-22 09:43:00,40.4,44.22,Active
S004,P112,Lamp,Furniture,U0347,2023-03-03,West,San Diego,62,Basic,user347@email.com,user347,2023-03-03 18:13:00,38.33,42.51,Active
S004,P114,Stapler,Stationery,U0772,2023-07-12,North,Detroit,38,Basic,user772@email.com,user772,2023-07-12 08:57:00,8.18,8.74,
S005,P113,Tablet,Electronics,U0724,2023-09-09,North,Chicago,64,Premium,user724@email.com,user724,2023-09-09 10:56:00,472.11,522.13,Active
S005,P130,Charger,Accessories,U0439,2023-02-10,East,New York,51,Premium,user439@email.com,user439,2023-02-10 18:42:00,23.69,23.09,Active
S001,P110,USB Hub,Electronics,U0282,2023-09-19,West,San Francisco,22,Premium,user282@email.com,user282,2023-09-19 15:18:00,40.38,39.25,Inactive
S005,P137,Blender,Appliances,U0547,2023-04-19,East,New York,55,Premium,user547@email.com,user547,2023-04-19 14:58:00,91.98,90.7,Active
S004,P139,Kettle,Appliances,U0328,2023-09-04,West,San Francisco,28,Premium,user328@email.com,user328,2023-09-04 20:37:00,39.25,38.47,Inactive
S004,P106,Notebook,Stationery,U0425,2023-07-20,East,New York,29,Basic,user425@email.com,user425,2023-07-20 11:45:00,4.98,5.17,Inactive
S001,P128,Eraser,Stationery,U0560,2023-03-01,East,Boston,28,Premium,,user560,2023-03-01 15:30:00,2.12,2.14,Inactive
S002,P126,Table,Furniture,U0682,2023-01-18,North,Chicago,25,Premium,user682@email.com,user682,2023-01-18 17:11:00,418.84,436.05,Active
S001,P119,Monitor 4K,Electronics,U0565,2023-12-08,East,Boston,48,Premium,user565@email.com,user565,2023-12-08 15:06:00,352.79,378.83,Active
S003,P113,Tablet,Electronics,U0112,2023-12-14,West,Los Angeles,54,Basic,user112@email.com,user112,2023-12-14 14:32:00,472.68,494.25,Active
S002,P119,Monitor 4K,Electronics,U0436,2023-03-10,East,New York,18,Premium,user436@email.com,user436,2023-03-10 15:42:00,407.46,438.7,Inactive
S003,P104,Keyboard,Electronics,U0497,2023-05-30,East,New York,51,Premium,user497@email.com,user497,2023-05-30 10:48:00,89.9,85.35,Inactive
S004,P139,Kettle,Appliances,U0558,2023-06-05,East,Boston,57,Basic,user558@email.com,user558,2023-06-05 18:25:00,40.43,37.0,Active
S001,P108,Headphones,Electronics,U0794,2023-01-19,South,Houston,54,Basic,user794@email.com,user794,2023-01-19 12:14:00,139.13,138.24,Active
S005,P121,Pen,Stationery,U0089,2023-03-17,West,Los Angeles,22,Premium,user89@email.com,user89,2023-03-17 16:45:00,2.87,2.8,Inactive
S002,P107,Pen Set,Stationery,U0858,2023-06-02,South,Dallas,49,Basic,user858@email.com,user858,2023-06-02 16:37:00,10.41,10.37,Active
S004,P108,Headphones,Electronics,U0388,2023-08-05,West,San Diego,41,Basic,user388@email.com,user388,2023-08-05 18:01:00,131.84,136.07,Inactive
S002,P126,Table,Furniture,U0289,2023-02-10,West,San Francisco,47,Basic,user289@email.com,user289,2023-02-10 15:28:00,485.58,490.67,
S004,P139,Kettle,Appliances,U0917,2023-09-15,South,Phoenix,41,Basic,user917@email.com,user917,2023-09-15 13:07:00,39.79,37.23,Active
S001,P119,Monitor 4K,Electronics,U0390,2023-06-25,West,San Diego,62,Premium,user390@email.com,user390,2023-06-25 13:13:00,393.16,395.44,Inactive
S002,P115,Printer,Electronics,U0157,2023-09-02,West,Los Angeles,27,Basic,user157@email.com,user157,2023-09-02 14:44:00,329.12,322.3,Active
S005,P102,Mouse,Electronics,U0197,2023-04-12,West,San Francisco,46,Basic,user197@email.com,user197,2023-04-12 11:17:00,25.16,,Active
S002,P120,Desk,Furniture,U0168,2023-08-26,West,Los Angeles,21,Basic,user168@email.com,user168,2023-08-26 10:24:00,692.04,684.2,Inactive
S003,P128,Eraser,Stationery,U0003,2023-05-23,West,Los Angeles,27,Premium,user3@email.com,user3,2023-05-23 09:24:00,2.2,2.27,Inactive
S001,P110,USB Hub,Electronics,U0859,2023-04-18,South,Dallas,45,Basic,user859@email.com,user859,2023-04-18 09:22:00,36.62,35.79,Active
S002,P106,Notebook,Stationery,U0271,2023-07-01,West,San Francisco,32,Basic,user271@email.com,user271,2023-07-01 13:16:00,5.26,4.88,Active
S002,P128,Eraser,Stationery,U0725,2023-08-21,North,Chicago,59,Basic,user725@email.com,user725,2023-08-21 19:48:00,1.77,1.76,
S001,P117,Chair,Furniture,U0087,2023-03-06,West,Los Angeles,65,Basic,user87@email.com,user87,2023-03-06 15:28:00,290.77,277.15,Active
S005,P123,Sofa,Furniture,U0788,2023-05-05,South,Houston,60,Premium,user788@email.com,user788,2023-05-05 15:03:00,871.69,952.64,Inactive
S001,P135,Monitor Stand,Accessories,U0192,2023-07-04,West,San Francisco,62,Premium,user192@email.com,user192,2023-07-04 18:22:00,46.11,48.55,Inactive
S005,P119,Monitor 4K,Electronics,U0471,2023-03-22,East,New York,58,Premium,user471@email.com,user471,2023-03-22 11:05:00,434.38,429.84,Inactive
S003,P128,Eraser,Stationery,U0737,2023-01-28,North,Detroit,62,Premium,user737@email.com,user737,2023-01-28 17:55:00,1.92,2.1,Active
S003,P140,Iron,Appliances,U0032,2023-12-06,West,Los Angeles,25,Basic,user32@email.com,user32,2023-12-06 13:25:00,62.14,60.13,Inactive
S003,P112,Lamp,Furniture,U0906,2023-06-06,South,Dallas,28,Basic,user906@email.com,user906,2023-06-06 15:51:00,47.93,45.63,Inactive
S002,P127,SSD,Electronics,U0915,2023-03-25,South,Dallas,43,Premium,user915@email.com,user915,2023-03-25 18:46:00,86.15,94.0,
S004,P117,Chair,Furniture,U0269,2023-07-27,West,San Francisco,42,Premium,user269@email.com,user269,2023-07-27 11:21:00,309.74,281.85,Inactive
S005,P108,Headphones,Electronics,U0341,2023-05-12,West,San Diego,52,Basic,user341@email.com,user341,2023-05-12 17:30:00,173.54,158.74,Inactive
S004,P124,Router,Electronics,U0380,2023-08-18,West,San Diego,43,Premium,user380@email.com,user380,2023-08-18 17:01:00,140.53,128.15,Active
S005,P131,Whiteboard,Stationery,U0943,2023-03-29,South,Phoenix,40,Premium,user943@email.com,user943,2023-03-29 16:23:00,82.11,82.09,Inactive
S001,P128,Eraser,Stationery,U0513,2023-07-16,East,New York,46,Basic,user513@email.com,user513,2023-07-16 08:02:00,2.18,2.21,Active
S005,P135,Monitor Stand,Accessories,U0180,2023-12-03,West,Los Angeles,20,Premium,user180@email.com,user180,2023-12-03 11:37:00,59.77,62.07,Inactive
S004,P124,Router,Electronics,U0486,2023-10-04,East,New York,28,Basic,user486@email.com,user486,2023-10-04 15:49:00,96.26,106.37,
S003,P129,Camera,Electronics,U0750,2023-09-20,North,Detroit,57,Basic,user750@email.com,user750,2023-09-20 16:28:00,648.16,625.37,Active
S003,P121,Pen,Stationery,U0206,2023-05-29,West,San Francisco,54,Basic,user206@email.com,user206,2023-05-29 18:52:00,3.42,3.41,Inactive
S004,P114,Stapler,Stationery,U0467,2023-05-09,East,New York,39,Basic,user467@email.com,,2023-05-09 16:11:00,7.23,6.9,Active
S004,P133,Pillow,Furniture,U0952,2023-09-11,South,Phoenix,28,Premium,user952@email.com,user952,2023-09-11 12:06:00,34.32,34.79,Active
S003,P116,Cable,Accessories,U0166,2023-03-15,West,Los Angeles,60,Premium,user166@email.com,user166,2023-03-15 16:37:00,9.3,9.74,Inactive
S004,P136,Fan,Appliances,U0883,2023-07-24,South,Dallas,18,Basic,user883@email.com,user883,2023-07-24 19:59:00,72.98,66.4,Active
S005,P114,Stapler,Stationery,U0927,2023-12-24,South,Phoenix,28,Basic,user927@email.com,user927,2023-12-24 17:05:00,6.72,7.41,Inactive
S004,P106,Notebook,Stationery,U0386,2023-10-20,West,San Diego,65,Premium,user386@email.com,user386,2023-10-20 14:32:00,4.83,5.07,Active
S002,P114,Stapler,Stationery,U0746,2023-03-24,North,Detroit,50,Basic,user746@email.com,user746,2023-03-24 12:23:00,7.29,,Inactive
S003,P109,Bookshelf,Furniture,U0397,2023-12-19,West,San Diego,63,Premium,user397@email.com,user397,2023-12-19 20:09:00,233.0,215.38,Active
S001,P121,Pen,Stationery,U0550,2023-02-06,East,New York,53,Basic,user550@email.com,user550,2023-02-06 11:49:00,2.5,2.63,Inactive
S001,P140,Iron,Appliances,U0620,2023-03-27,North,Chicago,50,Basic,user620@email.com,user620,2023-03-27 16:23:00,66.39,64.52,Inactive
S003,P139,Kettle,Appliances,U0094,2023-01-15,West,Los Angeles,29,Basic,,user94,2023-01-15 13:22:00,35.71,37.13,Active
S001,P132,Speaker,Electronics,U0176,2023-01-04,West,Los Angeles,52,Basic,user176@email.com,,2023-01-04 12:34:00,171.71,170.71,Active
S004,P105,Monitor,Electronics,U0071,2023-05-16,West,Los Angeles,39,Basic,user71@email.com,user71,2023-05-16 18:54:00,447.39,417.98,Inactive
S001,P138,Toaster,Appliances,U0243,2023-06-22,West,San Francisco,37,Basic,user243@email.com,user243,2023-06-22 14:50:00,37.34,40.09,Inactive
S002,P111,Webcam,Electronics,U0196,2023-09-22,West,San Francisco,29,Premium,user196@email.com,user196,2023-09-22 15:14:00,70.15,71.2,Inactive
S003,P105,Monitor,Electronics,U0624,2023-02-12,North,Chicago,36,Premium,user624@email.com,,2023-02-12 09:07:00,471.35,434.3,Inactive
S004,P123,Sofa,Furniture,U0792,2023-04-19,South,Houston,27,Basic,user792@email.com,user792,2023-04-19 08:28:00,902.02,900.59,Inactive
S001,P138,Toaster,Appliances,U0294,2023-08-19,West,San Francisco,47,Premium,user294@email.com,user294,2023-08-19 19:03:00,46.18,51.26,Active
S002,P109,Bookshelf,Furniture,U0207,2023-05-08,West,San Francisco,27,Basic,user207@email.com,user207,2023-05-08 18:25:00,254.32,241.68,Inactive
S003,P135,Monitor Stand,Accessories,U0619,2023-03-18,North,Chicago,38,Premium,user619@email.com,user619,2023-03-18 10:54:00,50.45,47.63,Inactive
S003,P111,Webcam,Electronics,U0046,2023-02-25,West,Los Angeles,55,Premium,user46@email.com,user46,2023-02-25 14:25:00,85.93,84.65,Active
S005,P120,Desk,Furniture,U0433,2023-12-14,East,New York,37,Basic,,user433,2023-12-14 09:37:00,692.27,639.2,Inactive
S003,P133,Pillow,Furniture,U0700,2023-01-27,North,Chicago,45,Basic,user700@email.com,user700,2023-01-27 09:21:00,37.57,38.55,Active
S002,P133,Pillow,Furniture,U0506,2023-07-28,East,New York,25,Basic,user506@email.com,user506,2023-07-28 10:31:00,32.71,35.48,Inactive
S001,P129,Camera,Electronics,U0405,2023-09-14,East,New York,25,Premium,user405@email.com,user405,2023-09-14 19:34:00,766.03,704.35,Active
S003,P116,Cable,Accessories,U0940,2023-06-25,South,Phoenix,36,Basic,user940@email.com,,2023-06-25 12:36:00,9.4,9.49,Active
S003,P122,Headset,Electronics,U0897,2023-12-30,South,Dallas,28,Basic,user897@email.com,user897,2023-12-30 14:26:00,196.82,,Active
S005,P122,Headset,Electronics,U0811,2023-02-19,South,Houston,36,Basic,user811@email.com,user811,2023-02-19 09:47:00,204.16,190.29,Active
S001,P101,Laptop,Electronics,U0726,2023-03-09,North,Chicago,33,Premium,user726@email.com,,2023-03-09 17:00:00,1214.29,1116.36,Inactive
S002,P115,Printer,Electronics,U0821,2023-02-23,South,Houston,29,Basic,user821@email.com,user821,2023-02-23 09:03:00,317.86,323.02,Inactive
S003,P102,Mouse,Electronics,U0100,2023-03-29,West,Los Angeles,57,Basic,user100@email.com,user100,2023-03-29 09:27:00,29.8,27.49,Inactive
S002,P138,Toaster,Appliances,U0083,2023-08-01,West,Los Angeles,59,Premium,user83@email.com,user83,2023-08-01 12:02:00,50.64,49.5,Inactive
S003,P123,Sofa,Furniture,U0479,2023-09-15,East,New York,61,Basic,user479@email.com,user479,2023-09-15 13:28:00,766.49,839.83,Inactive
S001,P119,Monitor 4K,Electronics,U0548,2023-07-21,East,New York,41,Premium,user548@email.com,user548,2023-07-21 09:29:00,430.44,462.46,Active
S002,P110,USB Hub,Electronics,U0399,2023-02-24,West,San Diego,26,Premium,user399@email.com,user399,2023-02-24 17:17:00,32.95,30.03,Active
S002,P102,Mouse,Electronics,U0784,2023-01-25,South,Houston,18,Premium,user784@email.com,user784,2023-01-25 19:46:00,21.26,22.04,Inactive
S002,P136,Fan,Appliances,U0037,2023-03-04,West,Los Angeles,47,Premium,user37@email.com,user37,2023-03-04 16:38:00,84.52,81.78,Inactive
S004,P112,Lamp,Furniture,U0062,2023-09-23,West,Los Angeles,59,Basic,user62@email.com,user62,2023-09-23 17:27:00,47.4,50.62,Inactive
S002,P140,Iron,Appliances,U0389,2023-08-14,West,San Diego,20,Premium,user389@email.com,user389,2023-08-14 20:46:00,53.21,,Active
S002,P118,Binder,Stationery,U0184,2023-07-14,West,San Francisco,63,Premium,,user184,2023-07-14 09:05:00,6.19,6.43,Active
S003,P120,Desk,Furniture,U0951,2023-09-30,South,Phoenix,33,Basic,user951@email.com,user951,2023-09-30 12:40:00,566.41,559.55,Inactive
S005,P101,Laptop,Electronics,U0313,2023-10-12,West,San Francisco,27,Premium,user313@email.com,user313,2023-10-12 14:34:00,1050.09,1035.04,Inactive
S001,P135,Monitor Stand,Accessories,U0004,2023-07-13,West,Los Angeles,23,Basic,user4@email.com,user4,2023-07-13 13:36:00,61.87,60.44,Active
S005,P110,USB Hub,Electronics,U0942,2023-05-30,South,Phoenix,42,Basic,user942@email.com,user942,2023-05-30 11:37:00,33.0,36.44,Inactive
S001,P138,Toaster,Appliances,U0518,2023-06-12,East,New York,42,Basic,user518@email.com,user518,2023-06-12 15:06:00,39.17,42.6,Inactive
S002,P111,Webcam,Electronics,U0776,2023-09-07,South,Houston,45,Basic,user776@email.com,user776,2023-09-07 13:39:00,76.9,73.28,Active
S005,P119,Monitor 4K,Electronics,U0471,2023-03-22,East,New York,58,Premium,user471@email.com,user471,2023-03-22 11:05:00,434.38,429.84,Inactive
S002,P111,Webcam,Electronics,U0074,2023-02-10,West,Los Angeles,57,Basic,user74@email.com,user74,2023-02-10 17:09:00,73.66,77.69,Inactive
S004,P120,Desk,Furniture,U0108,2023-03-08,West,Los Angeles,56,Premium,user108@email.com,user108,2023-03-08 20:21:00,551.77,565.72,Active
S005,P104,Keyboard,Electronics,U0261,2023-03-23,West,San Francisco,22,Basic,user261@email.com,user261,2023-03-23 20:54:00,88.59,90.34,Active
S005,P125,Mousepad,Accessories,U0393,2023-12-30,West,San Diego,24,Basic,user393@email.com,user393,2023-12-30 09:11:00,15.22,14.93,Active
S003,P103,Desk Chair,Furniture,U0120,2023-10-07,West,Los Angeles,39,Premium,user120@email.com,user120,2023-10-07 19:30:00,398.9,,Inactive
S005,P107,Pen Set,Stationery,U0879,2023-03-28,South,Dallas,31,Basic,user879@email.com,user879,2023-03-28 14:39:00,11.31,12.34,Active
S003,P113,Tablet,Electronics,U0691,2023-10-16,North,Chicago,60,Premium,user691@email.com,user691,2023-10-16 20:27:00,454.13,487.95,Active
S002,P104,Keyboard,Electronics,U0545,2023-03-18,East,New York,21,Premium,user545@email.com,user545,2023-03-18 10:45:00,76.46,76.92,Inactive
S003,P102,Mouse,Electronics,U0566,2023-05-14,East,Boston,40,Premium,user566@email.com,user566,2023-05-14 16:02:00,24.18,22.56,Active
S005,P110,USB Hub,Electronics,U0444,2023-03-20,East,New York,49,Basic,user444@email.com,user444,2023-03-20 15:46:00,35.86,37.84,Inactive
S003,P111,Webcam,Electronics,U0159,2023-09-24,West,Los Angeles,46,Premium,user159@email.com,user159,2023-09-24 15:05:00,82.49,,Inactive
S005,P128,Eraser,Stationery,U0698,2023-03-11,North,Chicago,48,Basic,user698@email.com,,2023-03-11 16:44:00,2.21,2.01,Active
S001,P111,Webcam,Electronics,U0339,2023-05-22,West,San Francisco,43,Basic,,user339,2023-05-22 11:33:00,77.33,78.82,Inactive
S004,P118,Binder,Stationery,U0495,2023-02-04,East,New York,56,Basic,user495@email.com,user495,2023-02-04 12:40:00,6.23,6.15,Active
S004,P115,Printer,Electronics,U0851,2023-06-11,South,Houston,65,Premium,user851@email.com,user851,2023-06-11 14:23:00,313.89,317.38,Inactive
S005,P134,Microphone,Electronics,U0627,2023-10-10,North,Chicago,47,Basic,user627@email.com,user627,2023-10-10 11:27:00,113.54,123.79,Active
S005,P129,Camera,Electronics,U0569,2023-09-13,East,Boston,64,Premium,user569@email.com,user569,2023-09-13 10:07:00,566.71,582.59,Active
S004,P107,Pen Set,Stationery,U0460,2023-11-09,East,New York,28,Premium,user460@email.com,user460,2023-11-09 15:38:00,12.11,13.14,Inactive
S003,P107,Pen Set,Stationery,U0789,2023-04-17,South,Houston,55,Basic,user789@email.com,user789,2023-04-17 15:41:00,12.45,12.94,Inactive
S005,P102,Mouse,Electronics,U0307,2023-07-11,West,San Francisco,50,Basic,user307@email.com,user307,2023-07-11 18:12:00,23.89,24.9,Active
S002,P119,Monitor 4K,Electronics,U0436,2023-03-10,East,New York,18,Premium,user436@email.com,user436,2023-03-10 15:42:00,407.46,438.7,Inactive
S004,P114,Stapler,Stationery,U0849,2023-10-26,South,Houston,20,Premium,user849@email.com,user849,2023-10-26 09:04:00,8.48,7.71,Inactive
S002,P140,Iron,Appliances,U0373,2023-06-14,West,San Diego,64,Premium,user373@email.com,user373,2023-06-14 14:12:00,63.34,62.85,Inactive
S002,P111,Webcam,Electronics,U0786,2023-10-26,South,Houston,47,Premium,user786@email.com,user786,2023-10-26 20:37:00,71.41,66.59,Active
S003,P101,Laptop,Electronics,U0292,2023-07-01,West,San Francisco,58,Basic,user292@email.com,user292,2023-07-01 09:02:00,1186.47,1217.17,Inactive
S004,P122,Headset,Electronics,U0142,2023-09-23,West,Los Angeles,47,Premium,user142@email.com,user142,2023-09-23 13:59:00,186.32,185.74,Inactive
S005,P126,Table,Furniture,U0429,2023-07-31,East,New York,33,Premium,user429@email.com,user429,2023-07-31 14:04:00,499.73,456.47,Inactive
S004,P127,SSD,Electronics,U0573,2023-12-15,East,Boston,62,Basic,user573@email.com,user573,2023-12-15 13:00:00,97.54,101.31,Inactive
S001,P109,Bookshelf,Furniture,U0141,2023-07-21,West,Los Angeles,41,Basic,user141@email.com,user141,2023-07-21 10:12:00,217.8,,
S001,P122,Headset,Electronics,U0666,2023-01-02,North,Chicago,47,Basic,user666@email.com,user666,2023-01-02 10:01:00,207.07,192.16,Active
S005,P112,Lamp,Furniture,U0033,2023-10-19,West,Los Angeles,37,Basic,user33@email.com,user33,2023-10-19 12:13:00,41.09,45.65,Inactive
S001,P131,Whiteboard,Stationery,U0076,2023-05-02,West,Los Angeles,42,Basic,user76@email.com,user76,2023-05-02 12:01:00,89.86,81.8,Active
S003,P125,Mousepad,Accessories,U0669,2023-11-07,North,Chicago,30,Premium,user669@email.com,,2023-11-07 20:54:00,17.91,16.66,Inactive
S004,P103,Desk Chair,Furniture,U0607,2023-06-10,North,Chicago,62,Premium,user607@email.com,user607,2023-06-10 20:28:00,346.42,379.68,Active
S003,P115,Printer,Electronics,U0178,2023-12-17,West,Los Angeles,23,Premium,user178@email.com,,2023-12-17 16:30:00,257.06,263.42,Inactive
S004,P122,Headset,Electronics,U0584,2023-09-01,East,Boston,64,Premium,user584@email.com,user584,2023-09-01 15:48:00,194.33,194.15,Inactive
S002,P129,Camera,Electronics,U0574,2023-10-06,East,Boston,57,Basic,user574@email.com,user574,2023-10-06 20:41:00,741.89,688.51,
S005,P130,Charger,Accessories,U0623,2023-11-15,North,Chicago,39,Basic,user623@email.com,user623,2023-11-15 13:51:00,24.3,,Inactive
S003,P117,Chair,Furniture,U0230,2023-07-21,West,San Francisco,62,Basic,user230@email.com,user230,2023-07-21 09:12:00,248.13,259.99,Inactive
S001,P119,Monitor 4K,Electronics,U0640,2023-10-01,North,Chicago,65,Basic,user640@email.com,user640,2023-10-01 08:43:00,391.2,378.23,Active
S004,P109,Bookshelf,Furniture,U0721,2023-11-10,North,Chicago,36,Basic,user721@email.com,user721,2023-11-10 08:52:00,258.38,252.03,Active
S003,P134,Microphone,Electronics,U0088,2023-08-23,West,Los Angeles,59,Premium,user88@email.com,user88,2023-08-23 14:27:00,112.4,112.87,Active
S005,P114,Stapler,Stationery,U0034,2023-08-31,West,Los Angeles,65,Premium,user34@email.com,user34,2023-08-31 18:40:00,8.02,8.38,Inactive
S001,P112,Lamp,Furniture,U0224,2023-10-11,West,San Francisco,63,Basic,user224@email.com,user224,2023-10-11 19:20:00,39.2,41.28,Active
S005,P138,Toaster,Appliances,U0820,2023-06-28,South,Houston,55,Basic,user820@email.com,user820,2023-06-28 19:10:00,35.48,39.16,Inactive
S003,P123,Sofa,Furniture,U0578,2023-05-26,East,Boston,60,Premium,user578@email.com,user578,2023-05-26 11:06:00,961.64,957.87,Active
S002,P111,Webcam,Electronics,U0485,2023-03-01,East,New York,20,Basic,user485@email.com,user485,2023-03-01 13:11:00,75.77,76.68,Active
S001,P111,Webcam,Electronics,U0317,2023-06-10,West,San Francisco,33,Premium,user317@email.com,user317,2023-06-10 12:53:00,82.02,79.77,Inactive
S002,P120,Desk,Furniture,U0756,2023-04-12,North,Detroit,40,Basic,user756@email.com,user756,2023-04-12 20:10:00,600.93,596.69,Active
S002,P127,SSD,Electronics,U0028,2023-05-17,West,Los Angeles,28,Premium,user28@email.com,user28,2023-05-17 15:14:00,83.19,91.65,Active
S001,P115,Printer,Electronics,U0599,2023-05-24,East,Boston,61,Basic,user599@email.com,user599,2023-05-24 18:19:00,289.46,272.24,Active
S003,P109,Bookshelf,Furniture,U0925,2023-05-17,South,Phoenix,47,Basic,user925@email.com,user925,2023-05-17 19:20:00,182.77,193.41,Inactive
S003,P134,Microphone,Electronics,U0239,2023-10-27,West,San Francisco,32,Premium,user239@email.com,user239,2023-10-27 12:34:00,118.0,,Active
S004,P137,Blender,Appliances,U0905,2023-12-04,South,Dallas,55,Premium,user905@email.com,user905,2023-12-04 13:55:00,78.46,85.2,Active
S003,P116,Cable,Accessories,U0714,2023-04-18,North,Chicago,55,Basic,user714@email.com,,2023-04-18 18:47:00,8.07,8.76,Active
S002,P121,Pen,Stationery,U0768,2023-02-17,North,Detroit,23,Premium,,user768,2023-02-17 17:09:00,3.02,2.94,Inactive
S001,P106,Notebook,Stationery,U0540,2023-08-29,East,New York,26,Basic,user540@email.com,user540,2023-08-29 11:45:00,5.59,5.71,Active
S003,P123,Sofa,Furniture,U0805,2023-09-15,South,Houston,60,Premium,user805@email.com,user805,2023-09-15 10:46:00,1066.1,1022.5,Inactive
S003,P108,Headphones,Electronics,U0591,2023-02-01,East,Boston,38,Basic,user591@email.com,user591,2023-02-01 08:26:00,139.15,,Active
S002,P111,Webcam,Electronics,U0058,2023-03-30,West,Los Angeles,53,Premium,user58@email.com,,2023-03-30 19:38:00,66.04,67.27,Inactive
S002,P116,Cable,Accessories,U0369,2023-09-13,West,San Diego,23,Basic,user369@email.com,user369,2023-09-13 18:03:00,12.41,11.29,Active
S004,P140,Iron,Appliances,U0117,2023-02-02,West,Los Angeles,25,Basic,user117@email.com,user117,2023-02-02 16:36:00,55.77,61.74,Active
S004,P125,Mousepad,Accessories,U0310,2023-11-19,West,San Francisco,43,Basic,,user310,2023-11-19 09:34:00,13.86,,Active
S003,P134,Microphone,Electronics,U0448,2023-12-13,East,New York,62,Premium,user448@email.com,user448,2023-12-13 08:53:00,110.71,122.72,Inactive
S003,P138,Toaster,Appliances,U0887,2023-07-08,South,Dallas,57,Basic,user887@email.com,user887,2023-07-08 18:42:00,51.48,50.86,Active
S002,P119,Monitor 4K,Electronics,U0054,2023-07-04,West,Los Angeles,29,Basic,user54@email.com,user54,2023-07-04 12:02:00,361.23,358.78,Inactive
S001,P123,Sofa,Furniture,U0161,2023-10-05,West,Los Angeles,21,Premium,user161@email.com,user161,2023-10-05 12:26:00,1025.5,1031.26,Inactive
S002,P134,Microphone,Electronics,U0275,2023-01-10,West,San Francisco,61,Premium,user275@email.com,user275,2023-01-10 19:56:00,128.16,134.94,Active
S001,P127,SSD,Electronics,U0415,2023-06-20,East,New York,40,Premium,user415@email.com,user415,2023-06-20 12:16:00,76.23,81.07,Active
S001,P137,Blender,Appliances,U0523,2023-09-25,East,New York,30,Basic,user523@email.com,user523,2023-09-25 19:43:00,84.37,88.99,Active
S005,P124,Router,Electronics,U0582,2023-05-29,East,Boston,20,Premium,user582@email.com,,2023-05-29 13:19:00,102.1,106.24,Inactive
S004,P121,Pen,Stationery,U0402,2023-05-07,East,New York,45,Basic,user402@email.com,user402,2023-05-07 14:46:00,3.32,3.25,Active
S003,P139,Kettle,Appliances,U0853,2023-05-27,South,Houston,39,Basic,user853@email.com,user853,2023-05-27 16:09:00,30.42,30.99,Inactive
S004,P108,Headphones,Electronics,U0066,2023-03-02,West,Los Angeles,59,Premium,user66@email.com,user66,2023-03-02 16:45:00,156.43,149.93,Active
S002,P136,Fan,Appliances,U0297,2023-04-13,West,San Francisco,31,Basic,user297@email.com,user297,2023-04-13 10:45:00,85.87,79.2,Inactive
S001,P105,Monitor,Electronics,U0276,2023-06-02,West,San Francisco,36,Basic,user276@email.com,user276,2023-06-02 13:27:00,435.58,427.34,Inactive
S001,P139,Kettle,Appliances,U0922,2023-07-15,South,Phoenix,50,Premium,user922@email.com,user922,2023-07-15 12:27:00,34.21,33.3,Active
S002,P104,Keyboard,Electronics,U0694,2023-06-12,North,Chicago,42,Premium,user694@email.com,user694,2023-06-12 20:34:00,84.96,81.05,Inactive
S002,P114,Stapler,Stationery,U0759,2023-08-04,North,Detroit,62,Premium,user759@email.com,user759,2023-08-04 11:12:00,7.77,,Active
S002,P137,Blender,Appliances,U0424,2023-03-29,East,New York,22,Basic,user424@email.com,user424,2023-03-29 15:03:00,90.06,93.06,Active
S003,P139,Kettle,Appliances,U0441,2023-10-16,East,New York,34,Premium,user441@email.com,user441,2023-10-16 17:03:00,36.93,36.36,
S002,P115,Printer,Electronics,U0571,2023-08-08,East,Boston,44,Basic,user571@email.com,user571,2023-08-08 16:50:00,366.18,335.83,Active
S003,P136,Fan,Appliances,U0716,2023-07-07,North,Chicago,46,Premium,user716@email.com,user716,2023-07-07 14:33:00,76.96,,Active
S005,P124,Router,Electronics,U0355,2023-09-24,West,San Diego,46,Basic,user355@email.com,user355,2023-09-24 10:46:00,115.67,108.02,Active
S004,P101,Laptop,Electronics,U0604,2023-04-10,North,Chicago,39,Premium,user604@email.com,user604,2023-04-10 19:14:00,1419.1,1336.84,Active
S002,P137,Blender,Appliances,U0871,2023-10-02,South,Dallas,31,Premium,user871@email.com,,2023-10-02 13:08:00,104.4,102.09,Active
S002,P113,Tablet,Electronics,U0277,2023-07-26,West,San Francisco,19,Premium,,user277,2023-07-26 11:46:00,503.13,458.65,Active
S004,P120,Desk,Furniture,U0542,2023-12-10,East,New York,41,Premium,user542@email.com,user542,2023-12-10 17:11:00,692.4,684.25,Active
S001,P136,Fan,Appliances,U0608,2023-05-31,North,Chicago,42,Basic,user608@email.com,user608,2023-05-31 11:55:00,69.23,,Inactive
S001,P126,Table,Furniture,U0783,2023-10-12,South,Houston,38,Basic,user783@email.com,user783,2023-10-12 19:29:00,455.24,465.16,Active
S003,P132,Speaker,Electronics,U0880,2023-07-30,South,Dallas,37,Basic,user880@email.com,user880,2023-07-30 19:36:00,199.66,220.06,Inactive
S002,P101,Laptop,Electronics,U0221,2023-12-26,West,San Francisco,18,Premium,user221@email.com,user221,2023-12-26 16:50:00,1161.96,1198.71,Inactive
S001,P112,Lamp,Furniture,U0866,2023-08-03,South,Dallas,62,Basic,user866@email.com,user866,2023-08-03 11:40:00,47.75,46.53,Active
S003,P116,Cable,Accessories,U0947,2023-04-04,South,Phoenix,62,Premium,user947@email.com,user947,2023-04-04 10:02:00,9.59,9.19,Active
S005,P101,Laptop,Electronics,U0695,2023-03-21,North,Chicago,60,Premium,user695@email.com,user695,2023-03-21 12:03:00,1085.84,1071.36,Inactive
S002,P123,Sofa,Furniture,U0778,2023-02-07,South,Houston,31,Basic,user778@email.com,,2023-02-07 09:00:00,913.81,865.43,Inactive
S001,P127,SSD,Electronics,U0765,2023-01-08,North,Detroit,19,Premium,user765@email.com,user765,2023-01-08 16:52:00,110.32,103.28,Inactive
S005,P134,Microphone,Electronics,U0362,2023-12-22,West,San Diego,61,Basic,user362@email.com,user362,2023-12-22 20:17:00,127.51,121.6,Inactive
S001,P137,Blender,Appliances,U0134,2023-01-15,West,Los Angeles,23,Premium,user134@email.com,user134,2023-01-15 12:41:00,107.64,102.11,
S003,P128,Eraser,Stationery,U0969,2023-04-30,South,Phoenix,31,Basic,user969@email.com,user969,2023-04-30 15:07:00,1.85,1.72,Active
S005,P130,Charger,Accessories,U0702,2023-09-07,North,Chicago,21,Basic,user702@email.com,user702,2023-09-07 12:22:00,21.12,21.29,Active
S003,P111,Webcam,Electronics,U0462,2023-10-11,East,New York,28,Basic,user462@email.com,user462,2023-10-11 10:06:00,70.37,69.23,Inactive
S004,P136,Fan,Appliances,U0692,2023-02-03,North,Chicago,39,Premium,user692@email.com,user692,2023-02-03 12:09:00,69.52,,Active
S002,P138,Toaster,Appliances,U0295,2023-03-07,West,San Francisco,24,Basic,user295@email.com,user295,2023-03-07 13:32:00,48.13,47.13,Active
S003,P105,Monitor,Electronics,U0322,2023-07-09,West,San Francisco,32,Premium,user322@email.com,user322,2023-07-09 20:23:00,421.73,420.23,
S005,P114,Stapler,Stationery,U0205,2023-12-19,West,San Francisco,40,Basic,user205@email.com,user205,2023-12-19 11:52:00,6.68,7.2,Active
S003,P108,Headphones,Electronics,U0298,2023-10-15,West,San Francisco,48,Basic,user298@email.com,user298,2023-10-15 16:18:00,170.27,,Inactive
S003,P125,Mousepad,Accessories,U0266,2023-08-24,West,San Francisco,34,Premium,user266@email.com,,2023-08-24 17:25:00,15.38,14.85,Inactive
S001,P119,Monitor 4K,Electronics,U0739,2023-03-21,North,Detroit,21,Premium,user739@email.com,user739,2023-03-21 10:00:00,404.85,433.13,Inactive
S005,P132,Speaker,Electronics,U0529,2023-07-11,East,New York,62,Premium,user529@email.com,user529,2023-07-11 18:15:00,186.11,188.99,Inactive
S001,P106,Notebook,Stationery,U0212,2023-01-01,West,San Francisco,31,Basic,user212@email.com,,2023-01-01 16:43:00,4.45,4.37,Inactive
S001,P128,Eraser,Stationery,U0808,2023-03-12,South,Houston,51,Basic,user808@email.com,user808,2023-03-12 18:45:00,2.12,2.12,Inactive
S001,P124,Router,Electronics,U0291,2023-04-25,West,San Francisco,47,Basic,user291@email.com,user291,2023-04-25 15:45:00,125.1,122.17,Active
S001,P130,Charger,Accessories,U0639,2023-02-12,North,Chicago,53,Premium,user639@email.com,user639,2023-02-12 15:52:00,26.27,26.6,Active
S002,P108,Headphones,Electronics,U0285,2023-12-23,West,San Francisco,64,Premium,user285@email.com,user285,2023-12-23 09:26:00,183.49,171.67,Inactive
S004,P109,Bookshelf,Furniture,U0213,2023-02-06,West,San Francisco,32,Basic,user213@email.com,user213,2023-02-06 09:20:00,204.7,192.9,Active
S001,P118,Binder,Stationery,U0898,2023-03-30,South,Dallas,46,Premium,user898@email.com,user898,2023-03-30 16:26:00,5.26,5.6,
S003,P123,Sofa,Furniture,U0635,2023-07-20,North,Chicago,57,Premium,user635@email.com,user635,2023-07-20 17:46:00,820.85,877.06,Active
S003,P139,Kettle,Appliances,U0646,2023-11-20,North,Chicago,62,Basic,user646@email.com,user646,2023-11-20 19:08:00,40.35,36.87,Inactive
S002,P120,Desk,Furniture,U0796,2023-03-29,South,Houston,38,Premium,user796@email.com,user796,2023-03-29 15:09:00,521.87,540.0,
S005,P122,Headset,Electronics,U0440,2023-01-06,East,New York,48,Basic,user440@email.com,user440,2023-01-06 19:21:00,179.57,180.68,Active
S001,P133,Pillow,Furniture,U0011,2023-11-17,West,Los Angeles,37,Premium,user11@email.com,user11,2023-11-17 16:49:00,37.71,35.83,Active
S004,P105,Monitor,Electronics,U0125,2023-07-06,West,Los Angeles,50,Premium,user125@email.com,,2023-07-06 17:43:00,421.87,,Inactive
S004,P112,Lamp,Furniture,U0152,2023-04-01,West,Los Angeles,20,Basic,user152@email.com,user152,2023-04-01 19:55:00,45.82,,Active
S004,P121,Pen,Stationery,U0007,2023-05-18,West,Los Angeles,22,Premium,user7@email.com,user7,2023-05-18 19:20:00,3.42,3.37,Active
S005,P119,Monitor 4K,Electronics,U0075,2023-03-22,West,Los Angeles,22,Basic,user75@email.com,user75,2023-03-22 12:40:00,522.53,476.1,Inactive
S003,P138,Toaster,Appliances,U0052,2023-08-31,West,Los Angeles,53,Basic,user52@email.com,user52,2023-08-31 13:22:00,46.15,43.99,Active
S004,P115,Printer,Electronics,U0741,2023-04-05,North,Detroit,65,Premium,user741@email.com,user741,2023-04-05 13:41:00,326.42,328.49,Inactive
S003,P124,Router,Electronics,U0516,2023-10-26,East,New York,19,Basic,user516@email.com,user516,2023-10-26 13:26:00,114.04,115.7,Active
S003,P113,Tablet,Electronics,U0226,2023-10-16,West,San Francisco,37,Premium,user226@email.com,user226,2023-10-16 15:49:00,503.66,494.59,Active
S001,P101,Laptop,Electronics,U0661,2023-02-05,North,Chicago,62,Basic,user661@email.com,user661,2023-02-05 19:27:00,1246.35,1208.99,Active
S003,P104,Keyboard,Electronics,U0754,2023-08-09,North,Detroit,48,Premium,user754@email.com,user754,2023-08-09 20:43:00,79.05,73.63,Inactive
S004,P124,Router,Electronics,U0126,2023-10-18,West,Los Angeles,20,Premium,user126@email.com,user126,2023-10-18 13:28:00,137.8,126.45,Inactive
S003,P113,Tablet,Electronics,U0404,2023-08-14,East,New York,43,Basic,user404@email.com,user404,2023-08-14 10:27:00,517.88,541.05,Inactive
S005,P137,Blender,Appliances,U0601,2023-10-17,North,Chicago,29,Premium,user601@email.com,user601,2023-10-17 10:16:00,96.92,92.38,Inactive
S004,P124,Router,Electronics,U0427,2023-04-04,East,New York,62,Basic,,user427,2023-04-04 15:31:00,140.37,130.4,Active
S004,P112,Lamp,Furniture,U0761,2023-08-08,North,Detroit,41,Premium,user761@email.com,user761,2023-08-08 14:24:00,42.63,45.71,Active
S002,P137,Blender,Appliances,U0254,2023-09-01,West,San Francisco,37,Premium,user254@email.com,user254,2023-09-01 08:32:00,93.33,87.16,Active
S005,P103,Desk Chair,Furniture,U0631,2023-09-08,North,Chicago,19,Premium,user631@email.com,user631,2023-09-08 14:18:00,344.58,318.39,Inactive
S001,P109,Bookshelf,Furniture,U0141,2023-07-21,West,Los Angeles,41,Basic,user141@email.com,user141,2023-07-21 10:12:00,217.8,,
S005,P133,Pillow,Furniture,U0562,2023-11-10,East,Boston,61,Basic,user562@email.com,user562,2023-11-10 08:27:00,33.55,36.78,Inactive
S004,P115,Printer,Electronics,U0080,2023-10-13,West,Los Angeles,41,Premium,user80@email.com,user80,2023-10-13 16:07:00,294.45,326.16,Inactive
S003,P127,SSD,Electronics,U0281,2023-03-24,West,San Francisco,20,Basic,user281@email.com,,2023-03-24 15:21:00,110.72,106.7,Inactive
S005,P106,Notebook,Stationery,U0252,2023-07-18,West,San Francisco,29,Basic,user252@email.com,user252,2023-07-18 15:02:00,5.43,5.58,Active
S001,P118,Binder,Stationery,U0664,2023-12-07,North,Chicago,55,Premium,user664@email.com,user664,2023-12-07 08:24:00,5.29,5.27,Inactive
S004,P122,Headset,Electronics,U0454,2023-10-22,East,New York,18,Basic,user454@email.com,user454,2023-10-22 19:49:00,175.38,178.82,Inactive
S005,P137,Blender,Appliances,U0684,2023-09-03,North,Chicago,35,Premium,user684@email.com,user684,2023-09-03 15:41:00,91.7,97.95,Active
S002,P128,Eraser,Stationery,U0332,2023-05-11,West,San Francisco,48,Premium,user332@email.com,user332,2023-05-11 17:56:00,2.06,,Active
S004,P137,Blender,Appliances,U0780,2023-12-16,South,Houston,45,Basic,user780@email.com,,2023-12-16 08:51:00,92.52,98.46,Inactive
S001,P126,Table,Furniture,U0710,2023-05-21,North,Chicago,30,Premium,user710@email.com,user710,2023-05-21 09:55:00,450.3,440.05,Active
S004,P132,Speaker,Electronics,U0621,2023-05-18,North,Chicago,55,Basic,user621@email.com,user621,2023-05-18 18:02:00,220.4,208.29,Active
S001,P111,Webcam,Electronics,U0855,2023-03-09,South,Houston,50,Basic,user855@email.com,user855,2023-03-09 14:44:00,81.65,84.1,Inactive
S003,P108,Headphones,Electronics,U0137,2023-08-19,West,Los Angeles,33,Premium,user137@email.com,user137,2023-08-19 14:55:00,126.33,131.86,Inactive
S004,P137,Blender,Appliances,U0842,2023-01-20,South,Houston,57,Basic,user842@email.com,user842,2023-01-20 20:41:00,89.02,86.27,Inactive
S005,P106,Notebook,Stationery,U0904,2023-04-18,South,Dallas,34,Premium,user904@email.com,user904,2023-04-18 09:33:00,4.49,4.95,Inactive
S004,P118,Binder,Stationery,U0349,2023-04-03,West,San Diego,54,Premium,user349@email.com,user349,2023-04-03 09:46:00,7.12,6.86,Active
S002,P134,Microphone,Electronics,U0150,2023-11-23,West,Los Angeles,32,Premium,user150@email.com,user150,2023-11-23 15:06:00,110.53,114.41,Active
S003,P106,Notebook,Stationery,U0572,2023-06-11,East,Boston,43,Premium,user572@email.com,user572,2023-06-11 08:42:00,4.8,4.9,Inactive
S001,P127,SSD,Electronics,U0415,2023-06-20,East,New York,40,Premium,user415@email.com,user415,2023-06-20 12:16:00,76.23,81.07,Active
S003,P125,Mousepad,Accessories,U0671,2023-04-23,North,Chicago,64,Basic,user671@email.com,user671,2023-04-23 18:07:00,17.17,15.75,Inactive
S002,P110,USB Hub,Electronics,U0096,2023-11-13,West,Los Angeles,21,Premium,user96@email.com,user96,2023-11-13 15:38:00,33.67,32.61,Inactive
S001,P117,Chair,Furniture,U0770,2023-05-21,North,Detroit,23,Premium,user770@email.com,user770,2023-05-21 17:55:00,293.41,285.51,Inactive
S003,P103,Desk Chair,Furniture,U0078,2023-08-14,West,Los Angeles,20,Basic,user78@email.com,user78,2023-08-14 12:20:00,343.71,374.4,Inactive
S002,P129,Camera,Electronics,U0777,2023-01-18,South,Houston,50,Basic,user777@email.com,,2023-01-18 18:33:00,639.39,666.94,Active
S002,P132,Speaker,Electronics,U0183,2023-07-02,West,San Francisco,53,Basic,user183@email.com,user183,2023-07-02 18:24:00,202.95,195.91,Active
S002,P120,Desk,Furniture,U0743,2023-10-10,North,Detroit,30,Premium,,user743,2023-10-10 17:36:00,507.34,553.26,Active
S005,P111,Webcam,Electronics,U0519,2023-06-03,East,New York,41,Basic,user519@email.com,user519,2023-06-03 20:04:00,70.14,68.29,Inactive
S003,P123,Sofa,Furniture,U0318,2023-09-07,West,San Francisco,53,Premium,user318@email.com,user318,2023-09-07 12:54:00,829.79,812.46,Active
S004,P134,Microphone,Electronics,U0195,2023-06-28,West,San Francisco,48,Premium,user195@email.com,user195,2023-06-28 13:04:00,132.61,127.59,Active
S003,P107,Pen Set,Stationery,U0115,2023-03-16,West,Los Angeles,26,Premium,user115@email.com,user115,2023-03-16 19:53:00,11.97,11.23,
S002,P107,Pen Set,Stationery,U0017,2023-04-09,West,Los Angeles,30,Basic,user17@email.com,user17,2023-04-09 15:15:00,10.02,10.7,Active
S004,P111,Webcam,Electronics,U0841,2023-08-28,South,Houston,65,Premium,user841@email.com,user841,2023-08-28 20:43:00,60.25,66.72,Inactive
S004,P125,Mousepad,Accessories,U0656,2023-06-07,North,Chicago,59,Premium,user656@email.com,user656,2023-06-07 09:24:00,13.24,14.59,Inactive
S001,P109,Bookshelf,Furniture,U0707,2023-02-25,North,Chicago,19,Premium,user707@email.com,user707,2023-02-25 20:43:00,197.27,197.27,Active
S005,P129,Camera,Electronics,U0371,2023-05-31,West,San Diego,52,Basic,user371@email.com,user371,2023-05-31 13:20:00,552.56,589.51,Active
S005,P125,Mousepad,Accessories,U0674,2023-01-01,North,Chicago,37,Premium,user674@email.com,user674,2023-01-01 14:27:00,14.45,15.41,Active
S002,P123,Sofa,Furniture,U0817,2023-08-28,South,Houston,64,Basic,user817@email.com,user817,2023-08-28 13:32:00,920.67,839.76,Inactive
S003,P109,Bookshelf,Furniture,U0360,2023-05-27,West,San Diego,48,Premium,user360@email.com,user360,2023-05-27 20:30:00,232.01,232.39,Active
S003,P120,Desk,Furniture,U0910,2023-02-11,South,Dallas,29,Premium,user910@email.com,user910,2023-02-11 19:15:00,655.97,664.4,
S004,P102,Mouse,Electronics,U0966,2023-10-22,South,Phoenix,36,Premium,user966@email.com,user966,2023-10-22 08:14:00,25.36,25.93,Inactive
S004,P137,Blender,Appliances,U0738,2023-03-18,North,Detroit,29,Basic,user738@email.com,user738,2023-03-18 19:19:00,101.37,96.58,Active
S001,P101,Laptop,Electronics,U0615,2023-07-03,North,Chicago,19,Premium,user615@email.com,user615,2023-07-03 18:37:00,1058.49,1071.26,Inactive
S004,P127,SSD,Electronics,U0816,2023-03-17,South,Houston,19,Basic,user816@email.com,user816,2023-03-17 08:37:00,94.98,93.78,Active
S004,P112,Lamp,Furniture,U0062,2023-09-23,West,Los Angeles,59,Basic,user62@email.com,user62,2023-09-23 17:27:00,47.4,50.62,Inactive
S002,P133,Pillow,Furniture,U0321,2023-08-17,West,San Francisco,28,Premium,user321@email.com,user321,2023-08-17 10:47:00,41.34,,Active
S002,P136,Fan,Appliances,U0832,2023-03-01,South,Houston,46,Premium,user832@email.com,user832,2023-03-01 13:22:00,92.04,,Active
S001,P115,Printer,Electronics,U0093,2023-06-29,West,Los Angeles,53,Basic,user93@email.com,user93,2023-06-29 11:51:00,253.59,265.34,Active
S005,P111,Webcam,Electronics,U0885,2023-08-31,South,Dallas,18,Basic,user885@email.com,user885,2023-08-31 09:00:00,68.01,73.12,Inactive
S003,P110,USB Hub,Electronics,U0658,2023-11-06,North,Chicago,47,Premium,user658@email.com,user658,2023-11-06 18:53:00,33.08,32.42,Inactive
S001,P115,Printer,Electronics,U0325,2023-09-21,West,San Francisco,59,Basic,user325@email.com,user325,2023-09-21 13:38:00,256.88,274.04,Active
S001,P124,Router,Electronics,U0234,2023-10-26,West,San Francisco,55,Basic,user234@email.com,user234,2023-10-26 09:12:00,123.55,135.03,Inactive
S004,P132,Speaker,Electronics,U0552,2023-07-18,East,Boston,48,Basic,user552@email.com,user552,2023-07-18 20:27:00,200.64,203.78,Active
S003,P111,Webcam,Electronics,U0462,2023-10-11,East,New York,28,Basic,user462@email.com,user462,2023-10-11 10:06:00,70.37,69.23,Inactive
S001,P138,Toaster,Appliances,U0342,2023-09-04,West,San Diego,25,Basic,user342@email.com,user342,2023-09-04 11:43:00,40.21,39.16,Active
S004,P108,Headphones,Electronics,U0092,2023-07-01,West,Los Angeles,60,Basic,user92@email.com,user92,2023-07-01 12:38:00,173.92,166.56,Inactive
S004,P134,Microphone,Electronics,U0512,2023-08-27,East,New York,30,Basic,user512@email.com,user512,2023-08-27 12:34:00,136.05,136.32,Active
S004,P122,Headset,Electronics,U0454,2023-10-22,East,New York,18,Basic,user454@email.com,user454,2023-10-22 19:49:00,175.38,178.82,Inactive
S004,P106,Notebook,Stationery,U0357,2023-06-08,West,San Diego,32,Premium,user357@email.com,user357,2023-06-08 10:08:00,5.3,,Inactive
S003,P111,Webcam,Electronics,U0159,2023-09-24,West,Los Angeles,46,Premium,user159@email.com,user159,2023-09-24 15:05:00,82.49,,Inactive
S001,P105,Monitor,Electronics,U0875,2023-09-16,South,Dallas,64,Basic,user875@email.com,user875,2023-09-16 16:38:00,359.04,342.42,Inactive
S003,P104,Keyboard,Electronics,U0561,2023-01-05,East,Boston,24,Basic,user561@email.com,user561,2023-01-05 19:37:00,104.01,97.23,Inactive
S005,P128,Eraser,Stationery,U0699,2023-06-26,North,Chicago,33,Premium,user699@email.com,user699,2023-06-26 18:59:00,2.25,2.06,Active
S001,P126,Table,Furniture,U0710,2023-05-21,North,Chicago,30,Premium,user710@email.com,user710,2023-05-21 09:55:00,450.3,440.05,Active
S002,P122,Headset,Electronics,U0962,2023-12-13,South,Phoenix,63,Basic,user962@email.com,user962,2023-12-13 08:08:00,175.05,166.79,Active
S003,P123,Sofa,Furniture,U0470,2023-04-14,East,New York,39,Premium,user470@email.com,user470,2023-04-14 12:08:00,784.29,773.67,Active
S005,P137,Blender,Appliances,U0333,2023-03-02,West,San Francisco,51,Premium,user333@email.com,user333,2023-03-02 20:20:00,81.53,86.63,Inactive
S001,P129,Camera,Electronics,U0405,2023-09-14,East,New York,25,Premium,user405@email.com,user405,2023-09-14 19:34:00,766.03,704.35,Active
S002,P113,Tablet,Electronics,U0457,2023-01-19,East,New York,30,Premium,user457@email.com,user457,2023-01-19 15:24:00,542.87,532.96,Inactive
S003,P140,Iron,Appliances,U0284,2023-02-17,West,San Francisco,41,Basic,user284@email.com,user284,2023-02-17 15:17:00,53.21,54.29,Active
S003,P119,Monitor 4K,Electronics,U0701,2023-09-05,North,Chicago,36,Basic,user701@email.com,user701,2023-09-05 17:25:00,402.12,383.85,Active
S003,P136,Fan,Appliances,U0361,2023-04-07,West,San Diego,44,Basic,user361@email.com,user361,2023-04-07 19:41:00,67.74,72.63,Active
S003,P104,Keyboard,Electronics,U0836,2023-07-30,South,Houston,63,Basic,user836@email.com,user836,2023-07-30 10:53:00,74.67,79.38,Inactive
S001,P121,Pen,Stationery,U0368,2023-03-27,West,San Diego,35,Premium,user368@email.com,user368,2023-03-27 08:37:00,2.76,2.91,Active
S003,P109,Bookshelf,Furniture,U0260,2023-08-15,West,San Francisco,38,Basic,user260@email.com,user260,2023-08-15 09:12:00,240.04,235.1,Inactive
S004,P104,Keyboard,Electronics,U0810,2023-03-06,South,Houston,43,Premium,user810@email.com,user810,2023-03-06 16:29:00,88.47,84.05,Active
S001,P118,Binder,Stationery,U0481,2023-12-23,East,New York,27,Basic,user481@email.com,user481,2023-12-23 18:01:00,5.05,5.37,Inactive
S003,P108,Headphones,Electronics,U0423,2023-03-18,East,New York,28,Basic,user423@email.com,user423,2023-03-18 16:32:00,144.81,132.65,Inactive
S004,P123,Sofa,Furniture,U0300,2023-02-22,West,San Francisco,57,Premium,user300@email.com,user300,2023-02-22 11:32:00,977.28,965.45,Inactive
S001,P116,Cable,Accessories,U0102,2023-03-16,West,Los Angeles,34,Premium,user102@email.com,user102,2023-03-16 20:41:00,8.39,9.02,Inactive
S001,P126,Table,Furniture,U0636,2023-05-03,North,Chicago,28,Basic,user636@email.com,user636,2023-05-03 18:58:00,505.44,501.65,Inactive
S001,P118,Binder,Stationery,U0025,2023-01-02,West,Los Angeles,39,Premium,user25@email.com,user25,2023-01-02 19:28:00,5.95,,Active
S003,P117,Chair,Furniture,U0098,2023-06-17,West,Los Angeles,25,Premium,user98@email.com,user98,2023-06-17 10:24:00,270.97,274.78,Inactive
S005,P109,Bookshelf,Furniture,U0581,2023-09-28,East,Boston,25,Premium,user581@email.com,user581,2023-09-28 10:35:00,196.77,217.06,Active
S001,P108,Headphones,Electronics,U0222,2023-06-21,West,San Francisco,45,Basic,user222@email.com,user222,2023-06-21 17:40:00,143.91,151.07,Active
S001,P117,Chair,Furniture,U0797,2023-03-29,South,Houston,61,Premium,user797@email.com,user797,2023-03-29 17:00:00,309.31,282.76,Inactive
S004,P135,Monitor Stand,Accessories,U0967,2023-12-01,South,Phoenix,60,Premium,user967@email.com,user967,2023-12-01 13:57:00,60.34,59.45,Active
S004,P139,Kettle,Appliances,U0409,2023-05-02,East,New York,31,Basic,,user409,2023-05-02 17:38:00,34.11,34.51,Active
S002,P119,Monitor 4K,Electronics,U0039,2023-05-20,West,Los Angeles,39,Basic,user39@email.com,user39,2023-05-20 10:14:00,430.13,469.52,Inactive
S003,P130,Charger,Accessories,U0652,2023-03-26,North,Chicago,64,Premium,user652@email.com,user652,2023-03-26 11:19:00,21.6,23.09,Inactive
S001,P138,Toaster,Appliances,U0588,2023-09-09,East,Boston,19,Basic,user588@email.com,user588,2023-09-09 16:20:00,43.4,44.15,Inactive
S003,P130,Charger,Accessories,U0472,2023-01-08,East,New York,64,Basic,user472@email.com,user472,2023-01-08 13:27:00,25.41,26.77,Active
S004,P139,Kettle,Appliances,U0895,2023-09-09,South,Dallas,29,Basic,user895@email.com,user895,2023-09-09 16:51:00,38.73,37.62,Active
S001,P135,Monitor Stand,Accessories,U0785,2023-12-19,South,Houston,21,Basic,user785@email.com,user785,2023-12-19 08:19:00,55.72,61.32,Inactive
S003,P101,Laptop,Electronics,U0041,2023-06-02,West,Los Angeles,42,Basic,user41@email.com,user41,2023-06-02 20:38:00,1270.72,1213.76,Inactive
S003,P113,Tablet,Electronics,U0404,2023-08-14,East,New York,43,Basic,user404@email.com,user404,2023-08-14 10:27:00,517.88,541.05,Inactive
S001,P111,Webcam,Electronics,U0643,2023-08-01,North,Chicago,50,Premium,user643@email.com,user643,2023-08-01 18:12:00,79.19,82.1,Active
S002,P108,Headphones,Electronics,U0595,2023-10-12,East,Boston,35,Basic,user595@email.com,user595,2023-10-12 20:20:00,137.12,136.99,Inactive
S002,P132,Speaker,Electronics,U0370,2023-06-12,West,San Diego,53,Basic,user370@email.com,user370,2023-06-12 11:01:00,215.65,218.33,Inactive
S005,P112,Lamp,Furniture,U0245,2023-06-12,West,San Francisco,57,Premium,user245@email.com,user245,2023-06-12 15:09:00,43.18,46.89,Active
S004,P130,Charger,Accessories,U0683,2023-05-21,North,Chicago,58,Basic,user683@email.com,user683,2023-05-21 09:07:00,22.18,24.0,
S002,P114,Stapler,Stationery,U0889,2023-01-02,South,Dallas,32,Premium,user889@email.com,user889,2023-01-02 10:09:00,7.45,7.02,Active
S003,P107,Pen Set,Stationery,U0590,2023-03-14,East,Boston,44,Basic,user590@email.com,user590,2023-03-14 09:03:00,12.11,11.13,Inactive
S003,P120,Desk,Furniture,U0101,2023-04-24,West,Los Angeles,39,Premium,user101@email.com,user101,2023-04-24 16:32:00,537.71,523.75,Active
S003,P122,Headset,Electronics,U0872,2023-10-11,South,Dallas,22,Premium,user872@email.com,user872,2023-10-11 11:10:00,176.02,181.01,Active
S001,P129,Camera,Electronics,U0111,2023-07-30,West,Los Angeles,41,Premium,user111@email.com,user111,2023-07-30 20:47:00,757.97,741.57,Inactive
S001,P131,Whiteboard,Stationery,U0044,2023-10-04,West,Los Angeles,21,Basic,user44@email.com,user44,2023-10-04 18:02:00,67.05,73.38,
S004,P104,Keyboard,Electronics,U0392,2023-12-02,West,San Diego,18,Premium,user392@email.com,,2023-12-02 18:23:00,78.4,82.16,Active
S004,P101,Laptop,Electronics,U0804,2023-01-21,South,Houston,31,Basic,,user804,2023-01-21 15:19:00,1217.97,1317.17,Active
S001,P110,USB Hub,Electronics,U0385,2023-12-11,West,San Diego,64,Basic,user385@email.com,user385,2023-12-11 17:32:00,41.97,39.95,Inactive
S005,P117,Chair,Furniture,U0580,2023-09-13,East,Boston,58,Basic,user580@email.com,user580,2023-09-13 15:46:00,327.9,315.96,Inactive
S004,P122,Headset,Electronics,U0575,2023-03-06,East,Boston,51,Basic,user575@email.com,user575,2023-03-06 12:33:00,164.92,,Inactive
S001,P139,Kettle,Appliances,U0813,2023-09-24,South,Houston,24,Premium,user813@email.com,user813,2023-09-24 16:28:00,31.73,31.9,Active
S001,P122,Headset,Electronics,U0107,2023-06-18,West,Los Angeles,24,Basic,user107@email.com,user107,2023-06-18 18:58:00,175.87,168.34,Inactive
S003,P110,USB Hub,Electronics,U0273,2023-04-03,West,San Francisco,23,Basic,user273@email.com,user273,2023-04-03 13:40:00,36.48,33.24,Active
S001,P108,Headphones,Electronics,U0445,2023-03-27,East,New York,47,Basic,user445@email.com,user445,2023-03-27 20:59:00,148.22,148.93,Active
S004,P107,Pen Set,Stationery,U0703,2023-09-09,North,Chicago,30,Premium,user703@email.com,,2023-09-09 14:07:00,13.06,12.1,Inactive
S004,P101,Laptop,Electronics,U0227,2023-01-13,West,San Francisco,32,Basic,,user227,2023-01-13 08:21:00,1297.26,1248.94,Active
S001,P103,Desk Chair,Furniture,U0645,2023-04-22,North,Chicago,44,Basic,user645@email.com,user645,2023-04-22 09:45:00,378.06,378.09,Active
S004,P133,Pillow,Furniture,U0657,2023-11-22,North,Chicago,62,Basic,user657@email.com,user657,2023-11-22 14:47:00,43.64,42.36,Active
S004,P116,Cable,Accessories,U0709,2023-04-12,North,Chicago,48,Premium,user709@email.com,user709,2023-04-12 10:12:00,10.6,10.6,Active
S003,P118,Binder,Stationery,U0498,2023-02-19,East,New York,52,Basic,user498@email.com,user498,2023-02-19 16:18:00,5.94,6.58,Active
S004,P130,Charger,Accessories,U0104,2023-01-20,West,Los Angeles,21,Basic,user104@email.com,user104,2023-01-20 09:39:00,25.16,27.49,Active
S005,P129,Camera,Electronics,U0014,2023-08-20,West,Los Angeles,25,Premium,user14@email.com,user14,2023-08-20 17:35:00,577.01,596.32,Active
S002,P118,Binder,Stationery,U0086,2023-03-08,West,Los Angeles,52,Basic,,user86,2023-03-08 08:08:00,6.03,6.54,Active
S004,P125,Mousepad,Accessories,U0366,2023-05-07,West,San Diego,65,Premium,user366@email.com,user366,2023-05-07 09:33:00,14.29,13.65,Inactive
S004,P130,Charger,Accessories,U0638,2023-06-25,North,Chicago,65,Basic,user638@email.com,user638,2023-06-25 08:16:00,27.1,27.67,Inactive
S003,P101,Laptop,Electronics,U0705,2023-12-30,North,Chicago,30,Premium,user705@email.com,user705,2023-12-30 14:26:00,988.18,1088.24,Inactive
S004,P121,Pen,Stationery,U0876,2023-09-20,South,Dallas,65,Premium,user876@email.com,user876,2023-09-20 09:16:00,2.8,2.82,Active
S003,P133,Pillow,Furniture,U0521,2023-08-10,East,New York,60,Basic,user521@email.com,user521,2023-08-10 17:32:00,35.69,36.4,
S004,P138,Toaster,Appliances,U0723,2023-03-21,North,Chicago,46,Premium,user723@email.com,user723,2023-03-21 10:57:00,47.46,48.1,Active
S001,P106,Notebook,Stationery,U0687,2023-09-17,North,Chicago,37,Basic,user687@email.com,,2023-09-17 18:00:00,5.33,5.7,Inactive
S005,P114,Stapler,Stationery,U0034,2023-08-31,West,Los Angeles,65,Premium,user34@email.com,user34,2023-08-31 18:40:00,8.02,8.38,Inactive
S003,P110,USB Hub,Electronics,U0884,2023-09-25,South,Dallas,61,Premium,user884@email.com,user884,2023-09-25 13:33:00,41.63,38.18,Active
S002,P105,Monitor,Electronics,U0059,2023-05-16,West,Los Angeles,58,Premium,user59@email.com,user59,2023-05-16 18:09:00,394.5,391.02,Inactive
S001,P123,Sofa,Furniture,U0731,2023-05-19,North,Detroit,49,Basic,user731@email.com,,2023-05-19 19:51:00,1080.07,1016.88,Active
S002,P138,Toaster,Appliances,U0443,2023-12-04,East,New York,46,Basic,user443@email.com,user443,2023-12-04 19:15:00,46.81,49.16,Active
S001,P132,Speaker,Electronics,U0507,2023-07-17,East,New York,36,Basic,user507@email.com,user507,2023-07-17 15:14:00,198.27,206.02,Active
S001,P119,Monitor 4K,Electronics,U0248,2023-06-13,West,San Francisco,34,Premium,user248@email.com,user248,2023-06-13 14:10:00,342.18,366.35,Inactive
S004,P121,Pen,Stationery,U0402,2023-05-07,East,New York,45,Basic,user402@email.com,user402,2023-05-07 14:46:00,3.32,3.25,Active
S002,P115,Printer,Electronics,U0614,2023-08-27,North,Chicago,57,Premium,user614@email.com,user614,2023-08-27 13:51:00,289.48,276.51,Inactive
S001,P128,Eraser,Stationery,U0923,2023-04-09,South,Phoenix,54,Basic,user923@email.com,user923,2023-04-09 16:54:00,2.35,,Active
S003,P117,Chair,Furniture,U0091,2023-03-20,West,Los Angeles,61,Basic,user91@email.com,user91,2023-03-20 09:27:00,255.17,239.29,Inactive
S004,P136,Fan,Appliances,U0679,2023-02-19,North,Chicago,26,Basic,user679@email.com,user679,2023-02-19 20:03:00,81.98,80.68,Active
S004,P112,Lamp,Furniture,U0536,2023-07-13,East,New York,54,Premium,user536@email.com,user536,2023-07-13 16:41:00,34.85,38.53,Inactive
S002,P121,Pen,Stationery,U0954,2023-04-09,South,Phoenix,43,Premium,user954@email.com,user954,2023-04-09 10:20:00,3.39,3.32,Inactive
S001,P110,USB Hub,Electronics,U0299,2023-12-10,West,San Francisco,21,Premium,user299@email.com,user299,2023-12-10 12:43:00,34.41,32.55,Active
S002,P114,Stapler,Stationery,U0499,2023-09-15,East,New York,32,Premium,user499@email.com,user499,2023-09-15 19:53:00,8.81,8.71,Active
S002,P110,USB Hub,Electronics,U0173,2023-06-18,West,Los Angeles,32,Basic,user173@email.com,user173,2023-06-18 16:41:00,33.91,35.73,Inactive
S001,P125,Mousepad,Accessories,U0693,2023-03-05,North,Chicago,29,Basic,user693@email.com,user693,2023-03-05 09:33:00,16.34,15.4,Active
S003,P117,Chair,Furniture,U0799,2023-08-23,South,Houston,18,Basic,user799@email.com,user799,2023-08-23 16:49:00,249.99,258.59,Inactive
S003,P109,Bookshelf,Furniture,U0478,2023-05-03,East,New York,52,Premium,user478@email.com,user478,2023-05-03 20:37:00,240.75,229.84,Inactive
S002,P116,Cable,Accessories,U0642,2023-02-16,North,Chicago,19,Basic,user642@email.com,user642,2023-02-16 11:43:00,7.75,8.58,Active
S002,P115,Printer,Electronics,U0933,2023-11-09,South,Phoenix,57,Premium,user933@email.com,user933,2023-11-09 08:20:00,323.3,308.96,Inactive
S005,P133,Pillow,Furniture,U0815,2023-04-13,South,Houston,48,Basic,user815@email.com,user815,2023-04-13 17:31:00,38.74,37.48,Inactive
S002,P140,Iron,Appliances,U0391,2023-12-22,West,San Diego,62,Premium,user391@email.com,user391,2023-12-22 16:02:00,62.47,57.78,Inactive
S004,P122,Headset,Electronics,U0042,2023-03-26,West,Los Angeles,47,Premium,user42@email.com,,2023-03-26 14:37:00,207.37,205.96,Inactive
S003,P136,Fan,Appliances,U0279,2023-08-31,West,San Francisco,62,Premium,user279@email.com,user279,2023-08-31 08:19:00,70.91,68.37,Active
S001,P115,Printer,Electronics,U0845,2023-12-02,South,Houston,20,Premium,,user845,2023-12-02 17:20:00,339.43,,Inactive
S005,P128,Eraser,Stationery,U0699,2023-06-26,North,Chicago,33,Premium,user699@email.com,user699,2023-06-26 18:59:00,2.25,2.06,Active
S005,P116,Cable,Accessories,U0158,2023-02-11,West,Los Angeles,51,Basic,user158@email.com,user158,2023-02-11 17:07:00,9.8,10.08,Active
S001,P118,Binder,Stationery,U0466,2023-04-10,East,New York,25,Premium,user466@email.com,user466,2023-04-10 15:31:00,6.92,,Inactive
S004,P132,Speaker,Electronics,U0945,2023-10-19,South,Phoenix,58,Premium,user945@email.com,user945,2023-10-19 20:50:00,235.64,220.4,Inactive
S001,P127,SSD,Electronics,U0555,2023-08-26,East,Boston,60,Basic,,user555,2023-08-26 20:32:00,92.44,90.88,Inactive
S002,P132,Speaker,Electronics,U0128,2023-03-04,West,Los Angeles,26,Premium,user128@email.com,user128,2023-03-04 15:05:00,212.84,197.12,Active
S003,P108,Headphones,Electronics,U0306,2023-08-17,West,San Francisco,33,Premium,user306@email.com,user306,2023-08-17 13:24:00,176.88,170.65,Inactive
S003,P115,Printer,Electronics,U0449,2023-05-09,East,New York,30,Premium,user449@email.com,user449,2023-05-09 17:42:00,236.15,257.13,Active
S005,P123,Sofa,Furniture,U0238,2023-09-15,West,San Francisco,38,Basic,,user238,2023-09-15 17:14:00,758.59,838.02,Inactive
S005,P132,Speaker,Electronics,U0483,2023-12-07,East,New York,62,Basic,user483@email.com,user483,2023-12-07 20:19:00,200.14,197.48,Active
S003,P107,Pen Set,Stationery,U0946,2023-09-17,South,Phoenix,22,Basic,user946@email.com,user946,2023-09-17 19:34:00,12.27,,Active
S003,P121,Pen,Stationery,U0834,2023-11-05,South,Houston,59,Premium,user834@email.com,user834,2023-11-05 14:30:00,3.19,3.45,Active
S002,P103,Desk Chair,Furniture,U0106,2023-12-29,West,Los Angeles,46,Basic,user106@email.com,user106,2023-12-29 13:23:00,360.27,352.53,Active
S001,P111,Webcam,Electronics,U0537,2023-07-25,East,New York,57,Basic,user537@email.com,user537,2023-07-25 13:10:00,71.84,77.26,Inactive
S003,P103,Desk Chair,Furniture,U0938,2023-07-24,South,Phoenix,63,Basic,user938@email.com,user938,2023-07-24 10:54:00,316.75,342.5,Active
S002,P129,Camera,Electronics,U0534,2023-01-02,East,New York,43,Premium,user534@email.com,user534,2023-01-02 09:07:00,649.87,675.02,Active
S005,P137,Blender,Appliances,U0824,2023-02-06,South,Houston,39,Premium,user824@email.com,user824,2023-02-06 19:41:00,103.61,94.92,Inactive
S004,P132,Speaker,Electronics,U0921,2023-05-21,South,Phoenix,40,Basic,user921@email.com,user921,2023-05-21 19:52:00,200.52,211.34,Active
S001,P128,Eraser,Stationery,U0840,2023-02-25,South,Houston,53,Basic,user840@email.com,user840,2023-02-25 12:54:00,2.47,2.27,Inactive
S004,P110,USB Hub,Electronics,U0865,2023-04-06,South,Dallas,64,Basic,user865@email.com,user865,2023-04-06 09:33:00,30.75,,Active
S003,P131,Whiteboard,Stationery,U0749,2023-08-15,North,Detroit,59,Premium,user749@email.com,user749,2023-08-15 15:02:00,99.1,90.56,Active
S001,P124,Router,Electronics,U0774,2023-04-22,North,Detroit,19,Basic,user774@email.com,user774,2023-04-22 19:08:00,98.08,106.99,Inactive
S005,P108,Headphones,Electronics,U0455,2023-10-02,East,New York,40,Basic,user455@email.com,user455,2023-10-02 18:41:00,155.04,158.18,Inactive
S002,P120,Desk,Furniture,U0211,2023-05-21,West,San Francisco,23,Basic,user211@email.com,user211,2023-05-21 18:10:00,540.84,555.07,Inactive
S003,P113,Tablet,Electronics,U0742,2023-02-25,North,Detroit,24,Premium,user742@email.com,user742,2023-02-25 13:01:00,506.14,479.41,Active
S002,P103,Desk Chair,Furniture,U0689,2023-03-14,North,Chicago,37,Premium,user689@email.com,user689,2023-03-14 11:37:00,406.16,398.03,Inactive
S004,P118,Binder,Stationery,U0600,2023-12-27,East,Boston,63,Premium,user600@email.com,user600,2023-12-27 18:25:00,5.6,5.11,Active
S001,P116,Cable,Accessories,U0127,2023-01-14,West,Los Angeles,65,Premium,user127@email.com,user127,2023-01-14 16:07:00,9.77,10.0,Inactive
S005,P128,Eraser,Stationery,U0412,2023-02-03,East,New York,36,Basic,user412@email.com,user412,2023-02-03 12:21:00,1.85,1.78,Active
S003,P124,Router,Electronics,U0713,2023-06-05,North,Chicago,25,Premium,user713@email.com,user713,2023-06-05 20:55:00,130.69,126.08,Inactive
S003,P124,Router,Electronics,U0283,2023-08-07,West,San Francisco,65,Premium,user283@email.com,user283,2023-08-07 08:00:00,110.86,105.42,Inactive
S001,P120,Desk,Furniture,U0744,2023-07-02,North,Detroit,36,Basic,user744@email.com,user744,2023-07-02 14:46:00,577.78,600.04,Active
S002,P129,Camera,Electronics,U0073,2023-12-22,West,Los Angeles,37,Premium,user73@email.com,user73,2023-12-22 12:22:00,594.73,561.47,Active
S005,P134,Microphone,Electronics,U0359,2023-06-08,West,San Diego,40,Basic,user359@email.com,user359,2023-06-08 15:19:00,139.57,131.55,
S001,P114,Stapler,Stationery,U0644,2023-07-02,North,Chicago,38,Premium,user644@email.com,user644,2023-07-02 08:24:00,7.05,6.84,Inactive
S005,P130,Charger,Accessories,U0199,2023-03-30,West,San Francisco,61,Basic,user199@email.com,user199,2023-03-30 18:08:00,28.65,28.14,Active
S003,P116,Cable,Accessories,U0606,2023-01-28,North,Chicago,39,Premium,user606@email.com,user606,2023-01-28 17:28:00,11.95,11.33,Active
S004,P128,Eraser,Stationery,U0708,2023-05-29,North,Chicago,36,Basic,user708@email.com,user708,2023-05-29 17:09:00,1.73,1.75,Inactive
S003,P109,Bookshelf,Furniture,U0935,2023-02-03,South,Phoenix,19,Premium,user935@email.com,user935,2023-02-03 18:38:00,223.28,225.12,Active
S001,P133,Pillow,Furniture,U0662,2023-08-19,North,Chicago,54,Premium,user662@email.com,user662,2023-08-19 10:51:00,33.03,36.23,Active
S004,P103,Desk Chair,Furniture,U0164,2023-11-11,West,Los Angeles,19,Premium,user164@email.com,user164,2023-11-11 08:28:00,293.67,,Inactive
S001,P115,Printer,Electronics,U0401,2023-07-29,East,New York,18,Basic,user401@email.com,user401,2023-07-29 18:12:00,321.62,340.52,Inactive
S004,P102,Mouse,Electronics,U0249,2023-12-01,West,San Francisco,28,Basic,user249@email.com,user249,2023-12-01 11:12:00,20.64,22.43,Inactive
S002,P129,Camera,Electronics,U0165,2023-10-04,West,Los Angeles,31,Premium,user165@email.com,user165,2023-10-04 11:52:00,637.06,579.83,Inactive
S003,P104,Keyboard,Electronics,U0838,2023-11-09,South,Houston,42,Basic,user838@email.com,user838,2023-11-09 15:02:00,71.02,72.73,Inactive
S001,P113,Tablet,Electronics,U0953,2023-04-29,South,Phoenix,31,Basic,user953@email.com,user953,2023-04-29 16:30:00,482.26,500.27,Active
S001,P131,Whiteboard,Stationery,U0044,2023-10-04,West,Los Angeles,21,Basic,user44@email.com,user44,2023-10-04 18:02:00,67.05,73.38,
S002,P121,Pen,Stationery,U0421,2023-02-20,East,New York,51,Premium,user421@email.com,user421,2023-02-20 14:45:00,2.48,2.73,Active
S003,P128,Eraser,Stationery,U0061,2023-11-06,West,Los Angeles,34,Premium,user61@email.com,user61,2023-11-06 17:37:00,1.91,1.75,Active
S005,P116,Cable,Accessories,U0069,2023-07-16,West,Los Angeles,32,Basic,user69@email.com,user69,2023-07-16 19:58:00,9.05,8.63,Active
S005,P140,Iron,Appliances,U0609,2023-02-21,North,Chicago,39,Premium,user609@email.com,user609,2023-02-21 11:06:00,57.14,,Active
S002,P124,Router,Electronics,U0628,2023-10-23,North,Chicago,26,Basic,user628@email.com,user628,2023-10-23 20:42:00,122.63,135.96,Inactive
S001,P110,USB Hub,Electronics,U0214,2023-09-29,West,San Francisco,54,Premium,user214@email.com,user214,2023-09-29 13:46:00,33.73,36.16,Inactive
S003,P110,USB Hub,Electronics,U0320,2023-07-20,West,San Francisco,32,Basic,user320@email.com,,2023-07-20 09:25:00,31.17,31.16,Active
S002,P138,Toaster,Appliances,U0807,2023-12-16,South,Houston,30,Basic,user807@email.com,user807,2023-12-16 12:19:00,40.52,40.08,Inactive
S003,P131,Whiteboard,Stationery,U0570,2023-05-27,East,Boston,50,Premium,user570@email.com,user570,2023-05-27 20:26:00,68.26,70.05,Inactive
S005,P132,Speaker,Electronics,U0258,2023-11-08,West,San Francisco,48,Premium,user258@email.com,user258,2023-11-08 17:38:00,176.83,180.33,Active
S004,P139,Kettle,Appliances,U0077,2023-05-27,West,Los Angeles,32,Basic,user77@email.com,user77,2023-05-27 12:43:00,30.06,32.05,Active
S003,P120,Desk,Furniture,U0928,2023-06-11,South,Phoenix,46,Basic,user928@email.com,user928,2023-06-11 10:39:00,528.19,515.32,
S002,P105,Monitor,Electronics,U0308,2023-12-10,West,San Francisco,58,Premium,user308@email.com,user308,2023-12-10 09:13:00,437.06,443.79,Active
S004,P124,Router,Electronics,U0140,2023-07-07,West,Los Angeles,20,Basic,user140@email.com,user140,2023-07-07 13:35:00,105.12,103.84,Active
S004,P112,Lamp,Furniture,U0330,2023-11-11,West,San Francisco,56,Premium,user330@email.com,user330,2023-11-11 20:07:00,50.41,50.1,Active
S005,P129,Camera,Electronics,U0480,2023-07-08,East,New York,61,Premium,user480@email.com,user480,2023-07-08 09:05:00,634.48,589.23,Active
S001,P110,USB Hub,Electronics,U0918,2023-06-22,South,Phoenix,63,Basic,user918@email.com,,2023-06-22 19:55:00,33.81,31.82,Inactive
S002,P106,Notebook,Stationery,U0432,2023-03-13,East,New York,55,Premium,user432@email.com,user432,2023-03-13 15:34:00,5.56,5.39,Inactive
S004,P139,Kettle,Appliances,U0535,2023-06-13,East,New York,46,Basic,user535@email.com,user535,2023-06-13 10:43:00,36.07,38.92,Inactive
S001,P123,Sofa,Furniture,U0400,2023-12-19,West,San Diego,48,Premium,user400@email.com,user400,2023-12-19 19:41:00,919.49,900.63,Active
S003,P140,Iron,Appliances,U0304,2023-09-09,West,San Francisco,54,Basic,user304@email.com,user304,2023-09-09 16:14:00,54.48,52.31,Inactive
S002,P112,Lamp,Furniture,U0411,2023-12-11,East,New York,36,Premium,,user411,2023-12-11 13:59:00,53.85,51.29,Active
S002,P106,Notebook,Stationery,U0051,2023-07-28,West,Los Angeles,49,Premium,user51@email.com,user51,2023-07-28 15:28:00,5.44,5.29,Inactive
S005,P123,Sofa,Furniture,U0286,2023-01-15,West,San Francisco,61,Premium,,user286,2023-01-15 14:28:00,893.3,895.43,Active
S001,P105,Monitor,Electronics,U0208,2023-07-26,West,San Francisco,50,Basic,user208@email.com,,2023-07-26 15:31:00,455.31,423.36,Inactive
S004,P121,Pen,Stationery,U0435,2023-07-27,East,New York,42,Basic,user435@email.com,user435,2023-07-27 15:08:00,3.14,3.04,Active
S003,P117,Chair,Furniture,U0625,2023-12-16,North,Chicago,35,Premium,user625@email.com,user625,2023-12-16 20:45:00,321.05,,Inactive
S002,P120,Desk,Furniture,U0554,2023-03-07,East,Boston,61,Basic,,user554,2023-03-07 12:36:00,664.53,,Inactive
S003,P101,Laptop,Electronics,U0764,2023-04-25,North,Detroit,50,Basic,user764@email.com,user764,2023-04-25 12:53:00,1151.77,1116.34,
S003,P128,Eraser,Stationery,U0908,2023-10-23,South,Dallas,43,Premium,user908@email.com,user908,2023-10-23 12:56:00,1.68,1.8,Active
S002,P125,Mousepad,Accessories,U0882,2023-01-07,South,Dallas,28,Premium,user882@email.com,user882,2023-01-07 09:02:00,13.33,13.5,Active
S001,P129,Camera,Electronics,U0634,2023-07-24,North,Chicago,56,Premium,user634@email.com,,2023-07-24 15:29:00,708.79,655.04,Inactive
S001,P127,SSD,Electronics,U0847,2023-11-25,South,Houston,45,Basic,user847@email.com,user847,2023-11-25 20:23:00,81.89,84.83,Inactive
S001,P132,Speaker,Electronics,U0651,2023-04-09,North,Chicago,21,Premium,user651@email.com,user651,2023-04-09 10:37:00,209.35,226.3,Inactive
S002,P131,Whiteboard,Stationery,U0170,2023-06-20,West,Los Angeles,37,Premium,user170@email.com,user170,2023-06-20 19:07:00,68.55,73.08,Active
S003,P122,Headset,Electronics,U0773,2023-09-05,North,Detroit,57,Premium,user773@email.com,user773,2023-09-05 09:12:00,169.36,161.55,Active
S003,P115,Printer,Electronics,U0941,2023-10-16,South,Phoenix,41,Basic,user941@email.com,user941,2023-10-16 17:40:00,294.8,282.6,Active
S001,P115,Printer,Electronics,U0163,2023-01-12,West,Los Angeles,37,Basic,user163@email.com,user163,2023-01-12 16:24:00,318.42,315.61,Active
S002,P121,Pen,Stationery,U0863,2023-09-17,South,Dallas,39,Basic,user863@email.com,user863,2023-09-17 18:49:00,3.1,2.96,
S002,P126,Table,Furniture,U0171,2023-10-10,West,Los Angeles,38,Basic,user171@email.com,user171,2023-10-10 13:19:00,436.81,433.89,Inactive
S005,P109,Bookshelf,Furniture,U0890,2023-08-14,South,Dallas,45,Basic,user890@email.com,user890,2023-08-14 09:15:00,208.61,208.59,Inactive
S003,P115,Printer,Electronics,U0711,2023-08-07,North,Chicago,48,Premium,user711@email.com,user711,2023-08-07 12:07:00,309.55,300.89,Inactive
S003,P118,Binder,Stationery,U0236,2023-08-17,West,San Francisco,27,Premium,user236@email.com,user236,2023-08-17 18:18:00,6.36,6.21,Inactive
S002,P121,Pen,Stationery,U0912,2023-07-24,South,Dallas,38,Basic,user912@email.com,user912,2023-07-24 14:38:00,3.44,3.29,Active
S005,P105,Monitor,Electronics,U0372,2023-03-21,West,San Diego,46,Basic,user372@email.com,user372,2023-03-21 15:00:00,441.98,438.33,Inactive
S005,P123,Sofa,Furniture,U0546,2023-09-06,East,New York,47,Basic,user546@email.com,user546,2023-09-06 10:07:00,830.33,795.37,Inactive
S004,P130,Charger,Accessories,U0049,2023-10-31,West,Los Angeles,35,Basic,user49@email.com,user49,2023-10-31 09:17:00,29.47,27.64,Inactive
S004,P112,Lamp,Furniture,U0944,2023-07-14,South,Phoenix,18,Premium,user944@email.com,user944,2023-07-14 11:09:00,41.24,42.87,Inactive
S003,P119,Monitor 4K,Electronics,U0544,2023-11-10,East,New York,34,Basic,user544@email.com,user544,2023-11-10 19:31:00,384.31,411.91,Inactive
S005,P120,Desk,Furniture,U0577,2023-01-03,East,Boston,47,Basic,user577@email.com,user577,2023-01-03 17:36:00,728.89,686.93,Active
S004,P123,Sofa,Furniture,U0465,2023-01-03,East,New York,53,Premium,user465@email.com,user465,2023-01-03 09:39:00,896.3,816.81,Active
S002,P112,Lamp,Furniture,U0616,2023-05-15,North,Chicago,64,Premium,,user616,2023-05-15 10:12:00,43.31,42.84,
S002,P119,Monitor 4K,Electronics,U0539,2023-08-03,East,New York,29,Basic,user539@email.com,user539,2023-08-03 12:15:00,413.79,456.85,Inactive
S004,P140,Iron,Appliances,U0363,2023-05-20,West,San Diego,62,Basic,,user363,2023-05-20 08:34:00,49.15,54.38,Inactive
S002,P113,Tablet,Electronics,U0823,2023-08-11,South,Houston,51,Premium,user823@email.com,user823,2023-08-11 18:06:00,396.23,437.9,Inactive
S005,P130,Charger,Accessories,U0752,2023-08-27,North,Detroit,24,Premium,user752@email.com,user752,2023-08-27 14:49:00,20.83,,Inactive
S002,P135,Monitor Stand,Accessories,U0204,2023-08-06,West,San Francisco,24,Premium,user204@email.com,user204,2023-08-06 15:16:00,56.82,51.66,Active
S005,P104,Keyboard,Electronics,U0018,2023-01-08,West,Los Angeles,23,Premium,user18@email.com,user18,2023-01-08 11:55:00,76.27,76.49,Inactive
S005,P114,Stapler,Stationery,U0228,2023-05-02,West,San Francisco,44,Basic,user228@email.com,,2023-05-02 10:45:00,9.97,9.11,Inactive
S004,P120,Desk,Furniture,U0697,2023-06-10,North,Chicago,23,Premium,user697@email.com,user697,2023-06-10 09:10:00,496.57,523.8,Active
S005,P109,Bookshelf,Furniture,U0146,2023-04-17,West,Los Angeles,53,Basic,user146@email.com,user146,2023-04-17 14:20:00,251.79,252.88,Inactive
S004,P133,Pillow,Furniture,U0200,2023-08-03,West,San Francisco,56,Premium,user200@email.com,user200,2023-08-03 15:40:00,40.27,40.9,Active
S004,P114,Stapler,Stationery,U0524,2023-05-17,East,New York,36,Premium,user524@email.com,user524,2023-05-17 14:15:00,7.57,7.42,Inactive
S003,P120,Desk,Furniture,U0408,2023-08-17,East,New York,36,Premium,user408@email.com,user408,2023-08-17 11:00:00,492.02,531.16,Active
S001,P135,Monitor Stand,Accessories,U0850,2023-09-28,South,Houston,21,Basic,user850@email.com,user850,2023-09-28 13:17:00,57.86,57.63,Inactive
S003,P105,Monitor,Electronics,U0517,2023-02-28,East,New York,39,Premium,user517@email.com,user517,2023-02-28 15:42:00,330.46,342.37,Inactive
S003,P134,Microphone,Electronics,U0891,2023-09-29,South,Dallas,23,Premium,user891@email.com,user891,2023-09-29 12:45:00,160.93,147.76,Inactive
S003,P132,Speaker,Electronics,U0567,2023-06-24,East,Boston,40,Premium,user567@email.com,user567,2023-06-24 10:54:00,218.68,216.21,Inactive
S003,P140,Iron,Appliances,U0447,2023-06-21,East,New York,35,Basic,user447@email.com,user447,2023-06-21 17:25:00,62.24,65.44,Active
S005,P118,Binder,Stationery,U0464,2023-08-19,East,New York,44,Premium,user464@email.com,user464,2023-08-19 08:38:00,6.94,6.79,Inactive
S001,P136,Fan,Appliances,U0315,2023-05-29,West,San Francisco,60,Premium,user315@email.com,user315,2023-05-29 17:31:00,65.19,69.39,Inactive
S004,P111,Webcam,Electronics,U0356,2023-02-22,West,San Diego,24,Premium,user356@email.com,user356,2023-02-22 08:01:00,84.38,84.83,Active
S004,P118,Binder,Stationery,U0795,2023-04-16,South,Houston,28,Premium,user795@email.com,user795,2023-04-16 17:18:00,5.49,5.73,Inactive
S005,P118,Binder,Stationery,U0303,2023-05-16,West,San Francisco,26,Premium,user303@email.com,user303,2023-05-16 13:29:00,5.85,6.15,Active
S001,P106,Notebook,Stationery,U0730,2023-11-06,North,Chicago,27,Premium,user730@email.com,user730,2023-11-06 10:43:00,4.73,4.89,Inactive
S004,P139,Kettle,Appliances,U0564,2023-03-09,East,Boston,36,Basic,user564@email.com,user564,2023-03-09 18:41:00,42.48,39.83,Active
S003,P121,Pen,Stationery,U0124,2023-06-06,West,Los Angeles,46,Basic,user124@email.com,user124,2023-06-06 15:02:00,2.67,2.7,Active
S001,P128,Eraser,Stationery,U0114,2023-04-24,West,Los Angeles,46,Basic,user114@email.com,user114,2023-04-24 14:32:00,2.22,2.26,Inactive
S002,P125,Mousepad,Accessories,U0469,2023-02-07,East,New York,48,Basic,user469@email.com,user469,2023-02-07 11:59:00,12.82,12.99,Active
S005,P136,Fan,Appliances,U0233,2023-05-08,West,San Francisco,24,Basic,user233@email.com,user233,2023-05-08 09:00:00,69.92,66.04,Inactive
S003,P108,Headphones,Electronics,U0097,2023-12-14,West,Los Angeles,61,Basic,user97@email.com,user97,2023-12-14 11:25:00,145.42,151.21,Active
S004,P116,Cable,Accessories,U0130,2023-01-14,West,Los Angeles,41,Basic,user130@email.com,user130,2023-01-14 10:39:00,10.86,9.9,Inactive
S002,P114,Stapler,Stationery,U0557,2023-02-10,East,Boston,65,Basic,,user557,2023-02-10 16:01:00,8.19,8.89,Inactive
S002,P102,Mouse,Electronics,U0961,2023-02-04,South,Phoenix,62,Basic,user961@email.com,user961,2023-02-04 20:28:00,27.64,28.43,Inactive
S003,P110,USB Hub,Electronics,U0658,2023-11-06,North,Chicago,47,Premium,user658@email.com,user658,2023-11-06 18:53:00,33.08,32.42,Inactive
S005,P130,Charger,Accessories,U0437,2023-08-06,East,New York,57,Premium,user437@email.com,user437,2023-08-06 15:24:00,24.29,24.66,Active
S002,P105,Monitor,Electronics,U0958,2023-03-24,South,Phoenix,38,Basic,user958@email.com,user958,2023-03-24 08:49:00,461.4,452.98,Inactive
S004,P113,Tablet,Electronics,U0801,2023-11-24,South,Houston,24,Basic,user801@email.com,user801,2023-11-24 15:56:00,576.47,556.57,Inactive
S004,P119,Monitor 4K,Electronics,U0065,2023-12-24,West,Los Angeles,49,Premium,user65@email.com,user65,2023-12-24 20:15:00,370.02,,Active
S005,P135,Monitor Stand,Accessories,U0827,2023-05-04,South,Houston,51,Basic,user827@email.com,user827,2023-05-04 19:57:00,48.61,53.34,Active
S004,P134,Microphone,Electronics,U0131,2023-07-29,West,Los Angeles,54,Premium,user131@email.com,user131,2023-07-29 09:28:00,111.17,115.39,Active
S001,P126,Table,Furniture,U0782,2023-10-01,South,Houston,51,Premium,user782@email.com,user782,2023-10-01 15:06:00,386.64,428.05,Inactive
S001,P126,Table,Furniture,U0351,2023-12-20,West,San Diego,28,Premium,user351@email.com,user351,2023-12-20 18:06:00,391.36,411.59,Inactive
S004,P117,Chair,Furniture,U0902,2023-05-16,South,Dallas,23,Basic,user902@email.com,user902,2023-05-16 20:41:00,255.87,263.05,Inactive
S003,P116,Cable,Accessories,U0907,2023-07-11,South,Dallas,56,Basic,user907@email.com,user907,2023-07-11 08:59:00,9.75,9.95,Inactive
S004,P129,Camera,Electronics,U0680,2023-05-30,North,Chicago,27,Premium,,user680,2023-05-30 19:41:00,624.6,595.04,Active
S005,P129,Camera,Electronics,U0468,2023-10-24,East,New York,38,Basic,user468@email.com,user468,2023-10-24 13:14:00,612.17,591.26,Active
S004,P108,Headphones,Electronics,U0563,2023-11-15,East,Boston,59,Basic,user563@email.com,user563,2023-11-15 10:18:00,145.79,147.67,Inactive
S001,P130,Charger,Accessories,U0791,2023-02-26,South,Houston,33,Premium,user791@email.com,user791,2023-02-26 08:30:00,26.21,27.96,Active
S004,P127,SSD,Electronics,U0500,2023-02-09,East,New York,25,Premium,user500@email.com,user500,2023-02-09 12:44:00,106.63,107.07,Inactive
S004,P110,USB Hub,Electronics,U0350,2023-01-05,West,San Diego,29,Basic,user350@email.com,user350,2023-01-05 18:33:00,38.47,35.0,Active
S002,P104,Keyboard,Electronics,U0262,2023-01-17,West,San Francisco,47,Premium,user262@email.com,user262,2023-01-17 12:23:00,99.58,95.66,Active
S002,P132,Speaker,Electronics,U0191,2023-11-21,West,San Francisco,37,Premium,user191@email.com,user191,2023-11-21 14:50:00,172.35,185.16,Inactive
S001,P133,Pillow,Furniture,U0818,2023-03-31,South,Houston,59,Premium,user818@email.com,user818,2023-03-31 13:29:00,39.9,38.22,Inactive
S002,P132,Speaker,Electronics,U0346,2023-09-19,West,San Diego,35,Basic,user346@email.com,user346,2023-09-19 08:33:00,186.14,183.33,Inactive
S001,P116,Cable,Accessories,U0527,2023-10-20,East,New York,65,Premium,user527@email.com,user527,2023-10-20 20:59:00,10.73,10.07,Inactive
S005,P134,Microphone,Electronics,U0787,2023-05-04,South,Houston,54,Basic,user787@email.com,user787,2023-05-04 13:49:00,149.27,136.29,Active
S005,P115,Printer,Electronics,U0672,2023-11-04,North,Chicago,22,Basic,user672@email.com,user672,2023-11-04 19:46:00,301.5,288.93,Active
S005,P122,Headset,Electronics,U0287,2023-09-25,West,San Francisco,62,Premium,user287@email.com,user287,2023-09-25 15:22:00,184.36,176.37,Active
S004,P119,Monitor 4K,Electronics,U0763,2023-04-19,North,Detroit,32,Basic,user763@email.com,user763,2023-04-19 15:07:00,393.62,426.5,Inactive
S003,P103,Desk Chair,Furniture,U0121,2023-04-14,West,Los Angeles,20,Premium,user121@email.com,user121,2023-04-14 12:32:00,376.11,390.51,
S004,P138,Toaster,Appliances,U0926,2023-11-22,South,Phoenix,56,Basic,user926@email.com,user926,2023-11-22 16:00:00,45.34,45.56,Inactive
S001,P113,Tablet,Electronics,U0559,2023-04-18,East,Boston,48,Premium,user559@email.com,user559,2023-04-18 18:54:00,515.75,522.46,Inactive
S003,P133,Pillow,Furniture,U0270,2023-03-29,West,San Francisco,60,Premium,user270@email.com,user270,2023-03-29 19:16:00,37.31,37.53,Inactive
S004,P118,Binder,Stationery,U0965,2023-08-20,South,Phoenix,65,Premium,user965@email.com,user965,2023-08-20 18:36:00,5.73,6.27,Inactive
S004,P123,Sofa,Furniture,U0465,2023-01-03,East,New York,53,Premium,user465@email.com,user465,2023-01-03 09:39:00,896.3,816.81,Active
S004,P120,Desk,Furniture,U0220,2023-05-03,West,San Francisco,21,Premium,user220@email.com,user220,2023-05-03 15:39:00,518.63,525.52,Active
S001,P106,Notebook,Stationery,U0463,2023-01-04,East,New York,29,Premium,user463@email.com,user463,2023-01-04 12:26:00,5.41,5.31,Active
S003,P108,Headphones,Electronics,U0416,2023-06-24,East,New York,43,Premium,user416@email.com,user416,2023-06-24 13:59:00,154.85,164.94,Inactive
S005,P132,Speaker,Electronics,U0869,2023-07-30,South,Dallas,61,Premium,user869@email.com,user869,2023-07-30 11:56:00,163.77,171.74,Inactive
S001,P114,Stapler,Stationery,U0644,2023-07-02,North,Chicago,38,Premium,user644@email.com,user644,2023-07-02 08:24:00,7.05,6.84,Inactive
S004,P122,Headset,Electronics,U0193,2023-02-24,West,San Francisco,18,Premium,user193@email.com,user193,2023-02-24 16:35:00,167.33,166.97,Active
S005,P121,Pen,Stationery,U0353,2023-09-07,West,San Diego,65,Basic,user353@email.com,user353,2023-09-07 12:29:00,3.27,3.35,Inactive
S002,P117,Chair,Furniture,U0496,2023-10-25,East,New York,21,Premium,user496@email.com,user496,2023-10-25 10:22:00,279.8,260.12,Inactive
S003,P125,Mousepad,Accessories,U0493,2023-10-11,East,New York,49,Premium,user493@email.com,user493,2023-10-11 17:19:00,15.8,16.45,Active
S001,P136,Fan,Appliances,U0586,2023-11-26,East,Boston,53,Premium,user586@email.com,user586,2023-11-26 17:48:00,69.7,68.08,Active
S003,P124,Router,Electronics,U0012,2023-05-03,West,Los Angeles,21,Premium,user12@email.com,user12,2023-05-03 09:46:00,145.55,133.61,Active
S001,P113,Tablet,Electronics,U0914,2023-04-19,South,Dallas,37,Basic,user914@email.com,user914,2023-04-19 10:27:00,428.75,438.93,Inactive
S005,P125,Mousepad,Accessories,U0407,2023-07-14,East,New York,20,Premium,user407@email.com,user407,2023-07-14 18:55:00,17.08,16.86,Inactive
S003,P116,Cable,Accessories,U0166,2023-03-15,West,Los Angeles,60,Premium,user166@email.com,user166,2023-03-15 16:37:00,9.3,9.74,Inactive
S005,P115,Printer,Electronics,U0244,2023-03-31,West,San Francisco,42,Basic,,user244,2023-03-31 10:46:00,307.87,321.06,Active
S005,P110,USB Hub,Electronics,U0903,2023-10-19,South,Dallas,31,Basic,user903@email.com,user903,2023-10-19 20:18:00,35.47,33.39,Inactive
S002,P115,Printer,Electronics,U0035,2023-03-17,West,Los Angeles,19,Premium,user35@email.com,user35,2023-03-17 20:04:00,275.66,277.04,Inactive
S005,P114,Stapler,Stationery,U0650,2023-01-28,North,Chicago,60,Premium,user650@email.com,user650,2023-01-28 11:38:00,9.06,8.72,Active
S003,P139,Kettle,Appliances,U0894,2023-01-18,South,Dallas,59,Basic,user894@email.com,user894,2023-01-18 19:45:00,35.75,36.49,Inactive
S001,P105,Monitor,Electronics,U0015,2023-06-19,West,Los Angeles,22,Premium,user15@email.com,user15,2023-06-19 16:08:00,372.33,373.42,Inactive
S004,P118,Binder,Stationery,U0187,2023-06-03,West,San Francisco,48,Premium,user187@email.com,user187,2023-06-03 19:40:00,6.26,5.75,Active
S005,P130,Charger,Accessories,U0203,2023-09-11,West,San Francisco,53,Premium,user203@email.com,user203,2023-09-11 16:52:00,24.36,25.55,Inactive
S005,P116,Cable,Accessories,U0814,2023-05-14,South,Houston,57,Basic,user814@email.com,user814,2023-05-14 14:09:00,11.34,11.08,Active
S001,P122,Headset,Electronics,U0050,2023-09-11,West,Los Angeles,38,Premium,user50@email.com,user50,2023-09-11 12:21:00,174.12,179.33,Active
S002,P120,Desk,Furniture,U0648,2023-08-08,North,Chicago,33,Premium,user648@email.com,user648,2023-08-08 12:12:00,507.72,,Inactive
S003,P104,Keyboard,Electronics,U0395,2023-07-18,West,San Diego,19,Basic,user395@email.com,user395,2023-07-18 14:42:00,75.53,78.0,Active
S001,P126,Table,Furniture,U0819,2023-11-27,South,Houston,48,Basic,user819@email.com,user819,2023-11-27 10:36:00,523.29,512.44,Inactive
S005,P116,Cable,Accessories,U0766,2023-07-20,North,Detroit,30,Basic,user766@email.com,user766,2023-07-20 17:27:00,11.65,10.99,Inactive
S004,P101,Laptop,Electronics,U0956,2023-01-29,South,Phoenix,44,Basic,user956@email.com,user956,2023-01-29 15:49:00,1162.29,1252.49,Inactive
S001,P126,Table,Furniture,U0755,2023-06-02,North,Detroit,63,Basic,user755@email.com,user755,2023-06-02 18:57:00,502.6,500.12,Inactive
S003,P139,Kettle,Appliances,U0594,2023-12-15,East,Boston,42,Basic,,user594,2023-12-15 16:18:00,36.38,38.6,Inactive
S003,P129,Camera,Electronics,U0149,2023-09-03,West,Los Angeles,31,Premium,user149@email.com,user149,2023-09-03 16:44:00,681.27,713.95,Active
S005,P102,Mouse,Electronics,U0678,2023-07-20,North,Chicago,39,Basic,user678@email.com,user678,2023-07-20 20:25:00,28.91,26.33,Active
S001,P127,SSD,Electronics,U0384,2023-04-27,West,San Diego,65,Premium,user384@email.com,user384,2023-04-27 08:19:00,101.43,98.82,Active
S005,P120,Desk,Furniture,U0433,2023-12-14,East,New York,37,Basic,,user433,2023-12-14 09:37:00,692.27,639.2,Inactive
S004,P133,Pillow,Furniture,U0336,2023-06-23,West,San Francisco,53,Premium,user336@email.com,user336,2023-06-23 08:51:00,39.27,35.93,Active
S003,P135,Monitor Stand,Accessories,U0135,2023-11-25,West,Los Angeles,37,Basic,user135@email.com,user135,2023-11-25 14:19:00,53.91,50.79,Inactive
S005,P115,Printer,Electronics,U0779,2023-02-03,South,Houston,42,Basic,user779@email.com,user779,2023-02-03 09:35:00,310.85,309.16,Active
S001,P132,Speaker,Electronics,U0274,2023-03-08,West,San Francisco,57,Basic,,user274,2023-03-08 15:24:00,203.99,208.01,Inactive
S005,P116,Cable,Accessories,U0592,2023-11-30,East,Boston,26,Basic,user592@email.com,user592,2023-11-30 18:32:00,10.09,10.2,Active
S001,P120,Desk,Furniture,U0530,2023-11-27,East,New York,56,Premium,user530@email.com,user530,2023-11-27 08:44:00,682.93,661.47,Inactive
S003,P111,Webcam,Electronics,U0533,2023-09-17,East,New York,22,Basic,user533@email.com,user533,2023-09-17 16:47:00,76.58,73.22,Active
S003,P122,Headset,Electronics,U0605,2023-02-02,North,Chicago,58,Premium,user605@email.com,user605,2023-02-02 08:37:00,152.41,154.51,Inactive
S003,P109,Bookshelf,Furniture,U0909,2023-01-28,South,Dallas,23,Basic,user909@email.com,user909,2023-01-28 13:29:00,222.17,239.33,Active
S002,P127,SSD,Electronics,U0474,2023-03-09,East,New York,40,Basic,user474@email.com,user474,2023-03-09 08:30:00,96.3,87.56,Active
S001,P103,Desk Chair,Furniture,U0728,2023-10-06,North,Chicago,36,Premium,user728@email.com,,2023-10-06 10:00:00,374.85,351.21,Inactive
S002,P117,Chair,Furniture,U0337,2023-07-09,West,San Francisco,23,Premium,user337@email.com,user337,2023-07-09 14:39:00,318.8,293.52,Active
S001,P110,USB Hub,Electronics,U0309,2023-08-24,West,San Francisco,63,Basic,user309@email.com,user309,2023-08-24 10:50:00,27.58,30.15,Inactive
S005,P108,Headphones,Electronics,U0892,2023-08-11,South,Dallas,59,Basic,user892@email.com,user892,2023-08-11 15:49:00,145.43,135.51,Active
S001,P132,Speaker,Electronics,U0748,2023-08-21,North,Detroit,38,Premium,user748@email.com,user748,2023-08-21 12:36:00,210.74,226.04,Inactive
S005,P138,Toaster,Appliances,U0190,2023-04-03,West,San Francisco,61,Premium,user190@email.com,user190,2023-04-03 19:13:00,50.73,51.12,Inactive
S004,P108,Headphones,Electronics,U0257,2023-03-18,West,San Francisco,27,Premium,user257@email.com,user257,2023-03-18 09:50:00,171.24,169.12,Inactive
S003,P114,Stapler,Stationery,U0232,2023-03-17,West,San Francisco,23,Premium,user232@email.com,user232,2023-03-17 08:43:00,8.93,9.12,Inactive
S001,P121,Pen,Stationery,U0256,2023-02-14,West,San Francisco,42,Basic,user256@email.com,,2023-02-14 16:29:00,3.27,3.05,Inactive
S004,P120,Desk,Furniture,U0108,2023-03-08,West,Los Angeles,56,Premium,user108@email.com,user108,2023-03-08 20:21:00,551.77,565.72,Active
S002,P125,Mousepad,Accessories,U0630,2023-07-20,North,Chicago,22,Basic,user630@email.com,user630,2023-07-20 17:28:00,12.54,13.6,Active
S004,P126,Table,Furniture,U0290,2023-01-19,West,San Francisco,53,Premium,user290@email.com,user290,2023-01-19 17:40:00,522.83,494.0,Inactive
S003,P107,Pen Set,Stationery,U0084,2023-10-06,West,Los Angeles,59,Basic,user84@email.com,user84,2023-10-06 09:54:00,9.95,10.42,Active
S002,P106,Notebook,Stationery,U0735,2023-07-05,North,Detroit,18,Premium,user735@email.com,user735,2023-07-05 16:30:00,5.19,,Active
S003,P117,Chair,Furniture,U0098,2023-06-17,West,Los Angeles,25,Premium,user98@email.com,user98,2023-06-17 10:24:00,270.97,274.78,Inactive
S001,P106,Notebook,Stationery,U0762,2023-02-15,North,Detroit,59,Premium,user762@email.com,user762,2023-02-15 15:47:00,5.08,5.17,Active
S003,P104,Keyboard,Electronics,U0085,2023-05-05,West,Los Angeles,26,Premium,user85@email.com,user85,2023-05-05 11:37:00,77.92,74.0,Active
S003,P139,Kettle,Appliances,U0676,2023-06-08,North,Chicago,50,Premium,user676@email.com,user676,2023-06-08 17:30:00,34.89,32.62,Active
S003,P130,Charger,Accessories,U0231,2023-07-28,West,San Francisco,25,Basic,user231@email.com,user231,2023-07-28 12:29:00,26.81,28.48,Active
S004,P140,Iron,Appliances,U0147,2023-04-09,West,Los Angeles,33,Basic,user147@email.com,user147,2023-04-09 12:49:00,57.69,61.05,Inactive
S005,P123,Sofa,Furniture,U0825,2023-10-14,South,Houston,26,Premium,user825@email.com,user825,2023-10-14 09:36:00,905.67,883.5,Active
S003,P106,Notebook,Stationery,U0133,2023-04-11,West,Los Angeles,58,Basic,user133@email.com,user133,2023-04-11 16:05:00,4.26,4.44,Inactive
S005,P122,Headset,Electronics,U0528,2023-07-19,East,New York,65,Premium,user528@email.com,user528,2023-07-19 09:11:00,192.04,203.52,Active
S002,P112,Lamp,Furniture,U0225,2023-09-22,West,San Francisco,20,Basic,user225@email.com,user225,2023-09-22 12:49:00,38.91,39.18,
S005,P136,Fan,Appliances,U0129,2023-05-29,West,Los Angeles,37,Premium,user129@email.com,user129,2023-05-29 18:11:00,86.59,79.77,Active
S003,P132,Speaker,Electronics,U0201,2023-03-13,West,San Francisco,29,Basic,user201@email.com,user201,2023-03-13 13:00:00,225.79,220.52,Inactive
S002,P125,Mousepad,Accessories,U0585,2023-07-22,East,Boston,39,Premium,user585@email.com,user585,2023-07-22 19:17:00,18.39,17.06,Inactive
S003,P124,Router,Electronics,U0873,2023-07-31,South,Dallas,31,Premium,user873@email.com,user873,2023-07-31 08:48:00,123.24,135.84,Active
S002,P139,Kettle,Appliances,U0852,2023-08-18,South,Houston,44,Premium,user852@email.com,user852,2023-08-18 10:59:00,38.07,35.73,Active
S002,P134,Microphone,Electronics,U0767,2023-08-12,North,Detroit,32,Premium,user767@email.com,user767,2023-08-12 09:40:00,127.86,138.19,Active
S002,P107,Pen Set,Stationery,U0505,2023-09-16,East,New York,63,Basic,user505@email.com,user505,2023-09-16 15:43:00,11.73,11.52,Active
S002,P126,Table,Furniture,U0490,2023-08-07,East,New York,41,Basic,user490@email.com,user490,2023-08-07 13:19:00,414.19,432.83,Inactive
S004,P105,Monitor,Electronics,U0099,2023-01-22,West,Los Angeles,45,Premium,user99@email.com,user99,2023-01-22 13:36:00,361.81,395.17,Inactive
S004,P136,Fan,Appliances,U0734,2023-10-03,North,Detroit,52,Basic,user734@email.com,user734,2023-10-03 14:05:00,80.6,75.73,Active
S003,P107,Pen Set,Stationery,U0047,2023-12-17,West,Los Angeles,56,Premium,user47@email.com,user47,2023-12-17 08:22:00,13.24,,Active
S003,P135,Monitor Stand,Accessories,U0629,2023-06-16,North,Chicago,55,Premium,user629@email.com,user629,2023-06-16 10:09:00,50.87,56.12,Inactive
S004,P125,Mousepad,Accessories,U0375,2023-09-27,West,San Diego,57,Basic,,user375,2023-09-27 19:04:00,12.25,12.97,Active
S004,P113,Tablet,Electronics,U0949,2023-03-01,South,Phoenix,46,Premium,user949@email.com,user949,2023-03-01 17:13:00,456.68,,Active
S003,P115,Printer,Electronics,U0673,2023-03-01,North,Chicago,36,Premium,user673@email.com,user673,2023-03-01 17:59:00,256.55,265.02,Inactive
S005,P128,Eraser,Stationery,U0331,2023-08-04,West,San Francisco,41,Premium,user331@email.com,user331,2023-08-04 20:30:00,2.09,2.12,Active
S001,P112,Lamp,Furniture,U0420,2023-07-11,East,New York,20,Premium,user420@email.com,user420,2023-07-11 08:51:00,50.01,50.58,Inactive
S001,P119,Monitor 4K,Electronics,U0264,2023-07-17,West,San Francisco,21,Premium,user264@email.com,user264,2023-07-17 11:54:00,490.58,464.58,Active
S001,P118,Binder,Stationery,U0481,2023-12-23,East,New York,27,Basic,user481@email.com,user481,2023-12-23 18:01:00,5.05,5.37,Inactive
S005,P101,Laptop,Electronics,U0932,2023-06-21,South,Phoenix,47,Premium,user932@email.com,user932,2023-06-21 17:41:00,1164.3,1266.01,
S001,P105,Monitor,Electronics,U0319,2023-09-17,West,San Francisco,58,Premium,user319@email.com,,2023-09-17 20:37:00,444.42,437.52,Inactive
S001,P108,Headphones,Electronics,U0001,2023-05-21,West,Los Angeles,33,Premium,user1@email.com,user1,2023-05-21 19:57:00,123.14,,Active
S003,P106,Notebook,Stationery,U0653,2023-07-23,North,Chicago,42,Premium,user653@email.com,user653,2023-07-23 17:47:00,4.88,4.96,Inactive
S005,P129,Camera,Electronics,U0480,2023-07-08,East,New York,61,Premium,user480@email.com,user480,2023-07-08 09:05:00,634.48,589.23,Active
S001,P105,Monitor,Electronics,U0618,2023-03-15,North,Chicago,26,Premium,user618@email.com,user618,2023-03-15 13:20:00,354.16,363.0,Active
S002,P129,Camera,Electronics,U0878,2023-10-23,South,Dallas,19,Basic,user878@email.com,user878,2023-10-23 15:36:00,695.45,702.89,Active
S003,P137,Blender,Appliances,U0138,2023-04-08,West,Los Angeles,28,Basic,,user138,2023-04-08 12:31:00,102.7,103.39,Active
S003,P128,Eraser,Stationery,U0451,2023-05-12,East,New York,28,Premium,user451@email.com,user451,2023-05-12 14:21:00,1.71,1.87,Active
S001,P121,Pen,Stationery,U0550,2023-02-06,East,New York,53,Basic,user550@email.com,user550,2023-02-06 11:49:00,2.5,2.63,Inactive
S003,P129,Camera,Electronics,U0920,2023-06-02,South,Phoenix,58,Premium,user920@email.com,user920,2023-06-02 08:34:00,649.59,668.68,Active
S005,P127,SSD,Electronics,U0877,2023-05-23,South,Dallas,48,Basic,,user877,2023-05-23 11:24:00,107.33,106.62,Active
S002,P137,Blender,Appliances,U0426,2023-02-17,East,New York,62,Basic,user426@email.com,user426,2023-02-17 18:45:00,76.13,79.13,Inactive
S001,P134,Microphone,Electronics,U0476,2023-06-01,East,New York,45,Basic,user476@email.com,user476,2023-06-01 17:50:00,140.82,137.72,Active
S004,P108,Headphones,Electronics,U0488,2023-01-21,East,New York,26,Premium,user488@email.com,user488,2023-01-21 11:28:00,138.58,141.36,Active
S001,P106,Notebook,Stationery,U0116,2023-05-12,West,Los Angeles,31,Premium,user116@email.com,user116,2023-05-12 16:27:00,5.3,5.07,Inactive
S005,P120,Desk,Furniture,U0068,2023-10-24,West,Los Angeles,60,Basic,user68@email.com,user68,2023-10-24 15:22:00,658.63,665.75,Active
S002,P108,Headphones,Electronics,U0009,2023-11-18,West,Los Angeles,28,Basic,user9@email.com,user9,2023-11-18 17:29:00,150.78,154.34,
S001,P102,Mouse,Electronics,U0095,2023-09-29,West,Los Angeles,31,Basic,user95@email.com,user95,2023-09-29 13:19:00,23.62,24.4,Active
S004,P124,Router,Electronics,U0229,2023-02-13,West,San Francisco,55,Premium,user229@email.com,user229,2023-02-13 14:04:00,123.5,120.2,Inactive
S003,P130,Charger,Accessories,U0919,2023-01-26,South,Phoenix,56,Basic,user919@email.com,user919,2023-01-26 12:49:00,22.39,23.14,Active
S004,P131,Whiteboard,Stationery,U0358,2023-10-04,West,San Diego,35,Basic,user358@email.com,user358,2023-10-04 16:11:00,77.63,71.24,Inactive
S002,P127,SSD,Electronics,U0016,2023-02-18,West,Los Angeles,24,Basic,user16@email.com,user16,2023-02-18 19:03:00,89.23,90.85,Inactive
S005,P137,Blender,Appliances,U0103,2023-06-15,West,Los Angeles,58,Basic,user103@email.com,user103,2023-06-15 15:40:00,73.62,,Inactive
S001,P135,Monitor Stand,Accessories,U0004,2023-07-13,West,Los Angeles,23,Basic,user4@email.com,user4,2023-07-13 13:36:00,61.87,60.44,Active
S002,P130,Charger,Accessories,U0174,2023-06-30,West,Los Angeles,28,Premium,user174@email.com,user174,2023-06-30 16:41:00,26.59,26.65,Active
S001,P132,Speaker,Electronics,U0538,2023-04-25,East,New York,63,Premium,user538@email.com,user538,2023-04-25 20:17:00,194.56,181.43,Active
S005,P137,Blender,Appliances,U0740,2023-06-06,North,Detroit,63,Premium,user740@email.com,user740,2023-06-06 09:33:00,81.9,87.94,Active
S003,P139,Kettle,Appliances,U0613,2023-10-24,North,Chicago,54,Basic,user613@email.com,user613,2023-10-24 10:06:00,35.63,,Active
S001,P112,Lamp,Furniture,U0154,2023-06-22,West,Los Angeles,36,Premium,user154@email.com,user154,2023-06-22 14:52:00,43.51,40.62,Active
S004,P132,Speaker,Electronics,U0387,2023-11-30,West,San Diego,54,Premium,user387@email.com,user387,2023-11-30 16:15:00,223.92,203.67,Active
S003,P133,Pillow,Furniture,U0553,2023-08-26,East,Boston,61,Premium,user553@email.com,user553,2023-08-26 15:33:00,43.55,41.77,Inactive
S004,P127,SSD,Electronics,U0048,2023-02-24,West,Los Angeles,45,Basic,user48@email.com,user48,2023-02-24 19:09:00,105.36,98.86,Inactive
S005,P114,Stapler,Stationery,U0418,2023-12-17,East,New York,39,Basic,user418@email.com,user418,2023-12-17 08:21:00,6.47,6.96,Inactive
S003,P139,Kettle,Appliances,U0936,2023-03-23,South,Phoenix,33,Basic,user936@email.com,user936,2023-03-23 19:02:00,34.12,37.33,Inactive
S003,P136,Fan,Appliances,U0148,2023-05-28,West,Los Angeles,25,Basic,user148@email.com,user148,2023-05-28 13:49:00,82.13,83.9,Inactive
S003,P125,Mousepad,Accessories,U0893,2023-04-02,South,Dallas,65,Premium,user893@email.com,user893,2023-04-02 11:00:00,13.25,13.63,Active
S004,P114,Stapler,Stationery,U0753,2023-02-28,North,Detroit,35,Basic,user753@email.com,user753,2023-02-28 15:09:00,6.42,,Inactive
S004,P132,Speaker,Electronics,U0036,2023-05-05,West,Los Angeles,27,Premium,user36@email.com,user36,2023-05-05 09:49:00,239.68,223.56,Active
S004,P137,Blender,Appliances,U0118,2023-04-06,West,Los Angeles,60,Premium,user118@email.com,user118,2023-04-06 16:34:00,88.1,90.63,Inactive
S003,P111,Webcam,Electronics,U0911,2023-02-21,South,Dallas,48,Basic,user911@email.com,user911,2023-02-21 18:24:00,86.03,79.47,Active
S001,P134,Microphone,Electronics,U0963,2023-09-20,South,Phoenix,41,Premium,user963@email.com,user963,2023-09-20 16:55:00,145.7,132.56,Active
S003,P123,Sofa,Furniture,U0340,2023-04-26,West,San Francisco,56,Premium,user340@email.com,user340,2023-04-26 08:16:00,870.73,887.78,Inactive
S003,P107,Pen Set,Stationery,U0027,2023-10-14,West,Los Angeles,44,Premium,user27@email.com,user27,2023-10-14 10:51:00,12.82,,Inactive
S001,P119,Monitor 4K,Electronics,U0803,2023-01-05,South,Houston,49,Premium,user803@email.com,user803,2023-01-05 12:39:00,386.68,415.76,Inactive
S001,P102,Mouse,Electronics,U0030,2023-05-14,West,Los Angeles,29,Basic,user30@email.com,user30,2023-05-14 13:46:00,21.96,21.54,Active
S005,P130,Charger,Accessories,U0329,2023-10-30,West,San Francisco,22,Premium,user329@email.com,user329,2023-10-30 08:12:00,22.32,24.09,Active
S001,P136,Fan,Appliances,U0637,2023-07-08,North,Chicago,22,Premium,user637@email.com,user637,2023-07-08 14:28:00,79.3,,
S002,P131,Whiteboard,Stationery,U0272,2023-09-14,West,San Francisco,25,Basic,user272@email.com,user272,2023-09-14 10:08:00,79.32,80.72,Inactive
S004,P129,Camera,Electronics,U0862,2023-09-10,South,Dallas,34,Premium,user862@email.com,user862,2023-09-10 19:42:00,792.19,721.08,Active
S005,P133,Pillow,Furniture,U0931,2023-09-30,South,Phoenix,43,Premium,user931@email.com,user931,2023-09-30 15:18:00,44.26,44.31,Inactive
S005,P132,Speaker,Electronics,U0383,2023-02-18,West,San Diego,56,Basic,user383@email.com,user383,2023-02-18 14:05:00,182.86,172.24,Inactive
S001,P129,Camera,Electronics,U0641,2023-11-22,North,Chicago,51,Premium,,user641,2023-11-22 08:38:00,604.57,628.67,Inactive
S004,P134,Microphone,Electronics,U0414,2023-09-10,East,New York,29,Premium,,user414,2023-09-10 08:07:00,151.37,138.13,Inactive
S004,P114,Stapler,Stationery,U0314,2023-11-27,West,San Francisco,50,Premium,user314@email.com,user314,2023-11-27 12:12:00,6.79,7.19,Inactive
S001,P123,Sofa,Furniture,U0209,2023-10-01,West,San Francisco,43,Premium,user209@email.com,user209,2023-10-01 15:17:00,1093.07,1026.39,Inactive
S003,P126,Table,Furniture,U0510,2023-09-01,East,New York,60,Basic,user510@email.com,user510,2023-09-01 10:49:00,517.0,515.82,Active
S001,P117,Chair,Furniture,U0031,2023-12-29,West,Los Angeles,45,Premium,user31@email.com,user31,2023-12-29 18:46:00,293.6,276.64,Inactive
S003,P104,Keyboard,Electronics,U0167,2023-11-26,West,Los Angeles,60,Basic,user167@email.com,user167,2023-11-26 14:26:00,88.94,92.29,Active
S002,P123,Sofa,Furniture,U0806,2023-12-14,South,Houston,58,Basic,user806@email.com,user806,2023-12-14 09:57:00,961.18,879.09,Inactive
S001,P117,Chair,Furniture,U0113,2023-11-25,West,Los Angeles,48,Basic,user113@email.com,user113,2023-11-25 16:54:00,257.28,279.5,Active
S005,P109,Bookshelf,Furniture,U0948,2023-06-05,South,Phoenix,21,Premium,user948@email.com,user948,2023-06-05 17:30:00,205.48,202.02,Active
S003,P109,Bookshelf,Furniture,U0901,2023-01-28,South,Dallas,42,Basic,user901@email.com,user901,2023-01-28 13:26:00,184.46,198.75,Inactive
S003,P127,SSD,Electronics,U0374,2023-02-26,West,San Diego,24,Premium,,user374,2023-02-26 10:55:00,89.18,82.0,
S004,P127,SSD,Electronics,U0186,2023-02-13,West,San Francisco,64,Premium,user186@email.com,user186,2023-02-13 14:10:00,90.64,97.05,Inactive
S001,P126,Table,Furniture,U0685,2023-07-21,North,Chicago,53,Basic,user685@email.com,user685,2023-07-21 16:45:00,417.5,391.13,Active
S001,P118,Binder,Stationery,U0830,2023-02-23,South,Houston,20,Basic,user830@email.com,user830,2023-02-23 14:30:00,6.19,6.01,
S004,P116,Cable,Accessories,U0829,2023-02-07,South,Houston,54,Premium,user829@email.com,user829,2023-02-07 14:38:00,8.72,9.54,Active
S003,P120,Desk,Furniture,U0760,2023-09-15,North,Detroit,25,Basic,user760@email.com,user760,2023-09-15 14:22:00,621.28,626.8,Active
S001,P104,Keyboard,Electronics,U0156,2023-08-27,West,Los Angeles,37,Premium,user156@email.com,user156,2023-08-27 19:49:00,82.63,82.59,Active
S001,P126,Table,Furniture,U0685,2023-07-21,North,Chicago,53,Basic,user685@email.com,user685,2023-07-21 16:45:00,417.5,391.13,Active
S005,P139,Kettle,Appliances,U0959,2023-07-12,South,Phoenix,21,Premium,user959@email.com,user959,2023-07-12 16:23:00,29.39,30.34,Active
S005,P122,Headset,Electronics,U0179,2023-02-18,West,Los Angeles,51,Premium,user179@email.com,user179,2023-02-18 19:56:00,178.68,165.41,Inactive
S001,P107,Pen Set,Stationery,U0177,2023-09-26,West,Los Angeles,27,Premium,user177@email.com,user177,2023-09-26 13:17:00,10.95,10.89,Active
S003,P137,Blender,Appliances,U0430,2023-10-06,East,New York,62,Premium,user430@email.com,user430,2023-10-06 19:59:00,83.92,81.17,Inactive
S004,P124,Router,Electronics,U0162,2023-08-18,West,Los Angeles,42,Basic,user162@email.com,user162,2023-08-18 16:08:00,114.63,104.89,Active
S005,P118,Binder,Stationery,U0844,2023-10-10,South,Houston,38,Premium,user844@email.com,user844,2023-10-10 20:17:00,5.6,5.89,Active
S004,P106,Notebook,Stationery,U0425,2023-07-20,East,New York,29,Basic,user425@email.com,user425,2023-07-20 11:45:00,4.98,5.17,Inactive
S002,P109,Bookshelf,Furniture,U0633,2023-06-08,North,Chicago,45,Basic,user633@email.com,user633,2023-06-08 12:37:00,200.45,197.48,Active
S003,P114,Stapler,Stationery,U0381,2023-01-12,West,San Diego,62,Basic,user381@email.com,user381,2023-01-12 17:59:00,9.03,9.01,Inactive
S004,P125,Mousepad,Accessories,U0301,2023-12-17,West,San Francisco,38,Premium,user301@email.com,user301,2023-12-17 17:55:00,12.17,12.81,Inactive
S002,P122,Headset,Electronics,U0677,2023-04-18,North,Chicago,64,Premium,user677@email.com,user677,2023-04-18 20:11:00,173.74,190.82,Active
S003,P132,Speaker,Electronics,U0758,2023-02-28,North,Detroit,61,Basic,user758@email.com,user758,2023-02-28 15:53:00,194.03,185.77,Active
S005,P117,Chair,Furniture,U0888,2023-02-22,South,Dallas,26,Basic,user888@email.com,user888,2023-02-22 17:38:00,275.19,260.99,Inactive
S001,P114,Stapler,Stationery,U0215,2023-02-21,West,San Francisco,26,Premium,user215@email.com,user215,2023-02-21 14:20:00,8.02,8.21,Inactive
S001,P139,Kettle,Appliances,U0822,2023-03-31,South,Houston,38,Premium,user822@email.com,user822,2023-03-31 18:36:00,36.18,37.09,Active
S003,P133,Pillow,Furniture,U0611,2023-06-09,North,Chicago,55,Premium,user611@email.com,,2023-06-09 13:18:00,34.4,35.77,Active
S001,P121,Pen,Stationery,U0063,2023-03-24,West,Los Angeles,39,Basic,user63@email.com,,2023-03-24 14:52:00,3.04,3.17,Active
S004,P135,Monitor Stand,Accessories,U0040,2023-08-01,West,Los Angeles,21,Premium,user40@email.com,,2023-08-01 20:37:00,59.15,60.49,Inactive
S005,P111,Webcam,Electronics,U0781,2023-06-17,South,Houston,55,Basic,user781@email.com,user781,2023-06-17 08:41:00,62.46,,Active
S004,P127,SSD,Electronics,U0482,2023-11-27,East,New York,19,Basic,user482@email.com,user482,2023-11-27 20:14:00,77.91,86.14,Inactive
S002,P104,Keyboard,Electronics,U0712,2023-01-21,North,Chicago,18,Premium,user712@email.com,user712,2023-01-21 12:30:00,85.91,89.09,Inactive
S004,P139,Kettle,Appliances,U0144,2023-05-16,West,Los Angeles,59,Premium,user144@email.com,user144,2023-05-16 10:33:00,37.94,37.32,Active
S005,P130,Charger,Accessories,U0160,2023-01-30,West,Los Angeles,53,Basic,user160@email.com,,2023-01-30 08:25:00,25.29,26.3,Inactive
S003,P129,Camera,Electronics,U0532,2023-11-26,East,New York,44,Premium,user532@email.com,user532,2023-11-26 20:31:00,555.05,605.94,Active
S004,P109,Bookshelf,Furniture,U0132,2023-09-15,West,Los Angeles,21,Premium,user132@email.com,user132,2023-09-15 10:20:00,212.52,221.19,Inactive
S005,P108,Headphones,Electronics,U0010,2023-05-17,West,Los Angeles,59,Basic,user10@email.com,user10,2023-05-17 15:00:00,130.79,132.52,Active
S004,P110,USB Hub,Electronics,U0579,2023-07-30,East,Boston,23,Premium,user579@email.com,user579,2023-07-30 15:13:00,32.76,30.4,Inactive
S001,P104,Keyboard,Electronics,U0182,2023-08-12,West,San Francisco,32,Premium,user182@email.com,user182,2023-08-12 17:25:00,85.29,80.94,Inactive
S004,P108,Headphones,Electronics,U0255,2023-03-30,West,San Francisco,28,Premium,user255@email.com,user255,2023-03-30 14:05:00,151.63,163.88,Inactive
S003,P129,Camera,Electronics,U0868,2023-05-07,South,Dallas,60,Basic,user868@email.com,user868,2023-05-07 13:42:00,571.02,575.08,Inactive
S005,P103,Desk Chair,Furniture,U0145,2023-12-25,West,Los Angeles,25,Premium,user145@email.com,user145,2023-12-25 10:26:00,288.33,299.49,Active
S003,P107,Pen Set,Stationery,U0047,2023-12-17,West,Los Angeles,56,Premium,user47@email.com,user47,2023-12-17 08:22:00,13.24,,Active